{"type":"FeatureCollection","features":[{"type":"Feature","geometry":{"type":"Point","coordinates":[19.392099,50.128225]},"properties":{"name":"Chrzanów Fablok","band":0,"modes":"bus","arr":["3","30"],"off":[0,-0.8]}},{"type":"Feature","geometry":{"type":"Point","coordinates":[19.392099,50.128225]},"properties":{"line":"3","mode":"bus","color":"#0059a9","colorDark":"#00294f","band":0,"off":[-1.7,1.1]}},{"type":"Feature","geometry":{"type":"Point","coordinates":[19.392099,50.128225]},"properties":{"line":"30","mode":"bus","color":"#0059a9","colorDark":"#00294f","band":0,"off":[1.7,1.1]}},{"type":"Feature","geometry":{"type":"Point","coordinates":[19.412938,50.142979]},"properties":{"name":"Chrzanów Trzebińska","band":0,"modes":"bus","arr":["3","8","9","10","15","17a","17b","25","29","30","31","31B","32a","32b","33","35","38","41","P"],"off":[0,-0.8],"sc":0.87}},{"type":"Feature","geometry":{"type":"Point","coordinates":[19.412938,50.142979]},"properties":{"name":"Chrzanów Dworzec Autobusowy","band":0,"modes":"bus","arr":["3","8","9","10","15","17a","17b","25","29","30","31","31B","32a","32b","33","35","38","41","P"],"off":[0,-3],"sc":0.87}},{"type":"Feature","geometry":{"type":"Point","coordinates":[19.412938,50.142979]},"properties":{"line":"3","mode":"bus","color":"#0059a9","colorDark":"#00294f","band":0,"sc":0.87,"off":[-6.8,1.1]}},{"type":"Feature","geometry":{"type":"Point","coordinates":[19.412938,50.142979]},"properties":{"line":"8","mode":"bus","color":"#0059a9","colorDark":"#00294f","band":0,"sc":0.87,"off":[-3.4,1.1]}},{"type":"Feature","geometry":{"type":"Point","coordinates":[19.412938,50.142979]},"properties":{"line":"9","mode":"bus","color":"#0059a9","colorDark":"#00294f","band":0,"sc":0.87,"off":[0,1.1]}},{"type":"Feature","geometry":{"type":"Point","coordinates":[19.412938,50.142979]},"properties":{"line":"10","mode":"bus","color":"#0059a9","colorDark":"#00294f","band":0,"sc":0.87,"off":[3.4,1.1]}},{"type":"Feature","geometry":{"type":"Point","coordinates":[19.412938,50.142979]},"properties":{"line":"15","mode":"bus","color":"#0059a9","colorDark":"#00294f","band":0,"sc":0.87,"off":[6.8,1.1]}},{"type":"Feature","geometry":{"type":"Point","coordinates":[19.412938,50.142979]},"properties":{"line":"17a","mode":"bus","color":"#0059a9","colorDark":"#00294f","band":0,"sc":0.87,"off":[-6.8,3.1]}},{"type":"Feature","geometry":{"type":"Point","coordinates":[19.412938,50.142979]},"properties":{"line":"17b","mode":"bus","color":"#0059a9","colorDark":"#00294f","band":0,"sc":0.87,"off":[-3.4,3.1]}},{"type":"Feature","geometry":{"type":"Point","coordinates":[19.412938,50.142979]},"properties":{"line":"25","mode":"bus","color":"#0059a9","colorDark":"#00294f","band":0,"sc":0.87,"off":[0,3.1]}},{"type":"Feature","geometry":{"type":"Point","coordinates":[19.412938,50.142979]},"properties":{"line":"29","mode":"bus","color":"#0059a9","colorDark":"#00294f","band":0,"sc":0.87,"off":[3.4,3.1]}},{"type":"Feature","geometry":{"type":"Point","coordinates":[19.412938,50.142979]},"properties":{"line":"30","mode":"bus","color":"#0059a9","colorDark":"#00294f","band":0,"sc":0.87,"off":[6.8,3.1]}},{"type":"Feature","geometry":{"type":"Point","coordinates":[19.412938,50.142979]},"properties":{"line":"31","mode":"bus","color":"#0059a9","colorDark":"#00294f","band":0,"sc":0.87,"off":[-6.8,5.1]}},{"type":"Feature","geometry":{"type":"Point","coordinates":[19.412938,50.142979]},"properties":{"line":"31B","mode":"bus","color":"#0059a9","colorDark":"#00294f","band":0,"sc":0.87,"off":[-3.4,5.1]}},{"type":"Feature","geometry":{"type":"Point","coordinates":[19.412938,50.142979]},"properties":{"line":"32a","mode":"bus","color":"#0059a9","colorDark":"#00294f","band":0,"sc":0.87,"off":[0,5.1]}},{"type":"Feature","geometry":{"type":"Point","coordinates":[19.412938,50.142979]},"properties":{"line":"32b","mode":"bus","color":"#0059a9","colorDark":"#00294f","band":0,"sc":0.87,"off":[3.4,5.1]}},{"type":"Feature","geometry":{"type":"Point","coordinates":[19.412938,50.142979]},"properties":{"line":"33","mode":"bus","color":"#0059a9","colorDark":"#00294f","band":0,"sc":0.87,"off":[6.8,5.1]}},{"type":"Feature","geometry":{"type":"Point","coordinates":[19.412938,50.142979]},"properties":{"line":"35","mode":"bus","color":"#0059a9","colorDark":"#00294f","band":0,"sc":0.87,"off":[-5.1,7.1]}},{"type":"Feature","geometry":{"type":"Point","coordinates":[19.412938,50.142979]},"properties":{"line":"38","mode":"bus","color":"#0059a9","colorDark":"#00294f","band":0,"sc":0.87,"off":[-1.7,7.1]}},{"type":"Feature","geometry":{"type":"Point","coordinates":[19.412938,50.142979]},"properties":{"line":"41","mode":"bus","color":"#0059a9","colorDark":"#00294f","band":0,"sc":0.87,"off":[1.7,7.1]}},{"type":"Feature","geometry":{"type":"Point","coordinates":[19.412938,50.142979]},"properties":{"line":"P","mode":"bus","color":"#0059a9","colorDark":"#00294f","band":0,"sc":0.87,"off":[5.1,7.1]}},{"type":"Feature","geometry":{"type":"Point","coordinates":[19.329254,50.096216]},"properties":{"name":"Libiąż Kopalnia Janina","band":0,"modes":"bus","arr":["15","A","B"],"off":[0,-0.8]}},{"type":"Feature","geometry":{"type":"Point","coordinates":[19.329254,50.096216]},"properties":{"line":"15","mode":"bus","color":"#0059a9","colorDark":"#00294f","band":0,"off":[-3.4,1.1]}},{"type":"Feature","geometry":{"type":"Point","coordinates":[19.329254,50.096216]},"properties":{"line":"A","mode":"bus","color":"#0059a9","colorDark":"#00294f","band":0,"off":[0,1.1]}},{"type":"Feature","geometry":{"type":"Point","coordinates":[19.329254,50.096216]},"properties":{"line":"B","mode":"bus","color":"#0059a9","colorDark":"#00294f","band":0,"off":[3.4,1.1]}},{"type":"Feature","geometry":{"type":"Point","coordinates":[19.330005,50.106421]},"properties":{"name":"Libiąż Dworzec Autobusowy","band":0,"modes":"bus","arr":["8","15","38"],"off":[0,-0.8]}},{"type":"Feature","geometry":{"type":"Point","coordinates":[19.330005,50.106421]},"properties":{"line":"8","mode":"bus","color":"#0059a9","colorDark":"#00294f","band":0,"off":[-3.4,1.1]}},{"type":"Feature","geometry":{"type":"Point","coordinates":[19.330005,50.106421]},"properties":{"line":"15","mode":"bus","color":"#0059a9","colorDark":"#00294f","band":0,"off":[0,1.1]}},{"type":"Feature","geometry":{"type":"Point","coordinates":[19.330005,50.106421]},"properties":{"line":"38","mode":"bus","color":"#0059a9","colorDark":"#00294f","band":0,"off":[3.4,1.1]}},{"type":"Feature","geometry":{"type":"Point","coordinates":[19.243216,50.108998]},"properties":{"name":"Chełmek Młyny","band":0,"modes":"bus","arr":["8","25"],"off":[0,-0.8]}},{"type":"Feature","geometry":{"type":"Point","coordinates":[19.243216,50.108998]},"properties":{"line":"8","mode":"bus","color":"#0059a9","colorDark":"#00294f","band":0,"off":[-1.7,1.1]}},{"type":"Feature","geometry":{"type":"Point","coordinates":[19.243216,50.108998]},"properties":{"line":"25","mode":"bus","color":"#0059a9","colorDark":"#00294f","band":0,"off":[1.7,1.1]}},{"type":"Feature","geometry":{"type":"Point","coordinates":[19.237893,50.097626]},"properties":{"name":"Chełmek Chrobrego Szkoła","band":0,"modes":"bus","arr":["8"],"off":[0,-0.8]}},{"type":"Feature","geometry":{"type":"Point","coordinates":[19.237893,50.097626]},"properties":{"line":"8","mode":"bus","color":"#0059a9","colorDark":"#00294f","band":0,"off":[0,1.1]}},{"type":"Feature","geometry":{"type":"Point","coordinates":[19.467481,50.210231]},"properties":{"name":"Czyżówka Pętla","band":0,"modes":"bus","arr":["9","42"],"off":[0,-0.8]}},{"type":"Feature","geometry":{"type":"Point","coordinates":[19.467481,50.210231]},"properties":{"line":"9","mode":"bus","color":"#0059a9","colorDark":"#00294f","band":0,"off":[-1.7,1.1]}},{"type":"Feature","geometry":{"type":"Point","coordinates":[19.467481,50.210231]},"properties":{"line":"42","mode":"bus","color":"#0059a9","colorDark":"#00294f","band":0,"off":[1.7,1.1]}},{"type":"Feature","geometry":{"type":"Point","coordinates":[19.453679,50.200146]},"properties":{"name":"Trzebinia Os.Energetyków","band":0,"modes":"bus","arr":["9"],"off":[0,-0.8]}},{"type":"Feature","geometry":{"type":"Point","coordinates":[19.453679,50.200146]},"properties":{"line":"9","mode":"bus","color":"#0059a9","colorDark":"#00294f","band":0,"off":[0,1.1]}},{"type":"Feature","geometry":{"type":"Point","coordinates":[19.425454,50.197253]},"properties":{"name":"Trzebinia Siersza Liceum","band":0,"modes":"bus","arr":["10"],"off":[0,-0.8]}},{"type":"Feature","geometry":{"type":"Point","coordinates":[19.425454,50.197253]},"properties":{"line":"10","mode":"bus","color":"#0059a9","colorDark":"#00294f","band":0,"off":[0,1.1]}},{"type":"Feature","geometry":{"type":"Point","coordinates":[19.453812,50.185159]},"properties":{"name":"Trzebinia KWK Siersza","band":0,"modes":"bus","arr":["10"],"off":[0,-0.8]}},{"type":"Feature","geometry":{"type":"Point","coordinates":[19.453812,50.185159]},"properties":{"line":"10","mode":"bus","color":"#0059a9","colorDark":"#00294f","band":0,"off":[0,1.1]}},{"type":"Feature","geometry":{"type":"Point","coordinates":[19.466294,50.159427]},"properties":{"name":"Trzebinia Mały Rynek Kościuszki","band":0,"modes":"bus","arr":["10","41","42"],"off":[0,-0.8]}},{"type":"Feature","geometry":{"type":"Point","coordinates":[19.466294,50.159427]},"properties":{"name":"Trzebinia Mały Rynek","band":0,"modes":"bus","arr":["10","41","42"],"off":[0,-3]}},{"type":"Feature","geometry":{"type":"Point","coordinates":[19.466294,50.159427]},"properties":{"line":"10","mode":"bus","color":"#0059a9","colorDark":"#00294f","band":0,"off":[-3.4,1.1]}},{"type":"Feature","geometry":{"type":"Point","coordinates":[19.466294,50.159427]},"properties":{"line":"41","mode":"bus","color":"#0059a9","colorDark":"#00294f","band":0,"off":[0,1.1]}},{"type":"Feature","geometry":{"type":"Point","coordinates":[19.466294,50.159427]},"properties":{"line":"42","mode":"bus","color":"#0059a9","colorDark":"#00294f","band":0,"off":[3.4,1.1]}},{"type":"Feature","geometry":{"type":"Point","coordinates":[19.454056,50.155141]},"properties":{"name":"Trzebinia PKP","band":0,"modes":"bus","arr":["9","10","41","La","Lb","Lc","N"],"off":[0,-0.8]}},{"type":"Feature","geometry":{"type":"Point","coordinates":[19.454056,50.155141]},"properties":{"line":"9","mode":"bus","color":"#0059a9","colorDark":"#00294f","band":0,"off":[-6.8,1.1]}},{"type":"Feature","geometry":{"type":"Point","coordinates":[19.454056,50.155141]},"properties":{"line":"10","mode":"bus","color":"#0059a9","colorDark":"#00294f","band":0,"off":[-3.4,1.1]}},{"type":"Feature","geometry":{"type":"Point","coordinates":[19.454056,50.155141]},"properties":{"line":"41","mode":"bus","color":"#0059a9","colorDark":"#00294f","band":0,"off":[0,1.1]}},{"type":"Feature","geometry":{"type":"Point","coordinates":[19.454056,50.155141]},"properties":{"line":"La","mode":"bus","color":"#0059a9","colorDark":"#00294f","band":0,"off":[3.4,1.1]}},{"type":"Feature","geometry":{"type":"Point","coordinates":[19.454056,50.155141]},"properties":{"line":"Lb","mode":"bus","color":"#0059a9","colorDark":"#00294f","band":0,"off":[6.8,1.1]}},{"type":"Feature","geometry":{"type":"Point","coordinates":[19.454056,50.155141]},"properties":{"line":"Lc","mode":"bus","color":"#0059a9","colorDark":"#00294f","band":0,"off":[-1.7,3.1]}},{"type":"Feature","geometry":{"type":"Point","coordinates":[19.454056,50.155141]},"properties":{"line":"N","mode":"bus","color":"#000000","colorDark":"#000000","band":0,"off":[1.7,3.1]}},{"type":"Feature","geometry":{"type":"Point","coordinates":[19.462663,50.204972]},"properties":{"name":"Trzebinia Elektrownia Siersza","band":0,"modes":"bus","arr":["9"],"off":[0,-0.8]}},{"type":"Feature","geometry":{"type":"Point","coordinates":[19.462663,50.204972]},"properties":{"line":"9","mode":"bus","color":"#0059a9","colorDark":"#00294f","band":0,"off":[0,1.1]}},{"type":"Feature","geometry":{"type":"Point","coordinates":[19.473097,50.166388]},"properties":{"name":"Trzebinia Piłsudskiego Kościół","band":0,"modes":"bus","arr":["N"],"off":[0,-0.8]}},{"type":"Feature","geometry":{"type":"Point","coordinates":[19.473097,50.166388]},"properties":{"line":"N","mode":"bus","color":"#000000","colorDark":"#000000","band":0,"off":[0,1.1]}},{"type":"Feature","geometry":{"type":"Point","coordinates":[19.491327,50.1503]},"properties":{"name":"Młoszowa Florkiewicza","band":0,"modes":"bus","arr":["10","15"],"off":[0,-0.8]}},{"type":"Feature","geometry":{"type":"Point","coordinates":[19.491327,50.1503]},"properties":{"line":"10","mode":"bus","color":"#0059a9","colorDark":"#00294f","band":0,"off":[-1.7,1.1]}},{"type":"Feature","geometry":{"type":"Point","coordinates":[19.491327,50.1503]},"properties":{"line":"15","mode":"bus","color":"#0059a9","colorDark":"#00294f","band":0,"off":[1.7,1.1]}},{"type":"Feature","geometry":{"type":"Point","coordinates":[19.473132,50.172723]},"properties":{"name":"Trzebinia Zbyszek","band":0,"modes":"bus","arr":["15","41"],"off":[0,-0.8]}},{"type":"Feature","geometry":{"type":"Point","coordinates":[19.473132,50.172723]},"properties":{"line":"15","mode":"bus","color":"#0059a9","colorDark":"#00294f","band":0,"off":[-1.7,1.1]}},{"type":"Feature","geometry":{"type":"Point","coordinates":[19.473132,50.172723]},"properties":{"line":"41","mode":"bus","color":"#0059a9","colorDark":"#00294f","band":0,"off":[1.7,1.1]}},{"type":"Feature","geometry":{"type":"Point","coordinates":[19.272845,50.051761]},"properties":{"name":"Gromiec Granica","band":0,"modes":"bus","arr":["15"],"off":[0,-0.8]}},{"type":"Feature","geometry":{"type":"Point","coordinates":[19.272845,50.051761]},"properties":{"line":"15","mode":"bus","color":"#0059a9","colorDark":"#00294f","band":0,"off":[0,1.1]}},{"type":"Feature","geometry":{"type":"Point","coordinates":[19.531502,50.172033]},"properties":{"name":"Psary Centrum","band":0,"modes":"bus","arr":["15","41"],"off":[0,-0.8]}},{"type":"Feature","geometry":{"type":"Point","coordinates":[19.531502,50.172033]},"properties":{"line":"15","mode":"bus","color":"#0059a9","colorDark":"#00294f","band":0,"off":[-1.7,1.1]}},{"type":"Feature","geometry":{"type":"Point","coordinates":[19.531502,50.172033]},"properties":{"line":"41","mode":"bus","color":"#0059a9","colorDark":"#00294f","band":0,"off":[1.7,1.1]}},{"type":"Feature","geometry":{"type":"Point","coordinates":[19.302157,50.095969]},"properties":{"name":"Libiąż Oświęcimska Cmentarz","band":0,"modes":"bus","arr":["15"],"off":[0,-0.8]}},{"type":"Feature","geometry":{"type":"Point","coordinates":[19.302157,50.095969]},"properties":{"line":"15","mode":"bus","color":"#0059a9","colorDark":"#00294f","band":0,"off":[0,1.1]}},{"type":"Feature","geometry":{"type":"Point","coordinates":[19.497888,50.165502]},"properties":{"name":"Młoszowa Wzgórze II","band":0,"modes":"bus","arr":["15"],"off":[0,-0.8]}},{"type":"Feature","geometry":{"type":"Point","coordinates":[19.497888,50.165502]},"properties":{"line":"15","mode":"bus","color":"#0059a9","colorDark":"#00294f","band":0,"off":[0,1.1]}},{"type":"Feature","geometry":{"type":"Point","coordinates":[19.297173,50.081565]},"properties":{"name":"Libiąż Budzowy Sklep","band":0,"modes":"bus","arr":["15"],"off":[0,-0.8]}},{"type":"Feature","geometry":{"type":"Point","coordinates":[19.297173,50.081565]},"properties":{"line":"15","mode":"bus","color":"#0059a9","colorDark":"#00294f","band":0,"off":[0,1.1]}},{"type":"Feature","geometry":{"type":"Point","coordinates":[19.479895,50.184492]},"properties":{"name":"Myślachowice Centrum","band":0,"modes":"bus","arr":["41"],"off":[0,-0.8]}},{"type":"Feature","geometry":{"type":"Point","coordinates":[19.479895,50.184492]},"properties":{"line":"41","mode":"bus","color":"#0059a9","colorDark":"#00294f","band":0,"off":[0,1.1]}},{"type":"Feature","geometry":{"type":"Point","coordinates":[19.436514,50.075992]},"properties":{"name":"Wygiełzów","band":0,"modes":"bus","arr":["17a","32a"],"off":[0,-0.8]}},{"type":"Feature","geometry":{"type":"Point","coordinates":[19.436514,50.075992]},"properties":{"line":"17a","mode":"bus","color":"#0059a9","colorDark":"#00294f","band":0,"off":[-1.7,1.1]}},{"type":"Feature","geometry":{"type":"Point","coordinates":[19.436514,50.075992]},"properties":{"line":"32a","mode":"bus","color":"#0059a9","colorDark":"#00294f","band":0,"off":[1.7,1.1]}},{"type":"Feature","geometry":{"type":"Point","coordinates":[19.441149,50.081882]},"properties":{"name":"Płaza Dolna I. (Pętla)","band":0,"modes":"bus","arr":["17a","32a","42"],"off":[0,-0.8]}},{"type":"Feature","geometry":{"type":"Point","coordinates":[19.441149,50.081882]},"properties":{"line":"17a","mode":"bus","color":"#0059a9","colorDark":"#00294f","band":0,"off":[-3.4,1.1]}},{"type":"Feature","geometry":{"type":"Point","coordinates":[19.441149,50.081882]},"properties":{"line":"32a","mode":"bus","color":"#0059a9","colorDark":"#00294f","band":0,"off":[0,1.1]}},{"type":"Feature","geometry":{"type":"Point","coordinates":[19.441149,50.081882]},"properties":{"line":"42","mode":"bus","color":"#0059a9","colorDark":"#00294f","band":0,"off":[3.4,1.1]}},{"type":"Feature","geometry":{"type":"Point","coordinates":[19.462357,50.099548]},"properties":{"name":"Płaza Górna Kościół","band":0,"modes":"bus","arr":["42","P"],"off":[0,-0.8]}},{"type":"Feature","geometry":{"type":"Point","coordinates":[19.462357,50.099548]},"properties":{"name":"Płaza Cmentarz","band":0,"modes":"bus","arr":["42","P"],"off":[0,-3]}},{"type":"Feature","geometry":{"type":"Point","coordinates":[19.462357,50.099548]},"properties":{"line":"42","mode":"bus","color":"#0059a9","colorDark":"#00294f","band":0,"off":[-1.7,1.1]}},{"type":"Feature","geometry":{"type":"Point","coordinates":[19.462357,50.099548]},"properties":{"line":"P","mode":"bus","color":"#0059a9","colorDark":"#00294f","band":0,"off":[1.7,1.1]}},{"type":"Feature","geometry":{"type":"Point","coordinates":[19.42715,50.137775]},"properties":{"name":"Chrzanów Szpital","band":0,"modes":"bus","arr":["31"],"off":[0,-0.8]}},{"type":"Feature","geometry":{"type":"Point","coordinates":[19.42715,50.137775]},"properties":{"line":"31","mode":"bus","color":"#0059a9","colorDark":"#00294f","band":0,"off":[0,1.1]}},{"type":"Feature","geometry":{"type":"Point","coordinates":[19.372308,50.113373]},"properties":{"name":"Chrzanów Oczyszczalnia","band":0,"modes":"bus","arr":["25"],"off":[0,-0.8]}},{"type":"Feature","geometry":{"type":"Point","coordinates":[19.372308,50.113373]},"properties":{"line":"25","mode":"bus","color":"#0059a9","colorDark":"#00294f","band":0,"off":[0,1.1]}},{"type":"Feature","geometry":{"type":"Point","coordinates":[19.277053,50.11184]},"properties":{"name":"Libiąż Kosówki Paprocia II","band":0,"modes":"bus","arr":["25"],"off":[0,-0.8]}},{"type":"Feature","geometry":{"type":"Point","coordinates":[19.277053,50.11184]},"properties":{"line":"25","mode":"bus","color":"#0059a9","colorDark":"#00294f","band":0,"off":[0,1.1]}},{"type":"Feature","geometry":{"type":"Point","coordinates":[19.378076,50.183832]},"properties":{"name":"Okradziejówka Pętla","band":0,"modes":"bus","arr":["29"],"off":[0,-0.8]}},{"type":"Feature","geometry":{"type":"Point","coordinates":[19.378076,50.183832]},"properties":{"line":"29","mode":"bus","color":"#0059a9","colorDark":"#00294f","band":0,"off":[0,1.1]}},{"type":"Feature","geometry":{"type":"Point","coordinates":[19.4026,50.127096]},"properties":{"name":"Chrzanów Os.Młodości Witosa","band":0,"modes":"bus","arr":["30"],"off":[0,-0.8]}},{"type":"Feature","geometry":{"type":"Point","coordinates":[19.4026,50.127096]},"properties":{"line":"30","mode":"bus","color":"#0059a9","colorDark":"#00294f","band":0,"off":[0,1.1]}},{"type":"Feature","geometry":{"type":"Point","coordinates":[19.409734,50.115914]},"properties":{"name":"Chrzanów Stella Pętla","band":0,"modes":"bus","arr":["35"],"off":[0,-0.8]}},{"type":"Feature","geometry":{"type":"Point","coordinates":[19.409734,50.115914]},"properties":{"line":"35","mode":"bus","color":"#0059a9","colorDark":"#00294f","band":0,"off":[0,1.1]}},{"type":"Feature","geometry":{"type":"Point","coordinates":[19.514157,50.174546]},"properties":{"name":"Psary Ostra Góra","band":0,"modes":"bus","arr":["41"],"off":[0,-0.8]}},{"type":"Feature","geometry":{"type":"Point","coordinates":[19.514157,50.174546]},"properties":{"line":"41","mode":"bus","color":"#0059a9","colorDark":"#00294f","band":0,"off":[0,1.1]}},{"type":"Feature","geometry":{"type":"Point","coordinates":[19.510993,50.203465]},"properties":{"name":"Płoki Centrum","band":0,"modes":"bus","arr":["41","42","Lc"],"off":[0,-0.8]}},{"type":"Feature","geometry":{"type":"Point","coordinates":[19.510993,50.203465]},"properties":{"line":"41","mode":"bus","color":"#0059a9","colorDark":"#00294f","band":0,"off":[-3.4,1.1]}},{"type":"Feature","geometry":{"type":"Point","coordinates":[19.510993,50.203465]},"properties":{"line":"42","mode":"bus","color":"#0059a9","colorDark":"#00294f","band":0,"off":[0,1.1]}},{"type":"Feature","geometry":{"type":"Point","coordinates":[19.510993,50.203465]},"properties":{"line":"Lc","mode":"bus","color":"#0059a9","colorDark":"#00294f","band":0,"off":[3.4,1.1]}},{"type":"Feature","geometry":{"type":"Point","coordinates":[19.496252,50.1104]},"properties":{"name":"Bolęcin Stawki","band":0,"modes":"bus","arr":["42"],"off":[0,-0.8]}},{"type":"Feature","geometry":{"type":"Point","coordinates":[19.496252,50.1104]},"properties":{"line":"42","mode":"bus","color":"#0059a9","colorDark":"#00294f","band":0,"off":[0,1.1]}},{"type":"Feature","geometry":{"type":"Point","coordinates":[19.478453,50.113971]},"properties":{"name":"Bolęcin Szkoła","band":0,"modes":"bus","arr":["P"],"off":[0,-0.8]}},{"type":"Feature","geometry":{"type":"Point","coordinates":[19.478453,50.113971]},"properties":{"line":"P","mode":"bus","color":"#0059a9","colorDark":"#00294f","band":0,"off":[0,1.1]}},{"type":"Feature","geometry":{"type":"Point","coordinates":[19.327582,50.112479]},"properties":{"name":"Libiąż PKP","band":0,"modes":"bus","arr":["B"],"off":[0,-0.8]}},{"type":"Feature","geometry":{"type":"Point","coordinates":[19.327582,50.112479]},"properties":{"line":"B","mode":"bus","color":"#0059a9","colorDark":"#00294f","band":0,"off":[0,1.1]}},{"type":"Feature","geometry":{"type":"Point","coordinates":[19.387631,50.049442]},"properties":{"name":"Mętków Mały","band":0,"modes":"bus","arr":["B"],"off":[0,-0.8]}},{"type":"Feature","geometry":{"type":"Point","coordinates":[19.387631,50.049442]},"properties":{"line":"B","mode":"bus","color":"#0059a9","colorDark":"#00294f","band":0,"off":[0,1.1]}},{"type":"Feature","geometry":{"type":"Point","coordinates":[19.358897,50.051959]},"properties":{"name":"Żarki Bębenki","band":0,"modes":"bus","arr":["B"],"off":[0,-0.8]}},{"type":"Feature","geometry":{"type":"Point","coordinates":[19.358897,50.051959]},"properties":{"line":"B","mode":"bus","color":"#0059a9","colorDark":"#00294f","band":0,"off":[0,1.1]}},{"type":"Feature","geometry":{"type":"Point","coordinates":[19.47069,50.193628]},"properties":{"name":"Myślachowice Piekarnia","band":0,"modes":"bus","arr":["Lb"],"off":[0,-0.8]}},{"type":"Feature","geometry":{"type":"Point","coordinates":[19.47069,50.193628]},"properties":{"line":"Lb","mode":"bus","color":"#0059a9","colorDark":"#00294f","band":0,"off":[0,1.1]}},{"type":"Feature","geometry":{"type":"Point","coordinates":[19.555728,50.207018]},"properties":{"name":"Lgota","band":0,"modes":"bus","arr":["Lb"],"off":[0,-0.8]}},{"type":"Feature","geometry":{"type":"Point","coordinates":[19.555728,50.207018]},"properties":{"line":"Lb","mode":"bus","color":"#0059a9","colorDark":"#00294f","band":0,"off":[0,1.1]}},{"type":"Feature","geometry":{"type":"Point","coordinates":[19.392099,50.128225]},"properties":{"name":"Chrzanów Fablok","band":1,"modes":"bus","arr":["3","30"],"off":[0,-0.8]}},{"type":"Feature","geometry":{"type":"Point","coordinates":[19.392099,50.128225]},"properties":{"line":"3","mode":"bus","color":"#0059a9","colorDark":"#00294f","band":1,"off":[-1.7,1.1]}},{"type":"Feature","geometry":{"type":"Point","coordinates":[19.392099,50.128225]},"properties":{"line":"30","mode":"bus","color":"#0059a9","colorDark":"#00294f","band":1,"off":[1.7,1.1]}},{"type":"Feature","geometry":{"type":"Point","coordinates":[19.412938,50.142979]},"properties":{"name":"Chrzanów Trzebińska","band":1,"modes":"bus","arr":["3","8","9","10","15","17a","17b","25","29","30","31","31B","32a","32b","33","35","38","41","P"],"off":[0,-0.8],"sc":0.87}},{"type":"Feature","geometry":{"type":"Point","coordinates":[19.412938,50.142979]},"properties":{"name":"Chrzanów Dworzec Autobusowy","band":1,"modes":"bus","arr":["3","8","9","10","15","17a","17b","25","29","30","31","31B","32a","32b","33","35","38","41","P"],"off":[0,-3],"sc":0.87}},{"type":"Feature","geometry":{"type":"Point","coordinates":[19.412938,50.142979]},"properties":{"line":"3","mode":"bus","color":"#0059a9","colorDark":"#00294f","band":1,"sc":0.87,"off":[-6.8,1.1]}},{"type":"Feature","geometry":{"type":"Point","coordinates":[19.412938,50.142979]},"properties":{"line":"8","mode":"bus","color":"#0059a9","colorDark":"#00294f","band":1,"sc":0.87,"off":[-3.4,1.1]}},{"type":"Feature","geometry":{"type":"Point","coordinates":[19.412938,50.142979]},"properties":{"line":"9","mode":"bus","color":"#0059a9","colorDark":"#00294f","band":1,"sc":0.87,"off":[0,1.1]}},{"type":"Feature","geometry":{"type":"Point","coordinates":[19.412938,50.142979]},"properties":{"line":"10","mode":"bus","color":"#0059a9","colorDark":"#00294f","band":1,"sc":0.87,"off":[3.4,1.1]}},{"type":"Feature","geometry":{"type":"Point","coordinates":[19.412938,50.142979]},"properties":{"line":"15","mode":"bus","color":"#0059a9","colorDark":"#00294f","band":1,"sc":0.87,"off":[6.8,1.1]}},{"type":"Feature","geometry":{"type":"Point","coordinates":[19.412938,50.142979]},"properties":{"line":"17a","mode":"bus","color":"#0059a9","colorDark":"#00294f","band":1,"sc":0.87,"off":[-6.8,3.1]}},{"type":"Feature","geometry":{"type":"Point","coordinates":[19.412938,50.142979]},"properties":{"line":"17b","mode":"bus","color":"#0059a9","colorDark":"#00294f","band":1,"sc":0.87,"off":[-3.4,3.1]}},{"type":"Feature","geometry":{"type":"Point","coordinates":[19.412938,50.142979]},"properties":{"line":"25","mode":"bus","color":"#0059a9","colorDark":"#00294f","band":1,"sc":0.87,"off":[0,3.1]}},{"type":"Feature","geometry":{"type":"Point","coordinates":[19.412938,50.142979]},"properties":{"line":"29","mode":"bus","color":"#0059a9","colorDark":"#00294f","band":1,"sc":0.87,"off":[3.4,3.1]}},{"type":"Feature","geometry":{"type":"Point","coordinates":[19.412938,50.142979]},"properties":{"line":"30","mode":"bus","color":"#0059a9","colorDark":"#00294f","band":1,"sc":0.87,"off":[6.8,3.1]}},{"type":"Feature","geometry":{"type":"Point","coordinates":[19.412938,50.142979]},"properties":{"line":"31","mode":"bus","color":"#0059a9","colorDark":"#00294f","band":1,"sc":0.87,"off":[-6.8,5.1]}},{"type":"Feature","geometry":{"type":"Point","coordinates":[19.412938,50.142979]},"properties":{"line":"31B","mode":"bus","color":"#0059a9","colorDark":"#00294f","band":1,"sc":0.87,"off":[-3.4,5.1]}},{"type":"Feature","geometry":{"type":"Point","coordinates":[19.412938,50.142979]},"properties":{"line":"32a","mode":"bus","color":"#0059a9","colorDark":"#00294f","band":1,"sc":0.87,"off":[0,5.1]}},{"type":"Feature","geometry":{"type":"Point","coordinates":[19.412938,50.142979]},"properties":{"line":"32b","mode":"bus","color":"#0059a9","colorDark":"#00294f","band":1,"sc":0.87,"off":[3.4,5.1]}},{"type":"Feature","geometry":{"type":"Point","coordinates":[19.412938,50.142979]},"properties":{"line":"33","mode":"bus","color":"#0059a9","colorDark":"#00294f","band":1,"sc":0.87,"off":[6.8,5.1]}},{"type":"Feature","geometry":{"type":"Point","coordinates":[19.412938,50.142979]},"properties":{"line":"35","mode":"bus","color":"#0059a9","colorDark":"#00294f","band":1,"sc":0.87,"off":[-5.1,7.1]}},{"type":"Feature","geometry":{"type":"Point","coordinates":[19.412938,50.142979]},"properties":{"line":"38","mode":"bus","color":"#0059a9","colorDark":"#00294f","band":1,"sc":0.87,"off":[-1.7,7.1]}},{"type":"Feature","geometry":{"type":"Point","coordinates":[19.412938,50.142979]},"properties":{"line":"41","mode":"bus","color":"#0059a9","colorDark":"#00294f","band":1,"sc":0.87,"off":[1.7,7.1]}},{"type":"Feature","geometry":{"type":"Point","coordinates":[19.412938,50.142979]},"properties":{"line":"P","mode":"bus","color":"#0059a9","colorDark":"#00294f","band":1,"sc":0.87,"off":[5.1,7.1]}},{"type":"Feature","geometry":{"type":"Point","coordinates":[19.329254,50.096216]},"properties":{"name":"Libiąż Kopalnia Janina","band":1,"modes":"bus","arr":["15","A","B"],"off":[0,-0.8]}},{"type":"Feature","geometry":{"type":"Point","coordinates":[19.329254,50.096216]},"properties":{"line":"15","mode":"bus","color":"#0059a9","colorDark":"#00294f","band":1,"off":[-3.4,1.1]}},{"type":"Feature","geometry":{"type":"Point","coordinates":[19.329254,50.096216]},"properties":{"line":"A","mode":"bus","color":"#0059a9","colorDark":"#00294f","band":1,"off":[0,1.1]}},{"type":"Feature","geometry":{"type":"Point","coordinates":[19.329254,50.096216]},"properties":{"line":"B","mode":"bus","color":"#0059a9","colorDark":"#00294f","band":1,"off":[3.4,1.1]}},{"type":"Feature","geometry":{"type":"Point","coordinates":[19.330005,50.106421]},"properties":{"name":"Libiąż Dworzec Autobusowy","band":1,"modes":"bus","arr":["8","15","38"],"off":[0,-0.8]}},{"type":"Feature","geometry":{"type":"Point","coordinates":[19.330005,50.106421]},"properties":{"line":"8","mode":"bus","color":"#0059a9","colorDark":"#00294f","band":1,"off":[-3.4,1.1]}},{"type":"Feature","geometry":{"type":"Point","coordinates":[19.330005,50.106421]},"properties":{"line":"15","mode":"bus","color":"#0059a9","colorDark":"#00294f","band":1,"off":[0,1.1]}},{"type":"Feature","geometry":{"type":"Point","coordinates":[19.330005,50.106421]},"properties":{"line":"38","mode":"bus","color":"#0059a9","colorDark":"#00294f","band":1,"off":[3.4,1.1]}},{"type":"Feature","geometry":{"type":"Point","coordinates":[19.243216,50.108998]},"properties":{"name":"Chełmek Młyny","band":1,"modes":"bus","arr":["8","25"],"off":[0,-0.8]}},{"type":"Feature","geometry":{"type":"Point","coordinates":[19.243216,50.108998]},"properties":{"line":"8","mode":"bus","color":"#0059a9","colorDark":"#00294f","band":1,"off":[-1.7,1.1]}},{"type":"Feature","geometry":{"type":"Point","coordinates":[19.243216,50.108998]},"properties":{"line":"25","mode":"bus","color":"#0059a9","colorDark":"#00294f","band":1,"off":[1.7,1.1]}},{"type":"Feature","geometry":{"type":"Point","coordinates":[19.237893,50.097626]},"properties":{"name":"Chełmek Chrobrego Szkoła","band":1,"modes":"bus","arr":["8"],"off":[0,-0.8]}},{"type":"Feature","geometry":{"type":"Point","coordinates":[19.237893,50.097626]},"properties":{"line":"8","mode":"bus","color":"#0059a9","colorDark":"#00294f","band":1,"off":[0,1.1]}},{"type":"Feature","geometry":{"type":"Point","coordinates":[19.467481,50.210231]},"properties":{"name":"Czyżówka Pętla","band":1,"modes":"bus","arr":["9","42"],"off":[0,-0.8]}},{"type":"Feature","geometry":{"type":"Point","coordinates":[19.467481,50.210231]},"properties":{"line":"9","mode":"bus","color":"#0059a9","colorDark":"#00294f","band":1,"off":[-1.7,1.1]}},{"type":"Feature","geometry":{"type":"Point","coordinates":[19.467481,50.210231]},"properties":{"line":"42","mode":"bus","color":"#0059a9","colorDark":"#00294f","band":1,"off":[1.7,1.1]}},{"type":"Feature","geometry":{"type":"Point","coordinates":[19.453679,50.200146]},"properties":{"name":"Trzebinia Os.Energetyków","band":1,"modes":"bus","arr":["9"],"off":[0,-0.8]}},{"type":"Feature","geometry":{"type":"Point","coordinates":[19.453679,50.200146]},"properties":{"line":"9","mode":"bus","color":"#0059a9","colorDark":"#00294f","band":1,"off":[0,1.1]}},{"type":"Feature","geometry":{"type":"Point","coordinates":[19.425454,50.197253]},"properties":{"name":"Trzebinia Siersza Liceum","band":1,"modes":"bus","arr":["10"],"off":[0,-0.8]}},{"type":"Feature","geometry":{"type":"Point","coordinates":[19.425454,50.197253]},"properties":{"line":"10","mode":"bus","color":"#0059a9","colorDark":"#00294f","band":1,"off":[0,1.1]}},{"type":"Feature","geometry":{"type":"Point","coordinates":[19.453812,50.185159]},"properties":{"name":"Trzebinia KWK Siersza","band":1,"modes":"bus","arr":["10"],"off":[0,-0.8]}},{"type":"Feature","geometry":{"type":"Point","coordinates":[19.453812,50.185159]},"properties":{"line":"10","mode":"bus","color":"#0059a9","colorDark":"#00294f","band":1,"off":[0,1.1]}},{"type":"Feature","geometry":{"type":"Point","coordinates":[19.466294,50.159427]},"properties":{"name":"Trzebinia Mały Rynek Kościuszki","band":1,"modes":"bus","arr":["10","41","42"],"off":[0,-0.8]}},{"type":"Feature","geometry":{"type":"Point","coordinates":[19.466294,50.159427]},"properties":{"name":"Trzebinia Mały Rynek","band":1,"modes":"bus","arr":["10","41","42"],"off":[0,-3]}},{"type":"Feature","geometry":{"type":"Point","coordinates":[19.466294,50.159427]},"properties":{"line":"10","mode":"bus","color":"#0059a9","colorDark":"#00294f","band":1,"off":[-3.4,1.1]}},{"type":"Feature","geometry":{"type":"Point","coordinates":[19.466294,50.159427]},"properties":{"line":"41","mode":"bus","color":"#0059a9","colorDark":"#00294f","band":1,"off":[0,1.1]}},{"type":"Feature","geometry":{"type":"Point","coordinates":[19.466294,50.159427]},"properties":{"line":"42","mode":"bus","color":"#0059a9","colorDark":"#00294f","band":1,"off":[3.4,1.1]}},{"type":"Feature","geometry":{"type":"Point","coordinates":[19.454056,50.155141]},"properties":{"name":"Trzebinia PKP","band":1,"modes":"bus","arr":["9","10","41","La","Lb","Lc","N"],"off":[0,-0.8]}},{"type":"Feature","geometry":{"type":"Point","coordinates":[19.454056,50.155141]},"properties":{"line":"9","mode":"bus","color":"#0059a9","colorDark":"#00294f","band":1,"off":[-6.8,1.1]}},{"type":"Feature","geometry":{"type":"Point","coordinates":[19.454056,50.155141]},"properties":{"line":"10","mode":"bus","color":"#0059a9","colorDark":"#00294f","band":1,"off":[-3.4,1.1]}},{"type":"Feature","geometry":{"type":"Point","coordinates":[19.454056,50.155141]},"properties":{"line":"41","mode":"bus","color":"#0059a9","colorDark":"#00294f","band":1,"off":[0,1.1]}},{"type":"Feature","geometry":{"type":"Point","coordinates":[19.454056,50.155141]},"properties":{"line":"La","mode":"bus","color":"#0059a9","colorDark":"#00294f","band":1,"off":[3.4,1.1]}},{"type":"Feature","geometry":{"type":"Point","coordinates":[19.454056,50.155141]},"properties":{"line":"Lb","mode":"bus","color":"#0059a9","colorDark":"#00294f","band":1,"off":[6.8,1.1]}},{"type":"Feature","geometry":{"type":"Point","coordinates":[19.454056,50.155141]},"properties":{"line":"Lc","mode":"bus","color":"#0059a9","colorDark":"#00294f","band":1,"off":[-1.7,3.1]}},{"type":"Feature","geometry":{"type":"Point","coordinates":[19.454056,50.155141]},"properties":{"line":"N","mode":"bus","color":"#000000","colorDark":"#000000","band":1,"off":[1.7,3.1]}},{"type":"Feature","geometry":{"type":"Point","coordinates":[19.462663,50.204972]},"properties":{"name":"Trzebinia Elektrownia Siersza","band":1,"modes":"bus","arr":["9"],"off":[0,-0.8]}},{"type":"Feature","geometry":{"type":"Point","coordinates":[19.462663,50.204972]},"properties":{"line":"9","mode":"bus","color":"#0059a9","colorDark":"#00294f","band":1,"off":[0,1.1]}},{"type":"Feature","geometry":{"type":"Point","coordinates":[19.473097,50.166388]},"properties":{"name":"Trzebinia Piłsudskiego Kościół","band":1,"modes":"bus","arr":["N"],"off":[0,-0.8]}},{"type":"Feature","geometry":{"type":"Point","coordinates":[19.473097,50.166388]},"properties":{"line":"N","mode":"bus","color":"#000000","colorDark":"#000000","band":1,"off":[0,1.1]}},{"type":"Feature","geometry":{"type":"Point","coordinates":[19.491327,50.1503]},"properties":{"name":"Młoszowa Florkiewicza","band":1,"modes":"bus","arr":["10","15"],"off":[0,-0.8]}},{"type":"Feature","geometry":{"type":"Point","coordinates":[19.491327,50.1503]},"properties":{"line":"10","mode":"bus","color":"#0059a9","colorDark":"#00294f","band":1,"off":[-1.7,1.1]}},{"type":"Feature","geometry":{"type":"Point","coordinates":[19.491327,50.1503]},"properties":{"line":"15","mode":"bus","color":"#0059a9","colorDark":"#00294f","band":1,"off":[1.7,1.1]}},{"type":"Feature","geometry":{"type":"Point","coordinates":[19.473132,50.172723]},"properties":{"name":"Trzebinia Zbyszek","band":1,"modes":"bus","arr":["15","41"],"off":[0,-0.8]}},{"type":"Feature","geometry":{"type":"Point","coordinates":[19.473132,50.172723]},"properties":{"line":"15","mode":"bus","color":"#0059a9","colorDark":"#00294f","band":1,"off":[-1.7,1.1]}},{"type":"Feature","geometry":{"type":"Point","coordinates":[19.473132,50.172723]},"properties":{"line":"41","mode":"bus","color":"#0059a9","colorDark":"#00294f","band":1,"off":[1.7,1.1]}},{"type":"Feature","geometry":{"type":"Point","coordinates":[19.272845,50.051761]},"properties":{"name":"Gromiec Granica","band":1,"modes":"bus","arr":["15"],"off":[0,-0.8]}},{"type":"Feature","geometry":{"type":"Point","coordinates":[19.272845,50.051761]},"properties":{"line":"15","mode":"bus","color":"#0059a9","colorDark":"#00294f","band":1,"off":[0,1.1]}},{"type":"Feature","geometry":{"type":"Point","coordinates":[19.531502,50.172033]},"properties":{"name":"Psary Centrum","band":1,"modes":"bus","arr":["15","41"],"off":[0,-0.8]}},{"type":"Feature","geometry":{"type":"Point","coordinates":[19.531502,50.172033]},"properties":{"line":"15","mode":"bus","color":"#0059a9","colorDark":"#00294f","band":1,"off":[-1.7,1.1]}},{"type":"Feature","geometry":{"type":"Point","coordinates":[19.531502,50.172033]},"properties":{"line":"41","mode":"bus","color":"#0059a9","colorDark":"#00294f","band":1,"off":[1.7,1.1]}},{"type":"Feature","geometry":{"type":"Point","coordinates":[19.302157,50.095969]},"properties":{"name":"Libiąż Oświęcimska Cmentarz","band":1,"modes":"bus","arr":["15"],"off":[0,-0.8]}},{"type":"Feature","geometry":{"type":"Point","coordinates":[19.302157,50.095969]},"properties":{"line":"15","mode":"bus","color":"#0059a9","colorDark":"#00294f","band":1,"off":[0,1.1]}},{"type":"Feature","geometry":{"type":"Point","coordinates":[19.497888,50.165502]},"properties":{"name":"Młoszowa Wzgórze II","band":1,"modes":"bus","arr":["15"],"off":[0,-0.8]}},{"type":"Feature","geometry":{"type":"Point","coordinates":[19.497888,50.165502]},"properties":{"line":"15","mode":"bus","color":"#0059a9","colorDark":"#00294f","band":1,"off":[0,1.1]}},{"type":"Feature","geometry":{"type":"Point","coordinates":[19.297173,50.081565]},"properties":{"name":"Libiąż Budzowy Sklep","band":1,"modes":"bus","arr":["15"],"off":[0,-0.8]}},{"type":"Feature","geometry":{"type":"Point","coordinates":[19.297173,50.081565]},"properties":{"line":"15","mode":"bus","color":"#0059a9","colorDark":"#00294f","band":1,"off":[0,1.1]}},{"type":"Feature","geometry":{"type":"Point","coordinates":[19.479895,50.184492]},"properties":{"name":"Myślachowice Centrum","band":1,"modes":"bus","arr":["41"],"off":[0,-0.8]}},{"type":"Feature","geometry":{"type":"Point","coordinates":[19.479895,50.184492]},"properties":{"line":"41","mode":"bus","color":"#0059a9","colorDark":"#00294f","band":1,"off":[0,1.1]}},{"type":"Feature","geometry":{"type":"Point","coordinates":[19.436514,50.075992]},"properties":{"name":"Wygiełzów","band":1,"modes":"bus","arr":["17a","32a"],"off":[0,-0.8]}},{"type":"Feature","geometry":{"type":"Point","coordinates":[19.436514,50.075992]},"properties":{"line":"17a","mode":"bus","color":"#0059a9","colorDark":"#00294f","band":1,"off":[-1.7,1.1]}},{"type":"Feature","geometry":{"type":"Point","coordinates":[19.436514,50.075992]},"properties":{"line":"32a","mode":"bus","color":"#0059a9","colorDark":"#00294f","band":1,"off":[1.7,1.1]}},{"type":"Feature","geometry":{"type":"Point","coordinates":[19.441149,50.081882]},"properties":{"name":"Płaza Dolna I. (Pętla)","band":1,"modes":"bus","arr":["17a","32a","42"],"off":[0,-0.8]}},{"type":"Feature","geometry":{"type":"Point","coordinates":[19.441149,50.081882]},"properties":{"line":"17a","mode":"bus","color":"#0059a9","colorDark":"#00294f","band":1,"off":[-3.4,1.1]}},{"type":"Feature","geometry":{"type":"Point","coordinates":[19.441149,50.081882]},"properties":{"line":"32a","mode":"bus","color":"#0059a9","colorDark":"#00294f","band":1,"off":[0,1.1]}},{"type":"Feature","geometry":{"type":"Point","coordinates":[19.441149,50.081882]},"properties":{"line":"42","mode":"bus","color":"#0059a9","colorDark":"#00294f","band":1,"off":[3.4,1.1]}},{"type":"Feature","geometry":{"type":"Point","coordinates":[19.462357,50.099548]},"properties":{"name":"Płaza Górna Kościół","band":1,"modes":"bus","arr":["42","P"],"off":[0,-0.8]}},{"type":"Feature","geometry":{"type":"Point","coordinates":[19.462357,50.099548]},"properties":{"name":"Płaza Cmentarz","band":1,"modes":"bus","arr":["42","P"],"off":[0,-3]}},{"type":"Feature","geometry":{"type":"Point","coordinates":[19.462357,50.099548]},"properties":{"line":"42","mode":"bus","color":"#0059a9","colorDark":"#00294f","band":1,"off":[-1.7,1.1]}},{"type":"Feature","geometry":{"type":"Point","coordinates":[19.462357,50.099548]},"properties":{"line":"P","mode":"bus","color":"#0059a9","colorDark":"#00294f","band":1,"off":[1.7,1.1]}},{"type":"Feature","geometry":{"type":"Point","coordinates":[19.42715,50.137775]},"properties":{"name":"Chrzanów Szpital","band":1,"modes":"bus","arr":["31"],"off":[0,-0.8]}},{"type":"Feature","geometry":{"type":"Point","coordinates":[19.42715,50.137775]},"properties":{"line":"31","mode":"bus","color":"#0059a9","colorDark":"#00294f","band":1,"off":[0,1.1]}},{"type":"Feature","geometry":{"type":"Point","coordinates":[19.372308,50.113373]},"properties":{"name":"Chrzanów Oczyszczalnia","band":1,"modes":"bus","arr":["25"],"off":[0,-0.8]}},{"type":"Feature","geometry":{"type":"Point","coordinates":[19.372308,50.113373]},"properties":{"line":"25","mode":"bus","color":"#0059a9","colorDark":"#00294f","band":1,"off":[0,1.1]}},{"type":"Feature","geometry":{"type":"Point","coordinates":[19.277053,50.11184]},"properties":{"name":"Libiąż Kosówki Paprocia II","band":1,"modes":"bus","arr":["25"],"off":[0,-0.8]}},{"type":"Feature","geometry":{"type":"Point","coordinates":[19.277053,50.11184]},"properties":{"line":"25","mode":"bus","color":"#0059a9","colorDark":"#00294f","band":1,"off":[0,1.1]}},{"type":"Feature","geometry":{"type":"Point","coordinates":[19.378076,50.183832]},"properties":{"name":"Okradziejówka Pętla","band":1,"modes":"bus","arr":["29"],"off":[0,-0.8]}},{"type":"Feature","geometry":{"type":"Point","coordinates":[19.378076,50.183832]},"properties":{"line":"29","mode":"bus","color":"#0059a9","colorDark":"#00294f","band":1,"off":[0,1.1]}},{"type":"Feature","geometry":{"type":"Point","coordinates":[19.4026,50.127096]},"properties":{"name":"Chrzanów Os.Młodości Witosa","band":1,"modes":"bus","arr":["30"],"off":[0,-0.8]}},{"type":"Feature","geometry":{"type":"Point","coordinates":[19.4026,50.127096]},"properties":{"line":"30","mode":"bus","color":"#0059a9","colorDark":"#00294f","band":1,"off":[0,1.1]}},{"type":"Feature","geometry":{"type":"Point","coordinates":[19.409734,50.115914]},"properties":{"name":"Chrzanów Stella Pętla","band":1,"modes":"bus","arr":["35"],"off":[0,-0.8]}},{"type":"Feature","geometry":{"type":"Point","coordinates":[19.409734,50.115914]},"properties":{"line":"35","mode":"bus","color":"#0059a9","colorDark":"#00294f","band":1,"off":[0,1.1]}},{"type":"Feature","geometry":{"type":"Point","coordinates":[19.514157,50.174546]},"properties":{"name":"Psary Ostra Góra","band":1,"modes":"bus","arr":["41"],"off":[0,-0.8]}},{"type":"Feature","geometry":{"type":"Point","coordinates":[19.514157,50.174546]},"properties":{"line":"41","mode":"bus","color":"#0059a9","colorDark":"#00294f","band":1,"off":[0,1.1]}},{"type":"Feature","geometry":{"type":"Point","coordinates":[19.510993,50.203465]},"properties":{"name":"Płoki Centrum","band":1,"modes":"bus","arr":["41","42","Lc"],"off":[0,-0.8]}},{"type":"Feature","geometry":{"type":"Point","coordinates":[19.510993,50.203465]},"properties":{"line":"41","mode":"bus","color":"#0059a9","colorDark":"#00294f","band":1,"off":[-3.4,1.1]}},{"type":"Feature","geometry":{"type":"Point","coordinates":[19.510993,50.203465]},"properties":{"line":"42","mode":"bus","color":"#0059a9","colorDark":"#00294f","band":1,"off":[0,1.1]}},{"type":"Feature","geometry":{"type":"Point","coordinates":[19.510993,50.203465]},"properties":{"line":"Lc","mode":"bus","color":"#0059a9","colorDark":"#00294f","band":1,"off":[3.4,1.1]}},{"type":"Feature","geometry":{"type":"Point","coordinates":[19.496252,50.1104]},"properties":{"name":"Bolęcin Stawki","band":1,"modes":"bus","arr":["42"],"off":[0,-0.8]}},{"type":"Feature","geometry":{"type":"Point","coordinates":[19.496252,50.1104]},"properties":{"line":"42","mode":"bus","color":"#0059a9","colorDark":"#00294f","band":1,"off":[0,1.1]}},{"type":"Feature","geometry":{"type":"Point","coordinates":[19.478453,50.113971]},"properties":{"name":"Bolęcin Szkoła","band":1,"modes":"bus","arr":["P"],"off":[0,-0.8]}},{"type":"Feature","geometry":{"type":"Point","coordinates":[19.478453,50.113971]},"properties":{"line":"P","mode":"bus","color":"#0059a9","colorDark":"#00294f","band":1,"off":[0,1.1]}},{"type":"Feature","geometry":{"type":"Point","coordinates":[19.327582,50.112479]},"properties":{"name":"Libiąż PKP","band":1,"modes":"bus","arr":["B"],"off":[0,-0.8]}},{"type":"Feature","geometry":{"type":"Point","coordinates":[19.327582,50.112479]},"properties":{"line":"B","mode":"bus","color":"#0059a9","colorDark":"#00294f","band":1,"off":[0,1.1]}},{"type":"Feature","geometry":{"type":"Point","coordinates":[19.387631,50.049442]},"properties":{"name":"Mętków Mały","band":1,"modes":"bus","arr":["B"],"off":[0,-0.8]}},{"type":"Feature","geometry":{"type":"Point","coordinates":[19.387631,50.049442]},"properties":{"line":"B","mode":"bus","color":"#0059a9","colorDark":"#00294f","band":1,"off":[0,1.1]}},{"type":"Feature","geometry":{"type":"Point","coordinates":[19.358897,50.051959]},"properties":{"name":"Żarki Bębenki","band":1,"modes":"bus","arr":["B"],"off":[0,-0.8]}},{"type":"Feature","geometry":{"type":"Point","coordinates":[19.358897,50.051959]},"properties":{"line":"B","mode":"bus","color":"#0059a9","colorDark":"#00294f","band":1,"off":[0,1.1]}},{"type":"Feature","geometry":{"type":"Point","coordinates":[19.47069,50.193628]},"properties":{"name":"Myślachowice Piekarnia","band":1,"modes":"bus","arr":["Lb"],"off":[0,-0.8]}},{"type":"Feature","geometry":{"type":"Point","coordinates":[19.47069,50.193628]},"properties":{"line":"Lb","mode":"bus","color":"#0059a9","colorDark":"#00294f","band":1,"off":[0,1.1]}},{"type":"Feature","geometry":{"type":"Point","coordinates":[19.555728,50.207018]},"properties":{"name":"Lgota","band":1,"modes":"bus","arr":["Lb"],"off":[0,-0.8]}},{"type":"Feature","geometry":{"type":"Point","coordinates":[19.555728,50.207018]},"properties":{"line":"Lb","mode":"bus","color":"#0059a9","colorDark":"#00294f","band":1,"off":[0,1.1]}},{"type":"Feature","geometry":{"type":"Point","coordinates":[19.392099,50.128225]},"properties":{"name":"Chrzanów Fablok","band":2,"modes":"bus","arr":["3","30"],"off":[0,-0.8]}},{"type":"Feature","geometry":{"type":"Point","coordinates":[19.392099,50.128225]},"properties":{"line":"3","mode":"bus","color":"#0059a9","colorDark":"#00294f","band":2,"off":[-1.7,1.1]}},{"type":"Feature","geometry":{"type":"Point","coordinates":[19.392099,50.128225]},"properties":{"line":"30","mode":"bus","color":"#0059a9","colorDark":"#00294f","band":2,"off":[1.7,1.1]}},{"type":"Feature","geometry":{"type":"Point","coordinates":[19.412938,50.142979]},"properties":{"name":"Chrzanów Trzebińska","band":2,"modes":"bus","arr":["3","8","9","10","15","17a","17b","25","29","30","31","31B","32a","32b","33","35","38","41","P"],"off":[0,-0.8],"sc":0.87}},{"type":"Feature","geometry":{"type":"Point","coordinates":[19.412938,50.142979]},"properties":{"name":"Chrzanów Dworzec Autobusowy","band":2,"modes":"bus","arr":["3","8","9","10","15","17a","17b","25","29","30","31","31B","32a","32b","33","35","38","41","P"],"off":[0,-3],"sc":0.87}},{"type":"Feature","geometry":{"type":"Point","coordinates":[19.412938,50.142979]},"properties":{"line":"3","mode":"bus","color":"#0059a9","colorDark":"#00294f","band":2,"sc":0.87,"off":[-6.8,1.1]}},{"type":"Feature","geometry":{"type":"Point","coordinates":[19.412938,50.142979]},"properties":{"line":"8","mode":"bus","color":"#0059a9","colorDark":"#00294f","band":2,"sc":0.87,"off":[-3.4,1.1]}},{"type":"Feature","geometry":{"type":"Point","coordinates":[19.412938,50.142979]},"properties":{"line":"9","mode":"bus","color":"#0059a9","colorDark":"#00294f","band":2,"sc":0.87,"off":[0,1.1]}},{"type":"Feature","geometry":{"type":"Point","coordinates":[19.412938,50.142979]},"properties":{"line":"10","mode":"bus","color":"#0059a9","colorDark":"#00294f","band":2,"sc":0.87,"off":[3.4,1.1]}},{"type":"Feature","geometry":{"type":"Point","coordinates":[19.412938,50.142979]},"properties":{"line":"15","mode":"bus","color":"#0059a9","colorDark":"#00294f","band":2,"sc":0.87,"off":[6.8,1.1]}},{"type":"Feature","geometry":{"type":"Point","coordinates":[19.412938,50.142979]},"properties":{"line":"17a","mode":"bus","color":"#0059a9","colorDark":"#00294f","band":2,"sc":0.87,"off":[-6.8,3.1]}},{"type":"Feature","geometry":{"type":"Point","coordinates":[19.412938,50.142979]},"properties":{"line":"17b","mode":"bus","color":"#0059a9","colorDark":"#00294f","band":2,"sc":0.87,"off":[-3.4,3.1]}},{"type":"Feature","geometry":{"type":"Point","coordinates":[19.412938,50.142979]},"properties":{"line":"25","mode":"bus","color":"#0059a9","colorDark":"#00294f","band":2,"sc":0.87,"off":[0,3.1]}},{"type":"Feature","geometry":{"type":"Point","coordinates":[19.412938,50.142979]},"properties":{"line":"29","mode":"bus","color":"#0059a9","colorDark":"#00294f","band":2,"sc":0.87,"off":[3.4,3.1]}},{"type":"Feature","geometry":{"type":"Point","coordinates":[19.412938,50.142979]},"properties":{"line":"30","mode":"bus","color":"#0059a9","colorDark":"#00294f","band":2,"sc":0.87,"off":[6.8,3.1]}},{"type":"Feature","geometry":{"type":"Point","coordinates":[19.412938,50.142979]},"properties":{"line":"31","mode":"bus","color":"#0059a9","colorDark":"#00294f","band":2,"sc":0.87,"off":[-6.8,5.1]}},{"type":"Feature","geometry":{"type":"Point","coordinates":[19.412938,50.142979]},"properties":{"line":"31B","mode":"bus","color":"#0059a9","colorDark":"#00294f","band":2,"sc":0.87,"off":[-3.4,5.1]}},{"type":"Feature","geometry":{"type":"Point","coordinates":[19.412938,50.142979]},"properties":{"line":"32a","mode":"bus","color":"#0059a9","colorDark":"#00294f","band":2,"sc":0.87,"off":[0,5.1]}},{"type":"Feature","geometry":{"type":"Point","coordinates":[19.412938,50.142979]},"properties":{"line":"32b","mode":"bus","color":"#0059a9","colorDark":"#00294f","band":2,"sc":0.87,"off":[3.4,5.1]}},{"type":"Feature","geometry":{"type":"Point","coordinates":[19.412938,50.142979]},"properties":{"line":"33","mode":"bus","color":"#0059a9","colorDark":"#00294f","band":2,"sc":0.87,"off":[6.8,5.1]}},{"type":"Feature","geometry":{"type":"Point","coordinates":[19.412938,50.142979]},"properties":{"line":"35","mode":"bus","color":"#0059a9","colorDark":"#00294f","band":2,"sc":0.87,"off":[-5.1,7.1]}},{"type":"Feature","geometry":{"type":"Point","coordinates":[19.412938,50.142979]},"properties":{"line":"38","mode":"bus","color":"#0059a9","colorDark":"#00294f","band":2,"sc":0.87,"off":[-1.7,7.1]}},{"type":"Feature","geometry":{"type":"Point","coordinates":[19.412938,50.142979]},"properties":{"line":"41","mode":"bus","color":"#0059a9","colorDark":"#00294f","band":2,"sc":0.87,"off":[1.7,7.1]}},{"type":"Feature","geometry":{"type":"Point","coordinates":[19.412938,50.142979]},"properties":{"line":"P","mode":"bus","color":"#0059a9","colorDark":"#00294f","band":2,"sc":0.87,"off":[5.1,7.1]}},{"type":"Feature","geometry":{"type":"Point","coordinates":[19.329254,50.096216]},"properties":{"name":"Libiąż Kopalnia Janina","band":2,"modes":"bus","arr":["15","A","B"],"off":[0,-0.8]}},{"type":"Feature","geometry":{"type":"Point","coordinates":[19.329254,50.096216]},"properties":{"line":"15","mode":"bus","color":"#0059a9","colorDark":"#00294f","band":2,"off":[-3.4,1.1]}},{"type":"Feature","geometry":{"type":"Point","coordinates":[19.329254,50.096216]},"properties":{"line":"A","mode":"bus","color":"#0059a9","colorDark":"#00294f","band":2,"off":[0,1.1]}},{"type":"Feature","geometry":{"type":"Point","coordinates":[19.329254,50.096216]},"properties":{"line":"B","mode":"bus","color":"#0059a9","colorDark":"#00294f","band":2,"off":[3.4,1.1]}},{"type":"Feature","geometry":{"type":"Point","coordinates":[19.330005,50.106421]},"properties":{"name":"Libiąż Dworzec Autobusowy","band":2,"modes":"bus","arr":["8","15","38"],"off":[0,-0.8]}},{"type":"Feature","geometry":{"type":"Point","coordinates":[19.330005,50.106421]},"properties":{"line":"8","mode":"bus","color":"#0059a9","colorDark":"#00294f","band":2,"off":[-3.4,1.1]}},{"type":"Feature","geometry":{"type":"Point","coordinates":[19.330005,50.106421]},"properties":{"line":"15","mode":"bus","color":"#0059a9","colorDark":"#00294f","band":2,"off":[0,1.1]}},{"type":"Feature","geometry":{"type":"Point","coordinates":[19.330005,50.106421]},"properties":{"line":"38","mode":"bus","color":"#0059a9","colorDark":"#00294f","band":2,"off":[3.4,1.1]}},{"type":"Feature","geometry":{"type":"Point","coordinates":[19.243216,50.108998]},"properties":{"name":"Chełmek Młyny","band":2,"modes":"bus","arr":["8","25"],"off":[0,-0.8]}},{"type":"Feature","geometry":{"type":"Point","coordinates":[19.243216,50.108998]},"properties":{"line":"8","mode":"bus","color":"#0059a9","colorDark":"#00294f","band":2,"off":[-1.7,1.1]}},{"type":"Feature","geometry":{"type":"Point","coordinates":[19.243216,50.108998]},"properties":{"line":"25","mode":"bus","color":"#0059a9","colorDark":"#00294f","band":2,"off":[1.7,1.1]}},{"type":"Feature","geometry":{"type":"Point","coordinates":[19.237893,50.097626]},"properties":{"name":"Chełmek Chrobrego Szkoła","band":2,"modes":"bus","arr":["8"],"off":[0,-0.8]}},{"type":"Feature","geometry":{"type":"Point","coordinates":[19.237893,50.097626]},"properties":{"line":"8","mode":"bus","color":"#0059a9","colorDark":"#00294f","band":2,"off":[0,1.1]}},{"type":"Feature","geometry":{"type":"Point","coordinates":[19.467481,50.210231]},"properties":{"name":"Czyżówka Pętla","band":2,"modes":"bus","arr":["9","42"],"off":[0,-0.8]}},{"type":"Feature","geometry":{"type":"Point","coordinates":[19.467481,50.210231]},"properties":{"line":"9","mode":"bus","color":"#0059a9","colorDark":"#00294f","band":2,"off":[-1.7,1.1]}},{"type":"Feature","geometry":{"type":"Point","coordinates":[19.467481,50.210231]},"properties":{"line":"42","mode":"bus","color":"#0059a9","colorDark":"#00294f","band":2,"off":[1.7,1.1]}},{"type":"Feature","geometry":{"type":"Point","coordinates":[19.453679,50.200146]},"properties":{"name":"Trzebinia Os.Energetyków","band":2,"modes":"bus","arr":["9"],"off":[0,-0.8]}},{"type":"Feature","geometry":{"type":"Point","coordinates":[19.453679,50.200146]},"properties":{"line":"9","mode":"bus","color":"#0059a9","colorDark":"#00294f","band":2,"off":[0,1.1]}},{"type":"Feature","geometry":{"type":"Point","coordinates":[19.425454,50.197253]},"properties":{"name":"Trzebinia Siersza Liceum","band":2,"modes":"bus","arr":["10"],"off":[0,-0.8]}},{"type":"Feature","geometry":{"type":"Point","coordinates":[19.425454,50.197253]},"properties":{"line":"10","mode":"bus","color":"#0059a9","colorDark":"#00294f","band":2,"off":[0,1.1]}},{"type":"Feature","geometry":{"type":"Point","coordinates":[19.453812,50.185159]},"properties":{"name":"Trzebinia KWK Siersza","band":2,"modes":"bus","arr":["10"],"off":[0,-0.8]}},{"type":"Feature","geometry":{"type":"Point","coordinates":[19.453812,50.185159]},"properties":{"line":"10","mode":"bus","color":"#0059a9","colorDark":"#00294f","band":2,"off":[0,1.1]}},{"type":"Feature","geometry":{"type":"Point","coordinates":[19.466294,50.159427]},"properties":{"name":"Trzebinia Mały Rynek Kościuszki","band":2,"modes":"bus","arr":["10","41","42"],"off":[0,-0.8]}},{"type":"Feature","geometry":{"type":"Point","coordinates":[19.466294,50.159427]},"properties":{"name":"Trzebinia Mały Rynek","band":2,"modes":"bus","arr":["10","41","42"],"off":[0,-3]}},{"type":"Feature","geometry":{"type":"Point","coordinates":[19.466294,50.159427]},"properties":{"line":"10","mode":"bus","color":"#0059a9","colorDark":"#00294f","band":2,"off":[-3.4,1.1]}},{"type":"Feature","geometry":{"type":"Point","coordinates":[19.466294,50.159427]},"properties":{"line":"41","mode":"bus","color":"#0059a9","colorDark":"#00294f","band":2,"off":[0,1.1]}},{"type":"Feature","geometry":{"type":"Point","coordinates":[19.466294,50.159427]},"properties":{"line":"42","mode":"bus","color":"#0059a9","colorDark":"#00294f","band":2,"off":[3.4,1.1]}},{"type":"Feature","geometry":{"type":"Point","coordinates":[19.454056,50.155141]},"properties":{"name":"Trzebinia PKP","band":2,"modes":"bus","arr":["9","10","41","La","Lb","Lc","N"],"off":[0,-0.8]}},{"type":"Feature","geometry":{"type":"Point","coordinates":[19.454056,50.155141]},"properties":{"line":"9","mode":"bus","color":"#0059a9","colorDark":"#00294f","band":2,"off":[-6.8,1.1]}},{"type":"Feature","geometry":{"type":"Point","coordinates":[19.454056,50.155141]},"properties":{"line":"10","mode":"bus","color":"#0059a9","colorDark":"#00294f","band":2,"off":[-3.4,1.1]}},{"type":"Feature","geometry":{"type":"Point","coordinates":[19.454056,50.155141]},"properties":{"line":"41","mode":"bus","color":"#0059a9","colorDark":"#00294f","band":2,"off":[0,1.1]}},{"type":"Feature","geometry":{"type":"Point","coordinates":[19.454056,50.155141]},"properties":{"line":"La","mode":"bus","color":"#0059a9","colorDark":"#00294f","band":2,"off":[3.4,1.1]}},{"type":"Feature","geometry":{"type":"Point","coordinates":[19.454056,50.155141]},"properties":{"line":"Lb","mode":"bus","color":"#0059a9","colorDark":"#00294f","band":2,"off":[6.8,1.1]}},{"type":"Feature","geometry":{"type":"Point","coordinates":[19.454056,50.155141]},"properties":{"line":"Lc","mode":"bus","color":"#0059a9","colorDark":"#00294f","band":2,"off":[-1.7,3.1]}},{"type":"Feature","geometry":{"type":"Point","coordinates":[19.454056,50.155141]},"properties":{"line":"N","mode":"bus","color":"#000000","colorDark":"#000000","band":2,"off":[1.7,3.1]}},{"type":"Feature","geometry":{"type":"Point","coordinates":[19.462663,50.204972]},"properties":{"name":"Trzebinia Elektrownia Siersza","band":2,"modes":"bus","arr":["9"],"off":[0,-0.8]}},{"type":"Feature","geometry":{"type":"Point","coordinates":[19.462663,50.204972]},"properties":{"line":"9","mode":"bus","color":"#0059a9","colorDark":"#00294f","band":2,"off":[0,1.1]}},{"type":"Feature","geometry":{"type":"Point","coordinates":[19.473097,50.166388]},"properties":{"name":"Trzebinia Piłsudskiego Kościół","band":2,"modes":"bus","arr":["N"],"off":[0,-0.8]}},{"type":"Feature","geometry":{"type":"Point","coordinates":[19.473097,50.166388]},"properties":{"line":"N","mode":"bus","color":"#000000","colorDark":"#000000","band":2,"off":[0,1.1]}},{"type":"Feature","geometry":{"type":"Point","coordinates":[19.491327,50.1503]},"properties":{"name":"Młoszowa Florkiewicza","band":2,"modes":"bus","arr":["10","15"],"off":[0,-0.8]}},{"type":"Feature","geometry":{"type":"Point","coordinates":[19.491327,50.1503]},"properties":{"line":"10","mode":"bus","color":"#0059a9","colorDark":"#00294f","band":2,"off":[-1.7,1.1]}},{"type":"Feature","geometry":{"type":"Point","coordinates":[19.491327,50.1503]},"properties":{"line":"15","mode":"bus","color":"#0059a9","colorDark":"#00294f","band":2,"off":[1.7,1.1]}},{"type":"Feature","geometry":{"type":"Point","coordinates":[19.473132,50.172723]},"properties":{"name":"Trzebinia Zbyszek","band":2,"modes":"bus","arr":["15","41"],"off":[0,-0.8]}},{"type":"Feature","geometry":{"type":"Point","coordinates":[19.473132,50.172723]},"properties":{"line":"15","mode":"bus","color":"#0059a9","colorDark":"#00294f","band":2,"off":[-1.7,1.1]}},{"type":"Feature","geometry":{"type":"Point","coordinates":[19.473132,50.172723]},"properties":{"line":"41","mode":"bus","color":"#0059a9","colorDark":"#00294f","band":2,"off":[1.7,1.1]}},{"type":"Feature","geometry":{"type":"Point","coordinates":[19.272845,50.051761]},"properties":{"name":"Gromiec Granica","band":2,"modes":"bus","arr":["15"],"off":[0,-0.8]}},{"type":"Feature","geometry":{"type":"Point","coordinates":[19.272845,50.051761]},"properties":{"line":"15","mode":"bus","color":"#0059a9","colorDark":"#00294f","band":2,"off":[0,1.1]}},{"type":"Feature","geometry":{"type":"Point","coordinates":[19.531502,50.172033]},"properties":{"name":"Psary Centrum","band":2,"modes":"bus","arr":["15","41"],"off":[0,-0.8]}},{"type":"Feature","geometry":{"type":"Point","coordinates":[19.531502,50.172033]},"properties":{"line":"15","mode":"bus","color":"#0059a9","colorDark":"#00294f","band":2,"off":[-1.7,1.1]}},{"type":"Feature","geometry":{"type":"Point","coordinates":[19.531502,50.172033]},"properties":{"line":"41","mode":"bus","color":"#0059a9","colorDark":"#00294f","band":2,"off":[1.7,1.1]}},{"type":"Feature","geometry":{"type":"Point","coordinates":[19.302157,50.095969]},"properties":{"name":"Libiąż Oświęcimska Cmentarz","band":2,"modes":"bus","arr":["15"],"off":[0,-0.8]}},{"type":"Feature","geometry":{"type":"Point","coordinates":[19.302157,50.095969]},"properties":{"line":"15","mode":"bus","color":"#0059a9","colorDark":"#00294f","band":2,"off":[0,1.1]}},{"type":"Feature","geometry":{"type":"Point","coordinates":[19.497888,50.165502]},"properties":{"name":"Młoszowa Wzgórze II","band":2,"modes":"bus","arr":["15"],"off":[0,-0.8]}},{"type":"Feature","geometry":{"type":"Point","coordinates":[19.497888,50.165502]},"properties":{"line":"15","mode":"bus","color":"#0059a9","colorDark":"#00294f","band":2,"off":[0,1.1]}},{"type":"Feature","geometry":{"type":"Point","coordinates":[19.297173,50.081565]},"properties":{"name":"Libiąż Budzowy Sklep","band":2,"modes":"bus","arr":["15"],"off":[0,-0.8]}},{"type":"Feature","geometry":{"type":"Point","coordinates":[19.297173,50.081565]},"properties":{"line":"15","mode":"bus","color":"#0059a9","colorDark":"#00294f","band":2,"off":[0,1.1]}},{"type":"Feature","geometry":{"type":"Point","coordinates":[19.479895,50.184492]},"properties":{"name":"Myślachowice Centrum","band":2,"modes":"bus","arr":["41"],"off":[0,-0.8]}},{"type":"Feature","geometry":{"type":"Point","coordinates":[19.479895,50.184492]},"properties":{"line":"41","mode":"bus","color":"#0059a9","colorDark":"#00294f","band":2,"off":[0,1.1]}},{"type":"Feature","geometry":{"type":"Point","coordinates":[19.436514,50.075992]},"properties":{"name":"Wygiełzów","band":2,"modes":"bus","arr":["17a","32a"],"off":[0,-0.8]}},{"type":"Feature","geometry":{"type":"Point","coordinates":[19.436514,50.075992]},"properties":{"line":"17a","mode":"bus","color":"#0059a9","colorDark":"#00294f","band":2,"off":[-1.7,1.1]}},{"type":"Feature","geometry":{"type":"Point","coordinates":[19.436514,50.075992]},"properties":{"line":"32a","mode":"bus","color":"#0059a9","colorDark":"#00294f","band":2,"off":[1.7,1.1]}},{"type":"Feature","geometry":{"type":"Point","coordinates":[19.441149,50.081882]},"properties":{"name":"Płaza Dolna I. (Pętla)","band":2,"modes":"bus","arr":["17a","32a","42"],"off":[0,-0.8]}},{"type":"Feature","geometry":{"type":"Point","coordinates":[19.441149,50.081882]},"properties":{"line":"17a","mode":"bus","color":"#0059a9","colorDark":"#00294f","band":2,"off":[-3.4,1.1]}},{"type":"Feature","geometry":{"type":"Point","coordinates":[19.441149,50.081882]},"properties":{"line":"32a","mode":"bus","color":"#0059a9","colorDark":"#00294f","band":2,"off":[0,1.1]}},{"type":"Feature","geometry":{"type":"Point","coordinates":[19.441149,50.081882]},"properties":{"line":"42","mode":"bus","color":"#0059a9","colorDark":"#00294f","band":2,"off":[3.4,1.1]}},{"type":"Feature","geometry":{"type":"Point","coordinates":[19.464147,50.098762]},"properties":{"name":"Płaza Górna Kościół","band":2,"modes":"bus","arr":["P"],"off":[0,-0.8]}},{"type":"Feature","geometry":{"type":"Point","coordinates":[19.464147,50.098762]},"properties":{"line":"P","mode":"bus","color":"#0059a9","colorDark":"#00294f","band":2,"off":[0,1.1]}},{"type":"Feature","geometry":{"type":"Point","coordinates":[19.460566,50.100334]},"properties":{"name":"Płaza Cmentarz","band":2,"modes":"bus","arr":["42"],"off":[0,-0.8]}},{"type":"Feature","geometry":{"type":"Point","coordinates":[19.460566,50.100334]},"properties":{"line":"42","mode":"bus","color":"#0059a9","colorDark":"#00294f","band":2,"off":[0,1.1]}},{"type":"Feature","geometry":{"type":"Point","coordinates":[19.42715,50.137775]},"properties":{"name":"Chrzanów Szpital","band":2,"modes":"bus","arr":["31"],"off":[0,-0.8]}},{"type":"Feature","geometry":{"type":"Point","coordinates":[19.42715,50.137775]},"properties":{"line":"31","mode":"bus","color":"#0059a9","colorDark":"#00294f","band":2,"off":[0,1.1]}},{"type":"Feature","geometry":{"type":"Point","coordinates":[19.372308,50.113373]},"properties":{"name":"Chrzanów Oczyszczalnia","band":2,"modes":"bus","arr":["25"],"off":[0,-0.8]}},{"type":"Feature","geometry":{"type":"Point","coordinates":[19.372308,50.113373]},"properties":{"line":"25","mode":"bus","color":"#0059a9","colorDark":"#00294f","band":2,"off":[0,1.1]}},{"type":"Feature","geometry":{"type":"Point","coordinates":[19.277053,50.11184]},"properties":{"name":"Libiąż Kosówki Paprocia II","band":2,"modes":"bus","arr":["25"],"off":[0,-0.8]}},{"type":"Feature","geometry":{"type":"Point","coordinates":[19.277053,50.11184]},"properties":{"line":"25","mode":"bus","color":"#0059a9","colorDark":"#00294f","band":2,"off":[0,1.1]}},{"type":"Feature","geometry":{"type":"Point","coordinates":[19.378076,50.183832]},"properties":{"name":"Okradziejówka Pętla","band":2,"modes":"bus","arr":["29"],"off":[0,-0.8]}},{"type":"Feature","geometry":{"type":"Point","coordinates":[19.378076,50.183832]},"properties":{"line":"29","mode":"bus","color":"#0059a9","colorDark":"#00294f","band":2,"off":[0,1.1]}},{"type":"Feature","geometry":{"type":"Point","coordinates":[19.4026,50.127096]},"properties":{"name":"Chrzanów Os.Młodości Witosa","band":2,"modes":"bus","arr":["30"],"off":[0,-0.8]}},{"type":"Feature","geometry":{"type":"Point","coordinates":[19.4026,50.127096]},"properties":{"line":"30","mode":"bus","color":"#0059a9","colorDark":"#00294f","band":2,"off":[0,1.1]}},{"type":"Feature","geometry":{"type":"Point","coordinates":[19.409734,50.115914]},"properties":{"name":"Chrzanów Stella Pętla","band":2,"modes":"bus","arr":["35"],"off":[0,-0.8]}},{"type":"Feature","geometry":{"type":"Point","coordinates":[19.409734,50.115914]},"properties":{"line":"35","mode":"bus","color":"#0059a9","colorDark":"#00294f","band":2,"off":[0,1.1]}},{"type":"Feature","geometry":{"type":"Point","coordinates":[19.514157,50.174546]},"properties":{"name":"Psary Ostra Góra","band":2,"modes":"bus","arr":["41"],"off":[0,-0.8]}},{"type":"Feature","geometry":{"type":"Point","coordinates":[19.514157,50.174546]},"properties":{"line":"41","mode":"bus","color":"#0059a9","colorDark":"#00294f","band":2,"off":[0,1.1]}},{"type":"Feature","geometry":{"type":"Point","coordinates":[19.510993,50.203465]},"properties":{"name":"Płoki Centrum","band":2,"modes":"bus","arr":["41","42","Lc"],"off":[0,-0.8]}},{"type":"Feature","geometry":{"type":"Point","coordinates":[19.510993,50.203465]},"properties":{"line":"41","mode":"bus","color":"#0059a9","colorDark":"#00294f","band":2,"off":[-3.4,1.1]}},{"type":"Feature","geometry":{"type":"Point","coordinates":[19.510993,50.203465]},"properties":{"line":"42","mode":"bus","color":"#0059a9","colorDark":"#00294f","band":2,"off":[0,1.1]}},{"type":"Feature","geometry":{"type":"Point","coordinates":[19.510993,50.203465]},"properties":{"line":"Lc","mode":"bus","color":"#0059a9","colorDark":"#00294f","band":2,"off":[3.4,1.1]}},{"type":"Feature","geometry":{"type":"Point","coordinates":[19.496252,50.1104]},"properties":{"name":"Bolęcin Stawki","band":2,"modes":"bus","arr":["42"],"off":[0,-0.8]}},{"type":"Feature","geometry":{"type":"Point","coordinates":[19.496252,50.1104]},"properties":{"line":"42","mode":"bus","color":"#0059a9","colorDark":"#00294f","band":2,"off":[0,1.1]}},{"type":"Feature","geometry":{"type":"Point","coordinates":[19.478453,50.113971]},"properties":{"name":"Bolęcin Szkoła","band":2,"modes":"bus","arr":["P"],"off":[0,-0.8]}},{"type":"Feature","geometry":{"type":"Point","coordinates":[19.478453,50.113971]},"properties":{"line":"P","mode":"bus","color":"#0059a9","colorDark":"#00294f","band":2,"off":[0,1.1]}},{"type":"Feature","geometry":{"type":"Point","coordinates":[19.327582,50.112479]},"properties":{"name":"Libiąż PKP","band":2,"modes":"bus","arr":["B"],"off":[0,-0.8]}},{"type":"Feature","geometry":{"type":"Point","coordinates":[19.327582,50.112479]},"properties":{"line":"B","mode":"bus","color":"#0059a9","colorDark":"#00294f","band":2,"off":[0,1.1]}},{"type":"Feature","geometry":{"type":"Point","coordinates":[19.387631,50.049442]},"properties":{"name":"Mętków Mały","band":2,"modes":"bus","arr":["B"],"off":[0,-0.8]}},{"type":"Feature","geometry":{"type":"Point","coordinates":[19.387631,50.049442]},"properties":{"line":"B","mode":"bus","color":"#0059a9","colorDark":"#00294f","band":2,"off":[0,1.1]}},{"type":"Feature","geometry":{"type":"Point","coordinates":[19.358897,50.051959]},"properties":{"name":"Żarki Bębenki","band":2,"modes":"bus","arr":["B"],"off":[0,-0.8]}},{"type":"Feature","geometry":{"type":"Point","coordinates":[19.358897,50.051959]},"properties":{"line":"B","mode":"bus","color":"#0059a9","colorDark":"#00294f","band":2,"off":[0,1.1]}},{"type":"Feature","geometry":{"type":"Point","coordinates":[19.47069,50.193628]},"properties":{"name":"Myślachowice Piekarnia","band":2,"modes":"bus","arr":["Lb"],"off":[0,-0.8]}},{"type":"Feature","geometry":{"type":"Point","coordinates":[19.47069,50.193628]},"properties":{"line":"Lb","mode":"bus","color":"#0059a9","colorDark":"#00294f","band":2,"off":[0,1.1]}},{"type":"Feature","geometry":{"type":"Point","coordinates":[19.555728,50.207018]},"properties":{"name":"Lgota","band":2,"modes":"bus","arr":["Lb"],"off":[0,-0.8]}},{"type":"Feature","geometry":{"type":"Point","coordinates":[19.555728,50.207018]},"properties":{"line":"Lb","mode":"bus","color":"#0059a9","colorDark":"#00294f","band":2,"off":[0,1.1]}},{"type":"Feature","geometry":{"type":"Point","coordinates":[19.392099,50.128225]},"properties":{"name":"Chrzanów Fablok","band":3,"modes":"bus","arr":["3","30"],"off":[0,-0.8]}},{"type":"Feature","geometry":{"type":"Point","coordinates":[19.392099,50.128225]},"properties":{"line":"3","mode":"bus","color":"#0059a9","colorDark":"#00294f","band":3,"off":[-1.7,1.1]}},{"type":"Feature","geometry":{"type":"Point","coordinates":[19.392099,50.128225]},"properties":{"line":"30","mode":"bus","color":"#0059a9","colorDark":"#00294f","band":3,"off":[1.7,1.1]}},{"type":"Feature","geometry":{"type":"Point","coordinates":[19.411537,50.142649]},"properties":{"name":"Chrzanów Dworzec Autobusowy","band":3,"modes":"bus","arr":["3","8","9","10","15","17a","17b","25","29","30","31","31B","32a","32b","33","35","38"],"off":[0,-0.8]}},{"type":"Feature","geometry":{"type":"Point","coordinates":[19.411537,50.142649]},"properties":{"line":"3","mode":"bus","color":"#0059a9","colorDark":"#00294f","band":3,"off":[-6.8,1.1]}},{"type":"Feature","geometry":{"type":"Point","coordinates":[19.411537,50.142649]},"properties":{"line":"8","mode":"bus","color":"#0059a9","colorDark":"#00294f","band":3,"off":[-3.4,1.1]}},{"type":"Feature","geometry":{"type":"Point","coordinates":[19.411537,50.142649]},"properties":{"line":"9","mode":"bus","color":"#0059a9","colorDark":"#00294f","band":3,"off":[0,1.1]}},{"type":"Feature","geometry":{"type":"Point","coordinates":[19.411537,50.142649]},"properties":{"line":"10","mode":"bus","color":"#0059a9","colorDark":"#00294f","band":3,"off":[3.4,1.1]}},{"type":"Feature","geometry":{"type":"Point","coordinates":[19.411537,50.142649]},"properties":{"line":"15","mode":"bus","color":"#0059a9","colorDark":"#00294f","band":3,"off":[6.8,1.1]}},{"type":"Feature","geometry":{"type":"Point","coordinates":[19.411537,50.142649]},"properties":{"line":"17a","mode":"bus","color":"#0059a9","colorDark":"#00294f","band":3,"off":[-6.8,3.1]}},{"type":"Feature","geometry":{"type":"Point","coordinates":[19.411537,50.142649]},"properties":{"line":"17b","mode":"bus","color":"#0059a9","colorDark":"#00294f","band":3,"off":[-3.4,3.1]}},{"type":"Feature","geometry":{"type":"Point","coordinates":[19.411537,50.142649]},"properties":{"line":"25","mode":"bus","color":"#0059a9","colorDark":"#00294f","band":3,"off":[0,3.1]}},{"type":"Feature","geometry":{"type":"Point","coordinates":[19.411537,50.142649]},"properties":{"line":"29","mode":"bus","color":"#0059a9","colorDark":"#00294f","band":3,"off":[3.4,3.1]}},{"type":"Feature","geometry":{"type":"Point","coordinates":[19.411537,50.142649]},"properties":{"line":"30","mode":"bus","color":"#0059a9","colorDark":"#00294f","band":3,"off":[6.8,3.1]}},{"type":"Feature","geometry":{"type":"Point","coordinates":[19.411537,50.142649]},"properties":{"line":"31","mode":"bus","color":"#0059a9","colorDark":"#00294f","band":3,"off":[-6.8,5.1]}},{"type":"Feature","geometry":{"type":"Point","coordinates":[19.411537,50.142649]},"properties":{"line":"31B","mode":"bus","color":"#0059a9","colorDark":"#00294f","band":3,"off":[-3.4,5.1]}},{"type":"Feature","geometry":{"type":"Point","coordinates":[19.411537,50.142649]},"properties":{"line":"32a","mode":"bus","color":"#0059a9","colorDark":"#00294f","band":3,"off":[0,5.1]}},{"type":"Feature","geometry":{"type":"Point","coordinates":[19.411537,50.142649]},"properties":{"line":"32b","mode":"bus","color":"#0059a9","colorDark":"#00294f","band":3,"off":[3.4,5.1]}},{"type":"Feature","geometry":{"type":"Point","coordinates":[19.411537,50.142649]},"properties":{"line":"33","mode":"bus","color":"#0059a9","colorDark":"#00294f","band":3,"off":[6.8,5.1]}},{"type":"Feature","geometry":{"type":"Point","coordinates":[19.411537,50.142649]},"properties":{"line":"35","mode":"bus","color":"#0059a9","colorDark":"#00294f","band":3,"off":[-1.7,7.1]}},{"type":"Feature","geometry":{"type":"Point","coordinates":[19.411537,50.142649]},"properties":{"line":"38","mode":"bus","color":"#0059a9","colorDark":"#00294f","band":3,"off":[1.7,7.1]}},{"type":"Feature","geometry":{"type":"Point","coordinates":[19.329254,50.096216]},"properties":{"name":"Libiąż Kopalnia Janina","band":3,"modes":"bus","arr":["15","A","B"],"off":[0,-0.8]}},{"type":"Feature","geometry":{"type":"Point","coordinates":[19.329254,50.096216]},"properties":{"line":"15","mode":"bus","color":"#0059a9","colorDark":"#00294f","band":3,"off":[-3.4,1.1]}},{"type":"Feature","geometry":{"type":"Point","coordinates":[19.329254,50.096216]},"properties":{"line":"A","mode":"bus","color":"#0059a9","colorDark":"#00294f","band":3,"off":[0,1.1]}},{"type":"Feature","geometry":{"type":"Point","coordinates":[19.329254,50.096216]},"properties":{"line":"B","mode":"bus","color":"#0059a9","colorDark":"#00294f","band":3,"off":[3.4,1.1]}},{"type":"Feature","geometry":{"type":"Point","coordinates":[19.330005,50.106421]},"properties":{"name":"Libiąż Dworzec Autobusowy","band":3,"modes":"bus","arr":["8","15","38"],"off":[0,-0.8]}},{"type":"Feature","geometry":{"type":"Point","coordinates":[19.330005,50.106421]},"properties":{"line":"8","mode":"bus","color":"#0059a9","colorDark":"#00294f","band":3,"off":[-3.4,1.1]}},{"type":"Feature","geometry":{"type":"Point","coordinates":[19.330005,50.106421]},"properties":{"line":"15","mode":"bus","color":"#0059a9","colorDark":"#00294f","band":3,"off":[0,1.1]}},{"type":"Feature","geometry":{"type":"Point","coordinates":[19.330005,50.106421]},"properties":{"line":"38","mode":"bus","color":"#0059a9","colorDark":"#00294f","band":3,"off":[3.4,1.1]}},{"type":"Feature","geometry":{"type":"Point","coordinates":[19.243216,50.108998]},"properties":{"name":"Chełmek Młyny","band":3,"modes":"bus","arr":["8","25"],"off":[0,-0.8]}},{"type":"Feature","geometry":{"type":"Point","coordinates":[19.243216,50.108998]},"properties":{"line":"8","mode":"bus","color":"#0059a9","colorDark":"#00294f","band":3,"off":[-1.7,1.1]}},{"type":"Feature","geometry":{"type":"Point","coordinates":[19.243216,50.108998]},"properties":{"line":"25","mode":"bus","color":"#0059a9","colorDark":"#00294f","band":3,"off":[1.7,1.1]}},{"type":"Feature","geometry":{"type":"Point","coordinates":[19.237893,50.097626]},"properties":{"name":"Chełmek Chrobrego Szkoła","band":3,"modes":"bus","arr":["8"],"off":[0,-0.8]}},{"type":"Feature","geometry":{"type":"Point","coordinates":[19.237893,50.097626]},"properties":{"line":"8","mode":"bus","color":"#0059a9","colorDark":"#00294f","band":3,"off":[0,1.1]}},{"type":"Feature","geometry":{"type":"Point","coordinates":[19.467481,50.210231]},"properties":{"name":"Czyżówka Pętla","band":3,"modes":"bus","arr":["9","42"],"off":[0,-0.8]}},{"type":"Feature","geometry":{"type":"Point","coordinates":[19.467481,50.210231]},"properties":{"line":"9","mode":"bus","color":"#0059a9","colorDark":"#00294f","band":3,"off":[-1.7,1.1]}},{"type":"Feature","geometry":{"type":"Point","coordinates":[19.467481,50.210231]},"properties":{"line":"42","mode":"bus","color":"#0059a9","colorDark":"#00294f","band":3,"off":[1.7,1.1]}},{"type":"Feature","geometry":{"type":"Point","coordinates":[19.453679,50.200146]},"properties":{"name":"Trzebinia Os.Energetyków","band":3,"modes":"bus","arr":["9"],"off":[0,-0.8]}},{"type":"Feature","geometry":{"type":"Point","coordinates":[19.453679,50.200146]},"properties":{"line":"9","mode":"bus","color":"#0059a9","colorDark":"#00294f","band":3,"off":[0,1.1]}},{"type":"Feature","geometry":{"type":"Point","coordinates":[19.425454,50.197253]},"properties":{"name":"Trzebinia Siersza Liceum","band":3,"modes":"bus","arr":["10"],"off":[0,-0.8]}},{"type":"Feature","geometry":{"type":"Point","coordinates":[19.425454,50.197253]},"properties":{"line":"10","mode":"bus","color":"#0059a9","colorDark":"#00294f","band":3,"off":[0,1.1]}},{"type":"Feature","geometry":{"type":"Point","coordinates":[19.453812,50.185159]},"properties":{"name":"Trzebinia KWK Siersza","band":3,"modes":"bus","arr":["10"],"off":[0,-0.8]}},{"type":"Feature","geometry":{"type":"Point","coordinates":[19.453812,50.185159]},"properties":{"line":"10","mode":"bus","color":"#0059a9","colorDark":"#00294f","band":3,"off":[0,1.1]}},{"type":"Feature","geometry":{"type":"Point","coordinates":[19.46596,50.159168]},"properties":{"name":"Trzebinia Mały Rynek Kościuszki","band":3,"modes":"bus","arr":["10"],"off":[0,-0.8]}},{"type":"Feature","geometry":{"type":"Point","coordinates":[19.46596,50.159168]},"properties":{"line":"10","mode":"bus","color":"#0059a9","colorDark":"#00294f","band":3,"off":[0,1.1]}},{"type":"Feature","geometry":{"type":"Point","coordinates":[19.454056,50.155141]},"properties":{"name":"Trzebinia PKP","band":3,"modes":"bus","arr":["9","10","41","La","Lb","Lc","N"],"off":[0,-0.8]}},{"type":"Feature","geometry":{"type":"Point","coordinates":[19.454056,50.155141]},"properties":{"line":"9","mode":"bus","color":"#0059a9","colorDark":"#00294f","band":3,"off":[-6.8,1.1]}},{"type":"Feature","geometry":{"type":"Point","coordinates":[19.454056,50.155141]},"properties":{"line":"10","mode":"bus","color":"#0059a9","colorDark":"#00294f","band":3,"off":[-3.4,1.1]}},{"type":"Feature","geometry":{"type":"Point","coordinates":[19.454056,50.155141]},"properties":{"line":"41","mode":"bus","color":"#0059a9","colorDark":"#00294f","band":3,"off":[0,1.1]}},{"type":"Feature","geometry":{"type":"Point","coordinates":[19.454056,50.155141]},"properties":{"line":"La","mode":"bus","color":"#0059a9","colorDark":"#00294f","band":3,"off":[3.4,1.1]}},{"type":"Feature","geometry":{"type":"Point","coordinates":[19.454056,50.155141]},"properties":{"line":"Lb","mode":"bus","color":"#0059a9","colorDark":"#00294f","band":3,"off":[6.8,1.1]}},{"type":"Feature","geometry":{"type":"Point","coordinates":[19.454056,50.155141]},"properties":{"line":"Lc","mode":"bus","color":"#0059a9","colorDark":"#00294f","band":3,"off":[-1.7,3.1]}},{"type":"Feature","geometry":{"type":"Point","coordinates":[19.454056,50.155141]},"properties":{"line":"N","mode":"bus","color":"#000000","colorDark":"#000000","band":3,"off":[1.7,3.1]}},{"type":"Feature","geometry":{"type":"Point","coordinates":[19.462663,50.204972]},"properties":{"name":"Trzebinia Elektrownia Siersza","band":3,"modes":"bus","arr":["9"],"off":[0,-0.8]}},{"type":"Feature","geometry":{"type":"Point","coordinates":[19.462663,50.204972]},"properties":{"line":"9","mode":"bus","color":"#0059a9","colorDark":"#00294f","band":3,"off":[0,1.1]}},{"type":"Feature","geometry":{"type":"Point","coordinates":[19.414339,50.143308]},"properties":{"name":"Chrzanów Trzebińska","band":3,"modes":"bus","arr":["9","15","41","P"],"off":[0,-0.8]}},{"type":"Feature","geometry":{"type":"Point","coordinates":[19.414339,50.143308]},"properties":{"line":"9","mode":"bus","color":"#0059a9","colorDark":"#00294f","band":3,"off":[-5.1,1.1]}},{"type":"Feature","geometry":{"type":"Point","coordinates":[19.414339,50.143308]},"properties":{"line":"15","mode":"bus","color":"#0059a9","colorDark":"#00294f","band":3,"off":[-1.7,1.1]}},{"type":"Feature","geometry":{"type":"Point","coordinates":[19.414339,50.143308]},"properties":{"line":"41","mode":"bus","color":"#0059a9","colorDark":"#00294f","band":3,"off":[1.7,1.1]}},{"type":"Feature","geometry":{"type":"Point","coordinates":[19.414339,50.143308]},"properties":{"line":"P","mode":"bus","color":"#0059a9","colorDark":"#00294f","band":3,"off":[5.1,1.1]}},{"type":"Feature","geometry":{"type":"Point","coordinates":[19.466627,50.159686]},"properties":{"name":"Trzebinia Mały Rynek","band":3,"modes":"bus","arr":["41","42"],"off":[0,-0.8]}},{"type":"Feature","geometry":{"type":"Point","coordinates":[19.466627,50.159686]},"properties":{"line":"41","mode":"bus","color":"#0059a9","colorDark":"#00294f","band":3,"off":[-1.7,1.1]}},{"type":"Feature","geometry":{"type":"Point","coordinates":[19.466627,50.159686]},"properties":{"line":"42","mode":"bus","color":"#0059a9","colorDark":"#00294f","band":3,"off":[1.7,1.1]}},{"type":"Feature","geometry":{"type":"Point","coordinates":[19.473097,50.166388]},"properties":{"name":"Trzebinia Piłsudskiego Kościół","band":3,"modes":"bus","arr":["N"],"off":[0,-0.8]}},{"type":"Feature","geometry":{"type":"Point","coordinates":[19.473097,50.166388]},"properties":{"line":"N","mode":"bus","color":"#000000","colorDark":"#000000","band":3,"off":[0,1.1]}},{"type":"Feature","geometry":{"type":"Point","coordinates":[19.491327,50.1503]},"properties":{"name":"Młoszowa Florkiewicza","band":3,"modes":"bus","arr":["10","15"],"off":[0,-0.8]}},{"type":"Feature","geometry":{"type":"Point","coordinates":[19.491327,50.1503]},"properties":{"line":"10","mode":"bus","color":"#0059a9","colorDark":"#00294f","band":3,"off":[-1.7,1.1]}},{"type":"Feature","geometry":{"type":"Point","coordinates":[19.491327,50.1503]},"properties":{"line":"15","mode":"bus","color":"#0059a9","colorDark":"#00294f","band":3,"off":[1.7,1.1]}},{"type":"Feature","geometry":{"type":"Point","coordinates":[19.473132,50.172723]},"properties":{"name":"Trzebinia Zbyszek","band":3,"modes":"bus","arr":["15","41"],"off":[0,-0.8]}},{"type":"Feature","geometry":{"type":"Point","coordinates":[19.473132,50.172723]},"properties":{"line":"15","mode":"bus","color":"#0059a9","colorDark":"#00294f","band":3,"off":[-1.7,1.1]}},{"type":"Feature","geometry":{"type":"Point","coordinates":[19.473132,50.172723]},"properties":{"line":"41","mode":"bus","color":"#0059a9","colorDark":"#00294f","band":3,"off":[1.7,1.1]}},{"type":"Feature","geometry":{"type":"Point","coordinates":[19.272845,50.051761]},"properties":{"name":"Gromiec Granica","band":3,"modes":"bus","arr":["15"],"off":[0,-0.8]}},{"type":"Feature","geometry":{"type":"Point","coordinates":[19.272845,50.051761]},"properties":{"line":"15","mode":"bus","color":"#0059a9","colorDark":"#00294f","band":3,"off":[0,1.1]}},{"type":"Feature","geometry":{"type":"Point","coordinates":[19.531502,50.172033]},"properties":{"name":"Psary Centrum","band":3,"modes":"bus","arr":["15","41"],"off":[0,-0.8]}},{"type":"Feature","geometry":{"type":"Point","coordinates":[19.531502,50.172033]},"properties":{"line":"15","mode":"bus","color":"#0059a9","colorDark":"#00294f","band":3,"off":[-1.7,1.1]}},{"type":"Feature","geometry":{"type":"Point","coordinates":[19.531502,50.172033]},"properties":{"line":"41","mode":"bus","color":"#0059a9","colorDark":"#00294f","band":3,"off":[1.7,1.1]}},{"type":"Feature","geometry":{"type":"Point","coordinates":[19.302157,50.095969]},"properties":{"name":"Libiąż Oświęcimska Cmentarz","band":3,"modes":"bus","arr":["15"],"off":[0,-0.8]}},{"type":"Feature","geometry":{"type":"Point","coordinates":[19.302157,50.095969]},"properties":{"line":"15","mode":"bus","color":"#0059a9","colorDark":"#00294f","band":3,"off":[0,1.1]}},{"type":"Feature","geometry":{"type":"Point","coordinates":[19.497888,50.165502]},"properties":{"name":"Młoszowa Wzgórze II","band":3,"modes":"bus","arr":["15"],"off":[0,-0.8]}},{"type":"Feature","geometry":{"type":"Point","coordinates":[19.497888,50.165502]},"properties":{"line":"15","mode":"bus","color":"#0059a9","colorDark":"#00294f","band":3,"off":[0,1.1]}},{"type":"Feature","geometry":{"type":"Point","coordinates":[19.297173,50.081565]},"properties":{"name":"Libiąż Budzowy Sklep","band":3,"modes":"bus","arr":["15"],"off":[0,-0.8]}},{"type":"Feature","geometry":{"type":"Point","coordinates":[19.297173,50.081565]},"properties":{"line":"15","mode":"bus","color":"#0059a9","colorDark":"#00294f","band":3,"off":[0,1.1]}},{"type":"Feature","geometry":{"type":"Point","coordinates":[19.479895,50.184492]},"properties":{"name":"Myślachowice Centrum","band":3,"modes":"bus","arr":["41"],"off":[0,-0.8]}},{"type":"Feature","geometry":{"type":"Point","coordinates":[19.479895,50.184492]},"properties":{"line":"41","mode":"bus","color":"#0059a9","colorDark":"#00294f","band":3,"off":[0,1.1]}},{"type":"Feature","geometry":{"type":"Point","coordinates":[19.436514,50.075992]},"properties":{"name":"Wygiełzów","band":3,"modes":"bus","arr":["17a","32a"],"off":[0,-0.8]}},{"type":"Feature","geometry":{"type":"Point","coordinates":[19.436514,50.075992]},"properties":{"line":"17a","mode":"bus","color":"#0059a9","colorDark":"#00294f","band":3,"off":[-1.7,1.1]}},{"type":"Feature","geometry":{"type":"Point","coordinates":[19.436514,50.075992]},"properties":{"line":"32a","mode":"bus","color":"#0059a9","colorDark":"#00294f","band":3,"off":[1.7,1.1]}},{"type":"Feature","geometry":{"type":"Point","coordinates":[19.441149,50.081882]},"properties":{"name":"Płaza Dolna I. (Pętla)","band":3,"modes":"bus","arr":["17a","32a","42"],"off":[0,-0.8]}},{"type":"Feature","geometry":{"type":"Point","coordinates":[19.441149,50.081882]},"properties":{"line":"17a","mode":"bus","color":"#0059a9","colorDark":"#00294f","band":3,"off":[-3.4,1.1]}},{"type":"Feature","geometry":{"type":"Point","coordinates":[19.441149,50.081882]},"properties":{"line":"32a","mode":"bus","color":"#0059a9","colorDark":"#00294f","band":3,"off":[0,1.1]}},{"type":"Feature","geometry":{"type":"Point","coordinates":[19.441149,50.081882]},"properties":{"line":"42","mode":"bus","color":"#0059a9","colorDark":"#00294f","band":3,"off":[3.4,1.1]}},{"type":"Feature","geometry":{"type":"Point","coordinates":[19.464147,50.098762]},"properties":{"name":"Płaza Górna Kościół","band":3,"modes":"bus","arr":["P"],"off":[0,-0.8]}},{"type":"Feature","geometry":{"type":"Point","coordinates":[19.464147,50.098762]},"properties":{"line":"P","mode":"bus","color":"#0059a9","colorDark":"#00294f","band":3,"off":[0,1.1]}},{"type":"Feature","geometry":{"type":"Point","coordinates":[19.460566,50.100334]},"properties":{"name":"Płaza Cmentarz","band":3,"modes":"bus","arr":["42"],"off":[0,-0.8]}},{"type":"Feature","geometry":{"type":"Point","coordinates":[19.460566,50.100334]},"properties":{"line":"42","mode":"bus","color":"#0059a9","colorDark":"#00294f","band":3,"off":[0,1.1]}},{"type":"Feature","geometry":{"type":"Point","coordinates":[19.42715,50.137775]},"properties":{"name":"Chrzanów Szpital","band":3,"modes":"bus","arr":["31"],"off":[0,-0.8]}},{"type":"Feature","geometry":{"type":"Point","coordinates":[19.42715,50.137775]},"properties":{"line":"31","mode":"bus","color":"#0059a9","colorDark":"#00294f","band":3,"off":[0,1.1]}},{"type":"Feature","geometry":{"type":"Point","coordinates":[19.372308,50.113373]},"properties":{"name":"Chrzanów Oczyszczalnia","band":3,"modes":"bus","arr":["25"],"off":[0,-0.8]}},{"type":"Feature","geometry":{"type":"Point","coordinates":[19.372308,50.113373]},"properties":{"line":"25","mode":"bus","color":"#0059a9","colorDark":"#00294f","band":3,"off":[0,1.1]}},{"type":"Feature","geometry":{"type":"Point","coordinates":[19.277053,50.11184]},"properties":{"name":"Libiąż Kosówki Paprocia II","band":3,"modes":"bus","arr":["25"],"off":[0,-0.8]}},{"type":"Feature","geometry":{"type":"Point","coordinates":[19.277053,50.11184]},"properties":{"line":"25","mode":"bus","color":"#0059a9","colorDark":"#00294f","band":3,"off":[0,1.1]}},{"type":"Feature","geometry":{"type":"Point","coordinates":[19.378076,50.183832]},"properties":{"name":"Okradziejówka Pętla","band":3,"modes":"bus","arr":["29"],"off":[0,-0.8]}},{"type":"Feature","geometry":{"type":"Point","coordinates":[19.378076,50.183832]},"properties":{"line":"29","mode":"bus","color":"#0059a9","colorDark":"#00294f","band":3,"off":[0,1.1]}},{"type":"Feature","geometry":{"type":"Point","coordinates":[19.4026,50.127096]},"properties":{"name":"Chrzanów Os.Młodości Witosa","band":3,"modes":"bus","arr":["30"],"off":[0,-0.8]}},{"type":"Feature","geometry":{"type":"Point","coordinates":[19.4026,50.127096]},"properties":{"line":"30","mode":"bus","color":"#0059a9","colorDark":"#00294f","band":3,"off":[0,1.1]}},{"type":"Feature","geometry":{"type":"Point","coordinates":[19.409734,50.115914]},"properties":{"name":"Chrzanów Stella Pętla","band":3,"modes":"bus","arr":["35"],"off":[0,-0.8]}},{"type":"Feature","geometry":{"type":"Point","coordinates":[19.409734,50.115914]},"properties":{"line":"35","mode":"bus","color":"#0059a9","colorDark":"#00294f","band":3,"off":[0,1.1]}},{"type":"Feature","geometry":{"type":"Point","coordinates":[19.514157,50.174546]},"properties":{"name":"Psary Ostra Góra","band":3,"modes":"bus","arr":["41"],"off":[0,-0.8]}},{"type":"Feature","geometry":{"type":"Point","coordinates":[19.514157,50.174546]},"properties":{"line":"41","mode":"bus","color":"#0059a9","colorDark":"#00294f","band":3,"off":[0,1.1]}},{"type":"Feature","geometry":{"type":"Point","coordinates":[19.510993,50.203465]},"properties":{"name":"Płoki Centrum","band":3,"modes":"bus","arr":["41","42","Lc"],"off":[0,-0.8]}},{"type":"Feature","geometry":{"type":"Point","coordinates":[19.510993,50.203465]},"properties":{"line":"41","mode":"bus","color":"#0059a9","colorDark":"#00294f","band":3,"off":[-3.4,1.1]}},{"type":"Feature","geometry":{"type":"Point","coordinates":[19.510993,50.203465]},"properties":{"line":"42","mode":"bus","color":"#0059a9","colorDark":"#00294f","band":3,"off":[0,1.1]}},{"type":"Feature","geometry":{"type":"Point","coordinates":[19.510993,50.203465]},"properties":{"line":"Lc","mode":"bus","color":"#0059a9","colorDark":"#00294f","band":3,"off":[3.4,1.1]}},{"type":"Feature","geometry":{"type":"Point","coordinates":[19.496252,50.1104]},"properties":{"name":"Bolęcin Stawki","band":3,"modes":"bus","arr":["42"],"off":[0,-0.8]}},{"type":"Feature","geometry":{"type":"Point","coordinates":[19.496252,50.1104]},"properties":{"line":"42","mode":"bus","color":"#0059a9","colorDark":"#00294f","band":3,"off":[0,1.1]}},{"type":"Feature","geometry":{"type":"Point","coordinates":[19.478453,50.113971]},"properties":{"name":"Bolęcin Szkoła","band":3,"modes":"bus","arr":["P"],"off":[0,-0.8]}},{"type":"Feature","geometry":{"type":"Point","coordinates":[19.478453,50.113971]},"properties":{"line":"P","mode":"bus","color":"#0059a9","colorDark":"#00294f","band":3,"off":[0,1.1]}},{"type":"Feature","geometry":{"type":"Point","coordinates":[19.327582,50.112479]},"properties":{"name":"Libiąż PKP","band":3,"modes":"bus","arr":["B"],"off":[0,-0.8]}},{"type":"Feature","geometry":{"type":"Point","coordinates":[19.327582,50.112479]},"properties":{"line":"B","mode":"bus","color":"#0059a9","colorDark":"#00294f","band":3,"off":[0,1.1]}},{"type":"Feature","geometry":{"type":"Point","coordinates":[19.387631,50.049442]},"properties":{"name":"Mętków Mały","band":3,"modes":"bus","arr":["B"],"off":[0,-0.8]}},{"type":"Feature","geometry":{"type":"Point","coordinates":[19.387631,50.049442]},"properties":{"line":"B","mode":"bus","color":"#0059a9","colorDark":"#00294f","band":3,"off":[0,1.1]}},{"type":"Feature","geometry":{"type":"Point","coordinates":[19.358897,50.051959]},"properties":{"name":"Żarki Bębenki","band":3,"modes":"bus","arr":["B"],"off":[0,-0.8]}},{"type":"Feature","geometry":{"type":"Point","coordinates":[19.358897,50.051959]},"properties":{"line":"B","mode":"bus","color":"#0059a9","colorDark":"#00294f","band":3,"off":[0,1.1]}},{"type":"Feature","geometry":{"type":"Point","coordinates":[19.47069,50.193628]},"properties":{"name":"Myślachowice Piekarnia","band":3,"modes":"bus","arr":["Lb"],"off":[0,-0.8]}},{"type":"Feature","geometry":{"type":"Point","coordinates":[19.47069,50.193628]},"properties":{"line":"Lb","mode":"bus","color":"#0059a9","colorDark":"#00294f","band":3,"off":[0,1.1]}},{"type":"Feature","geometry":{"type":"Point","coordinates":[19.555728,50.207018]},"properties":{"name":"Lgota","band":3,"modes":"bus","arr":["Lb"],"off":[0,-0.8]}},{"type":"Feature","geometry":{"type":"Point","coordinates":[19.555728,50.207018]},"properties":{"line":"Lb","mode":"bus","color":"#0059a9","colorDark":"#00294f","band":3,"off":[0,1.1]}},{"type":"Feature","geometry":{"type":"Point","coordinates":[19.392099,50.128225]},"properties":{"name":"Chrzanów Fablok","band":4,"modes":"bus","arr":["3","30"],"off":[0,-0.8]}},{"type":"Feature","geometry":{"type":"Point","coordinates":[19.392099,50.128225]},"properties":{"line":"3","mode":"bus","color":"#0059a9","colorDark":"#00294f","band":4,"off":[-1.7,1.1]}},{"type":"Feature","geometry":{"type":"Point","coordinates":[19.392099,50.128225]},"properties":{"line":"30","mode":"bus","color":"#0059a9","colorDark":"#00294f","band":4,"off":[1.7,1.1]}},{"type":"Feature","geometry":{"type":"Point","coordinates":[19.411537,50.142649]},"properties":{"name":"Chrzanów Dworzec Autobusowy","band":4,"modes":"bus","arr":["3","8","9","10","15","17a","17b","25","29","30","31","31B","32a","32b","33","35","38"],"off":[0,-0.8]}},{"type":"Feature","geometry":{"type":"Point","coordinates":[19.411537,50.142649]},"properties":{"line":"3","mode":"bus","color":"#0059a9","colorDark":"#00294f","band":4,"off":[-6.8,1.1]}},{"type":"Feature","geometry":{"type":"Point","coordinates":[19.411537,50.142649]},"properties":{"line":"8","mode":"bus","color":"#0059a9","colorDark":"#00294f","band":4,"off":[-3.4,1.1]}},{"type":"Feature","geometry":{"type":"Point","coordinates":[19.411537,50.142649]},"properties":{"line":"9","mode":"bus","color":"#0059a9","colorDark":"#00294f","band":4,"off":[0,1.1]}},{"type":"Feature","geometry":{"type":"Point","coordinates":[19.411537,50.142649]},"properties":{"line":"10","mode":"bus","color":"#0059a9","colorDark":"#00294f","band":4,"off":[3.4,1.1]}},{"type":"Feature","geometry":{"type":"Point","coordinates":[19.411537,50.142649]},"properties":{"line":"15","mode":"bus","color":"#0059a9","colorDark":"#00294f","band":4,"off":[6.8,1.1]}},{"type":"Feature","geometry":{"type":"Point","coordinates":[19.411537,50.142649]},"properties":{"line":"17a","mode":"bus","color":"#0059a9","colorDark":"#00294f","band":4,"off":[-6.8,3.1]}},{"type":"Feature","geometry":{"type":"Point","coordinates":[19.411537,50.142649]},"properties":{"line":"17b","mode":"bus","color":"#0059a9","colorDark":"#00294f","band":4,"off":[-3.4,3.1]}},{"type":"Feature","geometry":{"type":"Point","coordinates":[19.411537,50.142649]},"properties":{"line":"25","mode":"bus","color":"#0059a9","colorDark":"#00294f","band":4,"off":[0,3.1]}},{"type":"Feature","geometry":{"type":"Point","coordinates":[19.411537,50.142649]},"properties":{"line":"29","mode":"bus","color":"#0059a9","colorDark":"#00294f","band":4,"off":[3.4,3.1]}},{"type":"Feature","geometry":{"type":"Point","coordinates":[19.411537,50.142649]},"properties":{"line":"30","mode":"bus","color":"#0059a9","colorDark":"#00294f","band":4,"off":[6.8,3.1]}},{"type":"Feature","geometry":{"type":"Point","coordinates":[19.411537,50.142649]},"properties":{"line":"31","mode":"bus","color":"#0059a9","colorDark":"#00294f","band":4,"off":[-6.8,5.1]}},{"type":"Feature","geometry":{"type":"Point","coordinates":[19.411537,50.142649]},"properties":{"line":"31B","mode":"bus","color":"#0059a9","colorDark":"#00294f","band":4,"off":[-3.4,5.1]}},{"type":"Feature","geometry":{"type":"Point","coordinates":[19.411537,50.142649]},"properties":{"line":"32a","mode":"bus","color":"#0059a9","colorDark":"#00294f","band":4,"off":[0,5.1]}},{"type":"Feature","geometry":{"type":"Point","coordinates":[19.411537,50.142649]},"properties":{"line":"32b","mode":"bus","color":"#0059a9","colorDark":"#00294f","band":4,"off":[3.4,5.1]}},{"type":"Feature","geometry":{"type":"Point","coordinates":[19.411537,50.142649]},"properties":{"line":"33","mode":"bus","color":"#0059a9","colorDark":"#00294f","band":4,"off":[6.8,5.1]}},{"type":"Feature","geometry":{"type":"Point","coordinates":[19.411537,50.142649]},"properties":{"line":"35","mode":"bus","color":"#0059a9","colorDark":"#00294f","band":4,"off":[-1.7,7.1]}},{"type":"Feature","geometry":{"type":"Point","coordinates":[19.411537,50.142649]},"properties":{"line":"38","mode":"bus","color":"#0059a9","colorDark":"#00294f","band":4,"off":[1.7,7.1]}},{"type":"Feature","geometry":{"type":"Point","coordinates":[19.329254,50.096216]},"properties":{"name":"Libiąż Kopalnia Janina","band":4,"modes":"bus","arr":["15","A","B"],"off":[0,-0.8]}},{"type":"Feature","geometry":{"type":"Point","coordinates":[19.329254,50.096216]},"properties":{"line":"15","mode":"bus","color":"#0059a9","colorDark":"#00294f","band":4,"off":[-3.4,1.1]}},{"type":"Feature","geometry":{"type":"Point","coordinates":[19.329254,50.096216]},"properties":{"line":"A","mode":"bus","color":"#0059a9","colorDark":"#00294f","band":4,"off":[0,1.1]}},{"type":"Feature","geometry":{"type":"Point","coordinates":[19.329254,50.096216]},"properties":{"line":"B","mode":"bus","color":"#0059a9","colorDark":"#00294f","band":4,"off":[3.4,1.1]}},{"type":"Feature","geometry":{"type":"Point","coordinates":[19.330005,50.106421]},"properties":{"name":"Libiąż Dworzec Autobusowy","band":4,"modes":"bus","arr":["8","15","38"],"off":[0,-0.8]}},{"type":"Feature","geometry":{"type":"Point","coordinates":[19.330005,50.106421]},"properties":{"line":"8","mode":"bus","color":"#0059a9","colorDark":"#00294f","band":4,"off":[-3.4,1.1]}},{"type":"Feature","geometry":{"type":"Point","coordinates":[19.330005,50.106421]},"properties":{"line":"15","mode":"bus","color":"#0059a9","colorDark":"#00294f","band":4,"off":[0,1.1]}},{"type":"Feature","geometry":{"type":"Point","coordinates":[19.330005,50.106421]},"properties":{"line":"38","mode":"bus","color":"#0059a9","colorDark":"#00294f","band":4,"off":[3.4,1.1]}},{"type":"Feature","geometry":{"type":"Point","coordinates":[19.243216,50.108998]},"properties":{"name":"Chełmek Młyny","band":4,"modes":"bus","arr":["8","25"],"off":[0,-0.8]}},{"type":"Feature","geometry":{"type":"Point","coordinates":[19.243216,50.108998]},"properties":{"line":"8","mode":"bus","color":"#0059a9","colorDark":"#00294f","band":4,"off":[-1.7,1.1]}},{"type":"Feature","geometry":{"type":"Point","coordinates":[19.243216,50.108998]},"properties":{"line":"25","mode":"bus","color":"#0059a9","colorDark":"#00294f","band":4,"off":[1.7,1.1]}},{"type":"Feature","geometry":{"type":"Point","coordinates":[19.237893,50.097626]},"properties":{"name":"Chełmek Chrobrego Szkoła","band":4,"modes":"bus","arr":["8"],"off":[0,-0.8]}},{"type":"Feature","geometry":{"type":"Point","coordinates":[19.237893,50.097626]},"properties":{"line":"8","mode":"bus","color":"#0059a9","colorDark":"#00294f","band":4,"off":[0,1.1]}},{"type":"Feature","geometry":{"type":"Point","coordinates":[19.467481,50.210231]},"properties":{"name":"Czyżówka Pętla","band":4,"modes":"bus","arr":["9","42"],"off":[0,-0.8]}},{"type":"Feature","geometry":{"type":"Point","coordinates":[19.467481,50.210231]},"properties":{"line":"9","mode":"bus","color":"#0059a9","colorDark":"#00294f","band":4,"off":[-1.7,1.1]}},{"type":"Feature","geometry":{"type":"Point","coordinates":[19.467481,50.210231]},"properties":{"line":"42","mode":"bus","color":"#0059a9","colorDark":"#00294f","band":4,"off":[1.7,1.1]}},{"type":"Feature","geometry":{"type":"Point","coordinates":[19.453679,50.200146]},"properties":{"name":"Trzebinia Os.Energetyków","band":4,"modes":"bus","arr":["9"],"off":[0,-0.8]}},{"type":"Feature","geometry":{"type":"Point","coordinates":[19.453679,50.200146]},"properties":{"line":"9","mode":"bus","color":"#0059a9","colorDark":"#00294f","band":4,"off":[0,1.1]}},{"type":"Feature","geometry":{"type":"Point","coordinates":[19.425454,50.197253]},"properties":{"name":"Trzebinia Siersza Liceum","band":4,"modes":"bus","arr":["10"],"off":[0,-0.8]}},{"type":"Feature","geometry":{"type":"Point","coordinates":[19.425454,50.197253]},"properties":{"line":"10","mode":"bus","color":"#0059a9","colorDark":"#00294f","band":4,"off":[0,1.1]}},{"type":"Feature","geometry":{"type":"Point","coordinates":[19.453812,50.185159]},"properties":{"name":"Trzebinia KWK Siersza","band":4,"modes":"bus","arr":["10"],"off":[0,-0.8]}},{"type":"Feature","geometry":{"type":"Point","coordinates":[19.453812,50.185159]},"properties":{"line":"10","mode":"bus","color":"#0059a9","colorDark":"#00294f","band":4,"off":[0,1.1]}},{"type":"Feature","geometry":{"type":"Point","coordinates":[19.46596,50.159168]},"properties":{"name":"Trzebinia Mały Rynek Kościuszki","band":4,"modes":"bus","arr":["10"],"off":[0,-0.8]}},{"type":"Feature","geometry":{"type":"Point","coordinates":[19.46596,50.159168]},"properties":{"line":"10","mode":"bus","color":"#0059a9","colorDark":"#00294f","band":4,"off":[0,1.1]}},{"type":"Feature","geometry":{"type":"Point","coordinates":[19.454056,50.155141]},"properties":{"name":"Trzebinia PKP","band":4,"modes":"bus","arr":["9","10","41","La","Lb","Lc","N"],"off":[0,-0.8]}},{"type":"Feature","geometry":{"type":"Point","coordinates":[19.454056,50.155141]},"properties":{"line":"9","mode":"bus","color":"#0059a9","colorDark":"#00294f","band":4,"off":[-6.8,1.1]}},{"type":"Feature","geometry":{"type":"Point","coordinates":[19.454056,50.155141]},"properties":{"line":"10","mode":"bus","color":"#0059a9","colorDark":"#00294f","band":4,"off":[-3.4,1.1]}},{"type":"Feature","geometry":{"type":"Point","coordinates":[19.454056,50.155141]},"properties":{"line":"41","mode":"bus","color":"#0059a9","colorDark":"#00294f","band":4,"off":[0,1.1]}},{"type":"Feature","geometry":{"type":"Point","coordinates":[19.454056,50.155141]},"properties":{"line":"La","mode":"bus","color":"#0059a9","colorDark":"#00294f","band":4,"off":[3.4,1.1]}},{"type":"Feature","geometry":{"type":"Point","coordinates":[19.454056,50.155141]},"properties":{"line":"Lb","mode":"bus","color":"#0059a9","colorDark":"#00294f","band":4,"off":[6.8,1.1]}},{"type":"Feature","geometry":{"type":"Point","coordinates":[19.454056,50.155141]},"properties":{"line":"Lc","mode":"bus","color":"#0059a9","colorDark":"#00294f","band":4,"off":[-1.7,3.1]}},{"type":"Feature","geometry":{"type":"Point","coordinates":[19.454056,50.155141]},"properties":{"line":"N","mode":"bus","color":"#000000","colorDark":"#000000","band":4,"off":[1.7,3.1]}},{"type":"Feature","geometry":{"type":"Point","coordinates":[19.462663,50.204972]},"properties":{"name":"Trzebinia Elektrownia Siersza","band":4,"modes":"bus","arr":["9"],"off":[0,-0.8]}},{"type":"Feature","geometry":{"type":"Point","coordinates":[19.462663,50.204972]},"properties":{"line":"9","mode":"bus","color":"#0059a9","colorDark":"#00294f","band":4,"off":[0,1.1]}},{"type":"Feature","geometry":{"type":"Point","coordinates":[19.414339,50.143308]},"properties":{"name":"Chrzanów Trzebińska","band":4,"modes":"bus","arr":["9","15","41","P"],"off":[0,-0.8]}},{"type":"Feature","geometry":{"type":"Point","coordinates":[19.414339,50.143308]},"properties":{"line":"9","mode":"bus","color":"#0059a9","colorDark":"#00294f","band":4,"off":[-5.1,1.1]}},{"type":"Feature","geometry":{"type":"Point","coordinates":[19.414339,50.143308]},"properties":{"line":"15","mode":"bus","color":"#0059a9","colorDark":"#00294f","band":4,"off":[-1.7,1.1]}},{"type":"Feature","geometry":{"type":"Point","coordinates":[19.414339,50.143308]},"properties":{"line":"41","mode":"bus","color":"#0059a9","colorDark":"#00294f","band":4,"off":[1.7,1.1]}},{"type":"Feature","geometry":{"type":"Point","coordinates":[19.414339,50.143308]},"properties":{"line":"P","mode":"bus","color":"#0059a9","colorDark":"#00294f","band":4,"off":[5.1,1.1]}},{"type":"Feature","geometry":{"type":"Point","coordinates":[19.466627,50.159686]},"properties":{"name":"Trzebinia Mały Rynek","band":4,"modes":"bus","arr":["41","42"],"off":[0,-0.8]}},{"type":"Feature","geometry":{"type":"Point","coordinates":[19.466627,50.159686]},"properties":{"line":"41","mode":"bus","color":"#0059a9","colorDark":"#00294f","band":4,"off":[-1.7,1.1]}},{"type":"Feature","geometry":{"type":"Point","coordinates":[19.466627,50.159686]},"properties":{"line":"42","mode":"bus","color":"#0059a9","colorDark":"#00294f","band":4,"off":[1.7,1.1]}},{"type":"Feature","geometry":{"type":"Point","coordinates":[19.473097,50.166388]},"properties":{"name":"Trzebinia Piłsudskiego Kościół","band":4,"modes":"bus","arr":["N"],"off":[0,-0.8]}},{"type":"Feature","geometry":{"type":"Point","coordinates":[19.473097,50.166388]},"properties":{"line":"N","mode":"bus","color":"#000000","colorDark":"#000000","band":4,"off":[0,1.1]}},{"type":"Feature","geometry":{"type":"Point","coordinates":[19.491327,50.1503]},"properties":{"name":"Młoszowa Florkiewicza","band":4,"modes":"bus","arr":["10","15"],"off":[0,-0.8]}},{"type":"Feature","geometry":{"type":"Point","coordinates":[19.491327,50.1503]},"properties":{"line":"10","mode":"bus","color":"#0059a9","colorDark":"#00294f","band":4,"off":[-1.7,1.1]}},{"type":"Feature","geometry":{"type":"Point","coordinates":[19.491327,50.1503]},"properties":{"line":"15","mode":"bus","color":"#0059a9","colorDark":"#00294f","band":4,"off":[1.7,1.1]}},{"type":"Feature","geometry":{"type":"Point","coordinates":[19.473132,50.172723]},"properties":{"name":"Trzebinia Zbyszek","band":4,"modes":"bus","arr":["15","41"],"off":[0,-0.8]}},{"type":"Feature","geometry":{"type":"Point","coordinates":[19.473132,50.172723]},"properties":{"line":"15","mode":"bus","color":"#0059a9","colorDark":"#00294f","band":4,"off":[-1.7,1.1]}},{"type":"Feature","geometry":{"type":"Point","coordinates":[19.473132,50.172723]},"properties":{"line":"41","mode":"bus","color":"#0059a9","colorDark":"#00294f","band":4,"off":[1.7,1.1]}},{"type":"Feature","geometry":{"type":"Point","coordinates":[19.272845,50.051761]},"properties":{"name":"Gromiec Granica","band":4,"modes":"bus","arr":["15"],"off":[0,-0.8]}},{"type":"Feature","geometry":{"type":"Point","coordinates":[19.272845,50.051761]},"properties":{"line":"15","mode":"bus","color":"#0059a9","colorDark":"#00294f","band":4,"off":[0,1.1]}},{"type":"Feature","geometry":{"type":"Point","coordinates":[19.531502,50.172033]},"properties":{"name":"Psary Centrum","band":4,"modes":"bus","arr":["15","41"],"off":[0,-0.8]}},{"type":"Feature","geometry":{"type":"Point","coordinates":[19.531502,50.172033]},"properties":{"line":"15","mode":"bus","color":"#0059a9","colorDark":"#00294f","band":4,"off":[-1.7,1.1]}},{"type":"Feature","geometry":{"type":"Point","coordinates":[19.531502,50.172033]},"properties":{"line":"41","mode":"bus","color":"#0059a9","colorDark":"#00294f","band":4,"off":[1.7,1.1]}},{"type":"Feature","geometry":{"type":"Point","coordinates":[19.302157,50.095969]},"properties":{"name":"Libiąż Oświęcimska Cmentarz","band":4,"modes":"bus","arr":["15"],"off":[0,-0.8]}},{"type":"Feature","geometry":{"type":"Point","coordinates":[19.302157,50.095969]},"properties":{"line":"15","mode":"bus","color":"#0059a9","colorDark":"#00294f","band":4,"off":[0,1.1]}},{"type":"Feature","geometry":{"type":"Point","coordinates":[19.497888,50.165502]},"properties":{"name":"Młoszowa Wzgórze II","band":4,"modes":"bus","arr":["15"],"off":[0,-0.8]}},{"type":"Feature","geometry":{"type":"Point","coordinates":[19.497888,50.165502]},"properties":{"line":"15","mode":"bus","color":"#0059a9","colorDark":"#00294f","band":4,"off":[0,1.1]}},{"type":"Feature","geometry":{"type":"Point","coordinates":[19.297173,50.081565]},"properties":{"name":"Libiąż Budzowy Sklep","band":4,"modes":"bus","arr":["15"],"off":[0,-0.8]}},{"type":"Feature","geometry":{"type":"Point","coordinates":[19.297173,50.081565]},"properties":{"line":"15","mode":"bus","color":"#0059a9","colorDark":"#00294f","band":4,"off":[0,1.1]}},{"type":"Feature","geometry":{"type":"Point","coordinates":[19.479895,50.184492]},"properties":{"name":"Myślachowice Centrum","band":4,"modes":"bus","arr":["41"],"off":[0,-0.8]}},{"type":"Feature","geometry":{"type":"Point","coordinates":[19.479895,50.184492]},"properties":{"line":"41","mode":"bus","color":"#0059a9","colorDark":"#00294f","band":4,"off":[0,1.1]}},{"type":"Feature","geometry":{"type":"Point","coordinates":[19.436514,50.075992]},"properties":{"name":"Wygiełzów","band":4,"modes":"bus","arr":["17a","32a"],"off":[0,-0.8]}},{"type":"Feature","geometry":{"type":"Point","coordinates":[19.436514,50.075992]},"properties":{"line":"17a","mode":"bus","color":"#0059a9","colorDark":"#00294f","band":4,"off":[-1.7,1.1]}},{"type":"Feature","geometry":{"type":"Point","coordinates":[19.436514,50.075992]},"properties":{"line":"32a","mode":"bus","color":"#0059a9","colorDark":"#00294f","band":4,"off":[1.7,1.1]}},{"type":"Feature","geometry":{"type":"Point","coordinates":[19.441149,50.081882]},"properties":{"name":"Płaza Dolna I. (Pętla)","band":4,"modes":"bus","arr":["17a","32a","42"],"off":[0,-0.8]}},{"type":"Feature","geometry":{"type":"Point","coordinates":[19.441149,50.081882]},"properties":{"line":"17a","mode":"bus","color":"#0059a9","colorDark":"#00294f","band":4,"off":[-3.4,1.1]}},{"type":"Feature","geometry":{"type":"Point","coordinates":[19.441149,50.081882]},"properties":{"line":"32a","mode":"bus","color":"#0059a9","colorDark":"#00294f","band":4,"off":[0,1.1]}},{"type":"Feature","geometry":{"type":"Point","coordinates":[19.441149,50.081882]},"properties":{"line":"42","mode":"bus","color":"#0059a9","colorDark":"#00294f","band":4,"off":[3.4,1.1]}},{"type":"Feature","geometry":{"type":"Point","coordinates":[19.464147,50.098762]},"properties":{"name":"Płaza Górna Kościół","band":4,"modes":"bus","arr":["P"],"off":[0,-0.8]}},{"type":"Feature","geometry":{"type":"Point","coordinates":[19.464147,50.098762]},"properties":{"line":"P","mode":"bus","color":"#0059a9","colorDark":"#00294f","band":4,"off":[0,1.1]}},{"type":"Feature","geometry":{"type":"Point","coordinates":[19.460566,50.100334]},"properties":{"name":"Płaza Cmentarz","band":4,"modes":"bus","arr":["42"],"off":[0,-0.8]}},{"type":"Feature","geometry":{"type":"Point","coordinates":[19.460566,50.100334]},"properties":{"line":"42","mode":"bus","color":"#0059a9","colorDark":"#00294f","band":4,"off":[0,1.1]}},{"type":"Feature","geometry":{"type":"Point","coordinates":[19.42715,50.137775]},"properties":{"name":"Chrzanów Szpital","band":4,"modes":"bus","arr":["31"],"off":[0,-0.8]}},{"type":"Feature","geometry":{"type":"Point","coordinates":[19.42715,50.137775]},"properties":{"line":"31","mode":"bus","color":"#0059a9","colorDark":"#00294f","band":4,"off":[0,1.1]}},{"type":"Feature","geometry":{"type":"Point","coordinates":[19.372308,50.113373]},"properties":{"name":"Chrzanów Oczyszczalnia","band":4,"modes":"bus","arr":["25"],"off":[0,-0.8]}},{"type":"Feature","geometry":{"type":"Point","coordinates":[19.372308,50.113373]},"properties":{"line":"25","mode":"bus","color":"#0059a9","colorDark":"#00294f","band":4,"off":[0,1.1]}},{"type":"Feature","geometry":{"type":"Point","coordinates":[19.277053,50.11184]},"properties":{"name":"Libiąż Kosówki Paprocia II","band":4,"modes":"bus","arr":["25"],"off":[0,-0.8]}},{"type":"Feature","geometry":{"type":"Point","coordinates":[19.277053,50.11184]},"properties":{"line":"25","mode":"bus","color":"#0059a9","colorDark":"#00294f","band":4,"off":[0,1.1]}},{"type":"Feature","geometry":{"type":"Point","coordinates":[19.378076,50.183832]},"properties":{"name":"Okradziejówka Pętla","band":4,"modes":"bus","arr":["29"],"off":[0,-0.8]}},{"type":"Feature","geometry":{"type":"Point","coordinates":[19.378076,50.183832]},"properties":{"line":"29","mode":"bus","color":"#0059a9","colorDark":"#00294f","band":4,"off":[0,1.1]}},{"type":"Feature","geometry":{"type":"Point","coordinates":[19.4026,50.127096]},"properties":{"name":"Chrzanów Os.Młodości Witosa","band":4,"modes":"bus","arr":["30"],"off":[0,-0.8]}},{"type":"Feature","geometry":{"type":"Point","coordinates":[19.4026,50.127096]},"properties":{"line":"30","mode":"bus","color":"#0059a9","colorDark":"#00294f","band":4,"off":[0,1.1]}},{"type":"Feature","geometry":{"type":"Point","coordinates":[19.409734,50.115914]},"properties":{"name":"Chrzanów Stella Pętla","band":4,"modes":"bus","arr":["35"],"off":[0,-0.8]}},{"type":"Feature","geometry":{"type":"Point","coordinates":[19.409734,50.115914]},"properties":{"line":"35","mode":"bus","color":"#0059a9","colorDark":"#00294f","band":4,"off":[0,1.1]}},{"type":"Feature","geometry":{"type":"Point","coordinates":[19.514157,50.174546]},"properties":{"name":"Psary Ostra Góra","band":4,"modes":"bus","arr":["41"],"off":[0,-0.8]}},{"type":"Feature","geometry":{"type":"Point","coordinates":[19.514157,50.174546]},"properties":{"line":"41","mode":"bus","color":"#0059a9","colorDark":"#00294f","band":4,"off":[0,1.1]}},{"type":"Feature","geometry":{"type":"Point","coordinates":[19.510993,50.203465]},"properties":{"name":"Płoki Centrum","band":4,"modes":"bus","arr":["41","42","Lc"],"off":[0,-0.8]}},{"type":"Feature","geometry":{"type":"Point","coordinates":[19.510993,50.203465]},"properties":{"line":"41","mode":"bus","color":"#0059a9","colorDark":"#00294f","band":4,"off":[-3.4,1.1]}},{"type":"Feature","geometry":{"type":"Point","coordinates":[19.510993,50.203465]},"properties":{"line":"42","mode":"bus","color":"#0059a9","colorDark":"#00294f","band":4,"off":[0,1.1]}},{"type":"Feature","geometry":{"type":"Point","coordinates":[19.510993,50.203465]},"properties":{"line":"Lc","mode":"bus","color":"#0059a9","colorDark":"#00294f","band":4,"off":[3.4,1.1]}},{"type":"Feature","geometry":{"type":"Point","coordinates":[19.496252,50.1104]},"properties":{"name":"Bolęcin Stawki","band":4,"modes":"bus","arr":["42"],"off":[0,-0.8]}},{"type":"Feature","geometry":{"type":"Point","coordinates":[19.496252,50.1104]},"properties":{"line":"42","mode":"bus","color":"#0059a9","colorDark":"#00294f","band":4,"off":[0,1.1]}},{"type":"Feature","geometry":{"type":"Point","coordinates":[19.478453,50.113971]},"properties":{"name":"Bolęcin Szkoła","band":4,"modes":"bus","arr":["P"],"off":[0,-0.8]}},{"type":"Feature","geometry":{"type":"Point","coordinates":[19.478453,50.113971]},"properties":{"line":"P","mode":"bus","color":"#0059a9","colorDark":"#00294f","band":4,"off":[0,1.1]}},{"type":"Feature","geometry":{"type":"Point","coordinates":[19.327582,50.112479]},"properties":{"name":"Libiąż PKP","band":4,"modes":"bus","arr":["B"],"off":[0,-0.8]}},{"type":"Feature","geometry":{"type":"Point","coordinates":[19.327582,50.112479]},"properties":{"line":"B","mode":"bus","color":"#0059a9","colorDark":"#00294f","band":4,"off":[0,1.1]}},{"type":"Feature","geometry":{"type":"Point","coordinates":[19.387631,50.049442]},"properties":{"name":"Mętków Mały","band":4,"modes":"bus","arr":["B"],"off":[0,-0.8]}},{"type":"Feature","geometry":{"type":"Point","coordinates":[19.387631,50.049442]},"properties":{"line":"B","mode":"bus","color":"#0059a9","colorDark":"#00294f","band":4,"off":[0,1.1]}},{"type":"Feature","geometry":{"type":"Point","coordinates":[19.358897,50.051959]},"properties":{"name":"Żarki Bębenki","band":4,"modes":"bus","arr":["B"],"off":[0,-0.8]}},{"type":"Feature","geometry":{"type":"Point","coordinates":[19.358897,50.051959]},"properties":{"line":"B","mode":"bus","color":"#0059a9","colorDark":"#00294f","band":4,"off":[0,1.1]}},{"type":"Feature","geometry":{"type":"Point","coordinates":[19.47069,50.193628]},"properties":{"name":"Myślachowice Piekarnia","band":4,"modes":"bus","arr":["Lb"],"off":[0,-0.8]}},{"type":"Feature","geometry":{"type":"Point","coordinates":[19.47069,50.193628]},"properties":{"line":"Lb","mode":"bus","color":"#0059a9","colorDark":"#00294f","band":4,"off":[0,1.1]}},{"type":"Feature","geometry":{"type":"Point","coordinates":[19.555728,50.207018]},"properties":{"name":"Lgota","band":4,"modes":"bus","arr":["Lb"],"off":[0,-0.8]}},{"type":"Feature","geometry":{"type":"Point","coordinates":[19.555728,50.207018]},"properties":{"line":"Lb","mode":"bus","color":"#0059a9","colorDark":"#00294f","band":4,"off":[0,1.1]}}]}