{"type":"FeatureCollection","features":[{"type":"Feature","geometry":{"type":"LineString","coordinates":[[19.392099,50.128225],[19.392381,50.128411],[19.392099,50.128583],[19.399439,50.133636],[19.4006,50.13316],[19.402118,50.135445],[19.410747,50.141084],[19.411606,50.141533],[19.411663,50.141585],[19.411535,50.14163],[19.410907,50.141764],[19.410953,50.142266],[19.412,50.142623],[19.412135,50.142811],[19.411929,50.142866],[19.411863,50.142719],[19.411537,50.14265]]},"properties":{"line":"3","dir":"Chrzanów Dworzec Autobusowy","mode":"bus"}},{"type":"Feature","geometry":{"type":"LineString","coordinates":[[19.411537,50.14265],[19.411918,50.142714],[19.411864,50.142561],[19.409941,50.141926],[19.407088,50.142378],[19.406924,50.142479],[19.406858,50.142874],[19.405881,50.1432],[19.405028,50.143639],[19.403767,50.143871],[19.403912,50.144203],[19.40488,50.144124],[19.405851,50.144147],[19.404439,50.143748],[19.401884,50.144242],[19.400442,50.144234],[19.399489,50.144115],[19.399113,50.144215],[19.39887,50.144147],[19.398784,50.143975],[19.398911,50.143833],[19.398783,50.143589],[19.397461,50.141728],[19.395993,50.139887],[19.395237,50.139415],[19.395802,50.139034],[19.396439,50.138812],[19.396753,50.138614],[19.39703,50.138291],[19.397104,50.137694],[19.397241,50.137528],[19.398757,50.137092],[19.400915,50.136148],[19.402118,50.135445],[19.401285,50.134914],[19.40131,50.134268],[19.4006,50.13316],[19.399439,50.133636],[19.392099,50.128583],[19.392381,50.128411],[19.392099,50.128225]]},"properties":{"line":"3","dir":"Chrzanów Fablok","mode":"bus"}},{"type":"Feature","geometry":{"type":"LineString","coordinates":[[19.411584,50.142564],[19.411776,50.14262],[19.411771,50.142715],[19.411918,50.142714],[19.411864,50.142561],[19.409941,50.141926],[19.407088,50.142378],[19.406924,50.142479],[19.406858,50.142874],[19.405881,50.1432],[19.405028,50.143639],[19.403767,50.143871],[19.403912,50.144203],[19.40488,50.144124],[19.405851,50.144147],[19.404439,50.143748],[19.401884,50.144242],[19.400442,50.144234],[19.399489,50.144115],[19.399007,50.144204],[19.398803,50.144079],[19.398911,50.143833],[19.398573,50.143263],[19.396548,50.140553],[19.395993,50.139887],[19.395237,50.139415],[19.395802,50.139034],[19.396439,50.138812],[19.396753,50.138614],[19.39703,50.138291],[19.397104,50.137694],[19.397241,50.137528],[19.398757,50.137092],[19.400915,50.136148],[19.402118,50.135445],[19.401285,50.134914],[19.40131,50.134268],[19.400044,50.132245],[19.399992,50.131888],[19.400175,50.13027],[19.398395,50.12596],[19.397007,50.124701],[19.3967,50.124529],[19.393448,50.123383],[19.392496,50.122807],[19.391978,50.1221],[19.39143,50.11984],[19.391095,50.11942],[19.387295,50.116331],[19.382582,50.11331],[19.379327,50.109731],[19.378748,50.106229],[19.378822,50.105286],[19.379057,50.104283],[19.378785,50.103973],[19.377868,50.103386],[19.377686,50.103131],[19.377441,50.10233],[19.377096,50.100323],[19.377003,50.100345],[19.377096,50.100323],[19.375275,50.079422],[19.368515,50.08179],[19.367749,50.081955],[19.36574,50.081992],[19.363134,50.08159],[19.362296,50.081577],[19.352145,50.082485],[19.346304,50.083855],[19.325331,50.087767],[19.323534,50.087893],[19.320446,50.087385],[19.321291,50.091773],[19.321234,50.092151],[19.321073,50.092406],[19.318534,50.095265],[19.318658,50.096013],[19.319387,50.098212],[19.319517,50.098365],[19.321981,50.099675],[19.325708,50.100947],[19.326716,50.101194],[19.32878,50.101523],[19.3299,50.101916],[19.330094,50.101552],[19.329929,50.100411],[19.329163,50.098146],[19.329681,50.096297],[19.329249,50.096218],[19.329681,50.096297],[19.329163,50.098146],[19.329782,50.09979],[19.330094,50.101552],[19.329715,50.102281],[19.330027,50.105017],[19.329807,50.106516],[19.33013,50.106769],[19.330304,50.106591],[19.330124,50.106412],[19.330005,50.106421],[19.329928,50.106677],[19.329757,50.106742],[19.329126,50.10657],[19.320172,50.105333],[19.318713,50.104885],[19.316231,50.103909],[19.316097,50.103774],[19.315353,50.103687],[19.314131,50.103291],[19.313216,50.102789],[19.310645,50.100718],[19.310142,50.100488],[19.307965,50.099877],[19.307459,50.09966],[19.30583,50.098378],[19.303974,50.097173],[19.303244,50.098831],[19.303341,50.098854],[19.303244,50.098831],[19.300876,50.104112],[19.298185,50.103628],[19.297406,50.103661],[19.295452,50.103974],[19.286412,50.10426],[19.286335,50.110204],[19.27721,50.111396],[19.275779,50.108766],[19.274575,50.106226],[19.2734,50.105322],[19.27294,50.104061],[19.272582,50.103732],[19.272116,50.103444],[19.271847,50.103382],[19.270213,50.103708],[19.268158,50.100068],[19.265771,50.100635],[19.265203,50.100708],[19.257703,50.100209],[19.248705,50.099991],[19.249423,50.101759],[19.249312,50.102738],[19.249494,50.10315],[19.250309,50.104095],[19.24911,50.106187],[19.247726,50.107185],[19.245514,50.107987],[19.243002,50.109097],[19.241665,50.110211],[19.241038,50.109521],[19.238136,50.107939],[19.234046,50.102871],[19.233723,50.102629],[19.233181,50.102641],[19.233041,50.10257],[19.232109,50.100545],[19.231876,50.09979],[19.231869,50.099431],[19.232626,50.098992],[19.235101,50.098705],[19.236872,50.098089],[19.237893,50.097626]]},"properties":{"line":"8","dir":"Chełmek Chrobrego Szkoła","mode":"bus"}},{"type":"Feature","geometry":{"type":"LineString","coordinates":[[19.411584,50.142564],[19.411776,50.14262],[19.411771,50.142715],[19.411918,50.142714],[19.411864,50.142561],[19.41038,50.142092],[19.409864,50.141851],[19.410009,50.141744],[19.410593,50.141808],[19.411663,50.141585],[19.411174,50.141396],[19.401285,50.134914],[19.40131,50.134268],[19.400004,50.132095],[19.400199,50.130444],[19.400115,50.130056],[19.398538,50.126191],[19.398303,50.125857],[19.397007,50.124701],[19.3967,50.124529],[19.393448,50.123383],[19.392496,50.122807],[19.391978,50.1221],[19.39143,50.11984],[19.391095,50.11942],[19.387295,50.116331],[19.382582,50.11331],[19.379327,50.109731],[19.378748,50.106229],[19.378822,50.105286],[19.379057,50.104283],[19.378785,50.103973],[19.377868,50.103386],[19.377686,50.103131],[19.377441,50.10233],[19.377096,50.100323],[19.377003,50.100345],[19.377096,50.100323],[19.375275,50.079422],[19.368515,50.08179],[19.367749,50.081955],[19.36574,50.081992],[19.363134,50.08159],[19.362296,50.081577],[19.352145,50.082485],[19.346304,50.083855],[19.325331,50.087767],[19.323534,50.087893],[19.320446,50.087385],[19.321291,50.091773],[19.321234,50.092151],[19.321073,50.092406],[19.318534,50.095265],[19.318658,50.096013],[19.319387,50.098212],[19.319517,50.098365],[19.321981,50.099675],[19.325708,50.100947],[19.326716,50.101194],[19.32878,50.101523],[19.3299,50.101916],[19.329715,50.102281],[19.330027,50.105017],[19.329807,50.106516],[19.33013,50.106769],[19.330304,50.106591],[19.330124,50.106412],[19.330005,50.106421],[19.329928,50.106677],[19.329757,50.106742],[19.329126,50.10657],[19.320172,50.105333],[19.318713,50.104885],[19.316231,50.103909],[19.316097,50.103774],[19.315353,50.103687],[19.314131,50.103291],[19.313216,50.102789],[19.310645,50.100718],[19.310142,50.100488],[19.307965,50.099877],[19.307459,50.09966],[19.30583,50.098378],[19.303974,50.097173],[19.303244,50.098831],[19.303341,50.098854],[19.303244,50.098831],[19.300876,50.104112],[19.298185,50.103628],[19.297406,50.103661],[19.295452,50.103974],[19.286412,50.10426],[19.286335,50.110204],[19.27721,50.111396],[19.275779,50.108766],[19.274575,50.106226],[19.2734,50.105322],[19.27294,50.104061],[19.272582,50.103732],[19.272116,50.103444],[19.271847,50.103382],[19.270213,50.103708],[19.268158,50.100068],[19.265771,50.100635],[19.265203,50.100708],[19.257703,50.100209],[19.248705,50.099991],[19.249423,50.101759],[19.249312,50.102738],[19.249494,50.10315],[19.250309,50.104095],[19.24911,50.106187],[19.247726,50.107185],[19.245514,50.107987],[19.243216,50.108998]]},"properties":{"line":"8","dir":"Chełmek Młyny","mode":"bus"}},{"type":"Feature","geometry":{"type":"LineString","coordinates":[[19.243216,50.108998],[19.24288,50.109175],[19.241665,50.110211],[19.241038,50.109521],[19.238257,50.108036],[19.234046,50.102871],[19.233723,50.102629],[19.233181,50.102641],[19.233041,50.10257],[19.232109,50.100545],[19.231834,50.09951],[19.231987,50.09933],[19.232496,50.099039],[19.235274,50.098653],[19.23729,50.097909],[19.237893,50.097626],[19.238261,50.097288],[19.239335,50.097628],[19.241667,50.098002],[19.244879,50.09944],[19.246109,50.099866],[19.246564,50.099939],[19.257703,50.100209],[19.265203,50.100708],[19.265771,50.100635],[19.268158,50.100068],[19.270213,50.103708],[19.271847,50.103382],[19.272116,50.103444],[19.272582,50.103732],[19.27294,50.104061],[19.2734,50.105322],[19.274575,50.106226],[19.275779,50.108766],[19.27721,50.111396],[19.286335,50.110204],[19.286412,50.10426],[19.295452,50.103974],[19.297406,50.103661],[19.298185,50.103628],[19.300876,50.104112],[19.303974,50.097173],[19.30583,50.098378],[19.307459,50.09966],[19.307965,50.099877],[19.310142,50.100488],[19.310645,50.100718],[19.313075,50.102674],[19.313279,50.1027],[19.313482,50.102839],[19.313524,50.102987],[19.314131,50.103291],[19.31517,50.103612],[19.316151,50.103683],[19.316379,50.103641],[19.316525,50.103729],[19.316484,50.103871],[19.316781,50.104118],[19.319124,50.105037],[19.320172,50.105333],[19.329126,50.10657],[19.329599,50.106594],[19.329807,50.106516],[19.33013,50.106769],[19.330304,50.106591],[19.330124,50.106412],[19.330005,50.106421],[19.329843,50.10673],[19.32964,50.106706],[19.329591,50.106622],[19.329808,50.106215],[19.330027,50.105017],[19.329715,50.102281],[19.3299,50.101916],[19.32878,50.101523],[19.326716,50.101194],[19.325708,50.100947],[19.321981,50.099675],[19.319517,50.098365],[19.319387,50.098212],[19.318658,50.096013],[19.318534,50.095265],[19.321073,50.092406],[19.321286,50.091813],[19.321229,50.09112],[19.320446,50.087385],[19.323534,50.087893],[19.325331,50.087767],[19.346304,50.083855],[19.35229,50.082465],[19.362296,50.081577],[19.363134,50.08159],[19.36574,50.081992],[19.367749,50.081955],[19.368515,50.08179],[19.375275,50.079422],[19.377096,50.100323],[19.377301,50.101029],[19.377233,50.101016],[19.377441,50.10233],[19.377686,50.103131],[19.377868,50.103386],[19.378785,50.103973],[19.379057,50.104283],[19.378822,50.105286],[19.378748,50.106229],[19.379327,50.109731],[19.382582,50.11331],[19.385592,50.115223],[19.38569,50.11516],[19.385991,50.115348],[19.38569,50.11516],[19.385592,50.115223],[19.387295,50.116331],[19.391095,50.11942],[19.39143,50.11984],[19.391978,50.1221],[19.392496,50.122807],[19.393448,50.123383],[19.3967,50.124529],[19.397146,50.124814],[19.398303,50.125857],[19.3988,50.126807],[19.400175,50.13027],[19.399992,50.131888],[19.400044,50.132245],[19.402118,50.135445],[19.410747,50.141084],[19.411606,50.141533],[19.411663,50.141585],[19.411535,50.14163],[19.410907,50.141764],[19.410953,50.142266],[19.412,50.142623],[19.412114,50.142839],[19.411929,50.142866],[19.411776,50.14262],[19.411584,50.142564]]},"properties":{"line":"8","dir":"Chrzanów Dworzec Autobusowy","mode":"bus"}},{"type":"Feature","geometry":{"type":"LineString","coordinates":[[19.411584,50.142564],[19.411776,50.14262],[19.411771,50.142715],[19.411918,50.142714],[19.411864,50.142561],[19.41038,50.142092],[19.409864,50.141851],[19.410009,50.141744],[19.410593,50.141808],[19.411663,50.141585],[19.411174,50.141396],[19.401285,50.134914],[19.40131,50.134268],[19.400004,50.132095],[19.400199,50.130444],[19.400115,50.130056],[19.398538,50.126191],[19.398303,50.125857],[19.397007,50.124701],[19.3967,50.124529],[19.393448,50.123383],[19.392496,50.122807],[19.391978,50.1221],[19.39143,50.11984],[19.391095,50.11942],[19.387295,50.116331],[19.382582,50.11331],[19.379327,50.109731],[19.378748,50.106229],[19.378822,50.105286],[19.379057,50.104283],[19.378785,50.103973],[19.377868,50.103386],[19.377686,50.103131],[19.377441,50.10233],[19.377096,50.100323],[19.377003,50.100345],[19.377096,50.100323],[19.375275,50.079422],[19.368515,50.08179],[19.367749,50.081955],[19.36574,50.081992],[19.363134,50.08159],[19.362296,50.081577],[19.352145,50.082485],[19.346304,50.083855],[19.325331,50.087767],[19.323534,50.087893],[19.320446,50.087385],[19.321291,50.091773],[19.321234,50.092151],[19.321073,50.092406],[19.318534,50.095265],[19.318658,50.096013],[19.319387,50.098212],[19.319517,50.098365],[19.321981,50.099675],[19.325708,50.100947],[19.326716,50.101194],[19.32878,50.101523],[19.3299,50.101916],[19.329715,50.102281],[19.330027,50.105017],[19.329807,50.106516],[19.33013,50.106769],[19.330281,50.106685],[19.330289,50.106534],[19.330124,50.106412],[19.330005,50.106421]]},"properties":{"line":"8","dir":"Libiąż Dworzec Autobusowy","mode":"bus"}},{"type":"Feature","geometry":{"type":"LineString","coordinates":[[19.467481,50.210231],[19.469022,50.210063],[19.469686,50.210107],[19.47003,50.210048],[19.471508,50.209494],[19.472069,50.209129],[19.473122,50.20892],[19.473104,50.208824],[19.473122,50.20892],[19.474111,50.20902],[19.475605,50.20887],[19.476658,50.208945],[19.476777,50.208306],[19.476788,50.20845],[19.476993,50.207879],[19.476998,50.207559],[19.476743,50.20715],[19.475169,50.206345],[19.47393,50.205237],[19.472817,50.20485],[19.470823,50.203919],[19.470425,50.203914],[19.469188,50.202308],[19.468438,50.201988],[19.465132,50.20098],[19.464683,50.20148],[19.4634,50.202403],[19.461827,50.203022],[19.461608,50.202902],[19.461323,50.202879],[19.455475,50.200472],[19.444928,50.19863],[19.436651,50.197076],[19.434903,50.19652],[19.432577,50.196159],[19.432379,50.19606],[19.432235,50.195823],[19.432111,50.193793],[19.428077,50.19552],[19.426592,50.19667],[19.425548,50.197223],[19.422168,50.197935],[19.421245,50.198271],[19.421141,50.19812],[19.425548,50.197223],[19.426592,50.19667],[19.427908,50.195609],[19.42939,50.194915],[19.449623,50.186712],[19.449507,50.186596],[19.449623,50.186712],[19.453285,50.185245],[19.453404,50.185316],[19.454146,50.185031],[19.454173,50.184894],[19.456088,50.18408],[19.456374,50.183677],[19.456358,50.182033],[19.456495,50.181622],[19.45702,50.181088],[19.458529,50.180201],[19.457902,50.179803],[19.457385,50.179557],[19.454688,50.178644],[19.454394,50.17836],[19.454224,50.177893],[19.453958,50.177744],[19.448235,50.177242],[19.446691,50.177032],[19.443709,50.175783],[19.441413,50.175169],[19.438847,50.174116],[19.43535,50.172363],[19.434699,50.172192],[19.434576,50.172098],[19.434658,50.171326],[19.43477,50.171135],[19.435248,50.170788],[19.4374,50.169609],[19.438059,50.169338],[19.440702,50.168545],[19.442889,50.167438],[19.443711,50.167171],[19.446989,50.166608],[19.449986,50.166577],[19.451035,50.166464],[19.452899,50.165891],[19.455337,50.165411],[19.4568,50.165026],[19.456731,50.164929],[19.4568,50.165026],[19.457902,50.164709],[19.458438,50.164355],[19.460667,50.162218],[19.462141,50.161423],[19.464115,50.160866],[19.465886,50.160132],[19.466765,50.159558],[19.46673,50.159274],[19.465767,50.159116],[19.460542,50.157519],[19.460103,50.157499],[19.45966,50.157247],[19.456748,50.156354],[19.456095,50.156295],[19.455843,50.156109],[19.454435,50.155638],[19.454552,50.155479],[19.453794,50.154922],[19.453955,50.154817],[19.454566,50.155333],[19.454435,50.155638],[19.438191,50.150657],[19.440137,50.150092],[19.438486,50.148297],[19.436157,50.146679],[19.434993,50.145068],[19.434323,50.14465],[19.433639,50.144478],[19.433631,50.144084],[19.433416,50.143893],[19.433445,50.143772],[19.434775,50.143445],[19.435067,50.143869],[19.433886,50.144181],[19.433922,50.14402],[19.434898,50.143765],[19.434822,50.143645],[19.433825,50.143895],[19.433791,50.144502],[19.430882,50.144392],[19.428109,50.144667],[19.426765,50.144849],[19.426299,50.145054],[19.425698,50.144994],[19.423606,50.145318],[19.422717,50.145522],[19.422358,50.145732],[19.422364,50.145917],[19.422081,50.145985],[19.4216,50.145654],[19.420405,50.14519],[19.413364,50.142969],[19.412874,50.142664],[19.411663,50.141585],[19.410907,50.141764],[19.410953,50.142266],[19.412,50.142623],[19.412135,50.142811],[19.411975,50.142876],[19.411863,50.142719],[19.411647,50.142794],[19.411496,50.142748]]},"properties":{"line":"9","dir":"Chrzanów Dworzec Autobusowy","mode":"bus"}},{"type":"Feature","geometry":{"type":"LineString","coordinates":[[19.462663,50.204972],[19.461827,50.203022],[19.461608,50.202902],[19.461323,50.202879],[19.455475,50.200472],[19.444928,50.19863],[19.436651,50.197076],[19.434903,50.19652],[19.432577,50.196159],[19.432379,50.19606],[19.432235,50.195823],[19.432111,50.193793],[19.428077,50.19552],[19.426592,50.19667],[19.425548,50.197223],[19.422168,50.197935],[19.421245,50.198271],[19.421141,50.19812],[19.425548,50.197223],[19.426592,50.19667],[19.427908,50.195609],[19.42939,50.194915],[19.449623,50.186712],[19.449507,50.186596],[19.449623,50.186712],[19.453285,50.185245],[19.453404,50.185316],[19.454146,50.185031],[19.454173,50.184894],[19.456088,50.18408],[19.456374,50.183677],[19.456358,50.182033],[19.456495,50.181622],[19.45702,50.181088],[19.458529,50.180201],[19.457902,50.179803],[19.457385,50.179557],[19.454688,50.178644],[19.454394,50.17836],[19.454224,50.177893],[19.453958,50.177744],[19.448235,50.177242],[19.446691,50.177032],[19.443709,50.175783],[19.441413,50.175169],[19.438847,50.174116],[19.43535,50.172363],[19.434699,50.172192],[19.434576,50.172098],[19.434658,50.171326],[19.43477,50.171135],[19.435248,50.170788],[19.4374,50.169609],[19.438059,50.169338],[19.440702,50.168545],[19.442889,50.167438],[19.443711,50.167171],[19.446989,50.166608],[19.449986,50.166577],[19.451035,50.166464],[19.452899,50.165891],[19.455337,50.165411],[19.4568,50.165026],[19.456731,50.164929],[19.4568,50.165026],[19.457902,50.164709],[19.458438,50.164355],[19.460667,50.162218],[19.462141,50.161423],[19.464115,50.160866],[19.465886,50.160132],[19.466765,50.159558],[19.46673,50.159274],[19.465767,50.159116],[19.460542,50.157519],[19.460103,50.157499],[19.45966,50.157247],[19.456748,50.156354],[19.456095,50.156295],[19.455843,50.156109],[19.454435,50.155638],[19.454552,50.155479],[19.453794,50.154922],[19.453955,50.154817],[19.454566,50.155333],[19.454435,50.155638],[19.438191,50.150657],[19.440137,50.150092],[19.438486,50.148297],[19.436157,50.146679],[19.434993,50.145068],[19.434323,50.14465],[19.433639,50.144478],[19.433631,50.144084],[19.433416,50.143893],[19.433445,50.143772],[19.434775,50.143445],[19.435067,50.143869],[19.433886,50.144181],[19.433922,50.14402],[19.434898,50.143765],[19.434822,50.143645],[19.433825,50.143895],[19.433791,50.144502],[19.430882,50.144392],[19.428109,50.144667],[19.426765,50.144849],[19.426299,50.145054],[19.425698,50.144994],[19.423606,50.145318],[19.422498,50.14562],[19.422358,50.145732],[19.42239,50.145895],[19.422165,50.145986],[19.421979,50.145961],[19.4216,50.145654],[19.420405,50.14519],[19.414339,50.143308]]},"properties":{"line":"9","dir":"Chrzanów Trzebińska","mode":"bus"}},{"type":"Feature","geometry":{"type":"LineString","coordinates":[[19.411496,50.142748],[19.411647,50.142794],[19.411417,50.142856],[19.411447,50.142926],[19.407564,50.143952],[19.406749,50.144092],[19.405851,50.144147],[19.404439,50.143748],[19.401884,50.144242],[19.400442,50.144234],[19.399489,50.144115],[19.399007,50.144204],[19.398803,50.144079],[19.398911,50.143833],[19.398573,50.143263],[19.396548,50.140553],[19.395993,50.139887],[19.395237,50.139415],[19.395802,50.139034],[19.396439,50.138812],[19.396753,50.138614],[19.39703,50.138291],[19.397104,50.137694],[19.397241,50.137528],[19.398757,50.137092],[19.400915,50.136148],[19.402118,50.135445],[19.410747,50.141084],[19.411606,50.141533],[19.412874,50.142664],[19.413364,50.142969],[19.415215,50.14358],[19.415365,50.143337],[19.415207,50.142812],[19.414522,50.142567],[19.414343,50.142562],[19.414228,50.142672],[19.414646,50.142803],[19.414464,50.143072],[19.41454,50.143095],[19.414464,50.143072],[19.414646,50.142803],[19.414228,50.142672],[19.414343,50.142562],[19.415207,50.142812],[19.415365,50.143337],[19.415215,50.14358],[19.422023,50.145691],[19.42404,50.145234],[19.425698,50.144994],[19.426163,50.14479],[19.426765,50.144849],[19.430882,50.144392],[19.433639,50.144478],[19.433631,50.144084],[19.433416,50.143893],[19.433445,50.143772],[19.434775,50.143445],[19.4357,50.144821],[19.435168,50.14496],[19.434516,50.144484],[19.434333,50.144506],[19.433936,50.14437],[19.433889,50.144038],[19.434898,50.143765],[19.434822,50.143645],[19.433825,50.143895],[19.433791,50.144502],[19.434518,50.144739],[19.434993,50.145068],[19.436157,50.146679],[19.438486,50.148297],[19.440137,50.150092],[19.438191,50.150657],[19.454435,50.155638],[19.454552,50.155479],[19.454478,50.15542],[19.453605,50.155096],[19.453955,50.154817],[19.454566,50.155333],[19.454435,50.155638],[19.455877,50.156059],[19.456279,50.156057],[19.45641,50.156212],[19.456748,50.156354],[19.45966,50.157247],[19.460227,50.157266],[19.460542,50.157519],[19.465767,50.159116],[19.466311,50.15924],[19.466933,50.159265],[19.466627,50.159686],[19.465886,50.160132],[19.464115,50.160866],[19.462141,50.161423],[19.460667,50.162218],[19.458438,50.164355],[19.457902,50.164709],[19.455337,50.165411],[19.452899,50.165891],[19.451035,50.166464],[19.449986,50.166577],[19.446989,50.166608],[19.443711,50.167171],[19.442889,50.167438],[19.440702,50.168545],[19.437588,50.169523],[19.435509,50.170633],[19.43477,50.171135],[19.434658,50.171326],[19.434576,50.172098],[19.434699,50.172192],[19.43535,50.172363],[19.438554,50.17398],[19.439865,50.174522],[19.439931,50.174456],[19.439865,50.174522],[19.441103,50.175051],[19.443709,50.175783],[19.446309,50.176901],[19.446901,50.177074],[19.453711,50.177716],[19.45411,50.177619],[19.454394,50.17836],[19.454688,50.178644],[19.457519,50.179607],[19.458529,50.180201],[19.45702,50.181088],[19.456495,50.181622],[19.456358,50.182033],[19.456396,50.183487],[19.456256,50.183911],[19.455832,50.184229],[19.454173,50.184894],[19.453973,50.185241],[19.454173,50.184894],[19.42939,50.194915],[19.427908,50.195609],[19.426592,50.19667],[19.42546,50.197251],[19.426471,50.196751],[19.428077,50.19552],[19.432111,50.193793],[19.432235,50.195823],[19.432379,50.19606],[19.432577,50.196159],[19.434903,50.19652],[19.436651,50.197076],[19.444928,50.19863],[19.455475,50.200472],[19.461323,50.202879],[19.461608,50.202902],[19.461827,50.203022],[19.462663,50.204972],[19.461827,50.203022],[19.4634,50.202403],[19.464683,50.20148],[19.465132,50.20098],[19.468438,50.201988],[19.468921,50.20216],[19.46937,50.202473],[19.470425,50.203914],[19.470823,50.203919],[19.472817,50.20485],[19.47393,50.205237],[19.475169,50.206345],[19.476743,50.20715],[19.476963,50.207459],[19.477013,50.207775],[19.476658,50.208945],[19.475605,50.20887],[19.474111,50.20902],[19.473017,50.208926],[19.472069,50.209129],[19.471508,50.209494],[19.47003,50.210048],[19.469686,50.210107],[19.469022,50.210063],[19.467481,50.210231]]},"properties":{"line":"9","dir":"Czyżówka Pętla","mode":"bus"}},{"type":"Feature","geometry":{"type":"LineString","coordinates":[[19.411496,50.142748],[19.411647,50.142794],[19.411417,50.142856],[19.411447,50.142926],[19.407564,50.143952],[19.406749,50.144092],[19.405851,50.144147],[19.404439,50.143748],[19.401884,50.144242],[19.400442,50.144234],[19.399489,50.144115],[19.399007,50.144204],[19.398803,50.144079],[19.398911,50.143833],[19.398573,50.143263],[19.396548,50.140553],[19.395993,50.139887],[19.395237,50.139415],[19.395802,50.139034],[19.396439,50.138812],[19.396753,50.138614],[19.39703,50.138291],[19.397104,50.137694],[19.397241,50.137528],[19.398757,50.137092],[19.400915,50.136148],[19.402118,50.135445],[19.410747,50.141084],[19.411606,50.141533],[19.412874,50.142664],[19.413364,50.142969],[19.415215,50.14358],[19.415365,50.143337],[19.415207,50.142812],[19.414522,50.142567],[19.414343,50.142562],[19.414228,50.142672],[19.414646,50.142803],[19.414464,50.143072],[19.41454,50.143095],[19.414464,50.143072],[19.414646,50.142803],[19.414228,50.142672],[19.414343,50.142562],[19.415207,50.142812],[19.415365,50.143337],[19.415215,50.14358],[19.422023,50.145691],[19.42404,50.145234],[19.425698,50.144994],[19.426163,50.14479],[19.426765,50.144849],[19.430882,50.144392],[19.433639,50.144478],[19.433631,50.144084],[19.433416,50.143893],[19.433445,50.143772],[19.434775,50.143445],[19.4357,50.144821],[19.435168,50.14496],[19.434516,50.144484],[19.434333,50.144506],[19.433936,50.14437],[19.433889,50.144038],[19.434898,50.143765],[19.434822,50.143645],[19.433825,50.143895],[19.433791,50.144502],[19.434518,50.144739],[19.434993,50.145068],[19.436157,50.146679],[19.438486,50.148297],[19.440137,50.150092],[19.438191,50.150657],[19.454435,50.155638],[19.454552,50.155479],[19.454478,50.15542],[19.453605,50.155096],[19.453955,50.154817],[19.454566,50.155333],[19.454435,50.155638],[19.455877,50.156059],[19.456279,50.156057],[19.45641,50.156212],[19.456748,50.156354],[19.45966,50.157247],[19.460227,50.157266],[19.460542,50.157519],[19.465767,50.159116],[19.466311,50.15924],[19.466933,50.159265],[19.466627,50.159686],[19.465886,50.160132],[19.464115,50.160866],[19.462141,50.161423],[19.460667,50.162218],[19.458438,50.164355],[19.457902,50.164709],[19.455337,50.165411],[19.452899,50.165891],[19.451035,50.166464],[19.449986,50.166577],[19.446989,50.166608],[19.443711,50.167171],[19.442889,50.167438],[19.440702,50.168545],[19.437588,50.169523],[19.435509,50.170633],[19.43477,50.171135],[19.434658,50.171326],[19.434576,50.172098],[19.434699,50.172192],[19.43535,50.172363],[19.438554,50.17398],[19.439865,50.174522],[19.439931,50.174456],[19.439865,50.174522],[19.441103,50.175051],[19.443709,50.175783],[19.446309,50.176901],[19.446901,50.177074],[19.453711,50.177716],[19.45411,50.177619],[19.454394,50.17836],[19.454688,50.178644],[19.457519,50.179607],[19.458529,50.180201],[19.45702,50.181088],[19.456495,50.181622],[19.456358,50.182033],[19.456396,50.183487],[19.456256,50.183911],[19.455832,50.184229],[19.454173,50.184894],[19.453973,50.185241],[19.454173,50.184894],[19.42939,50.194915],[19.427908,50.195609],[19.426592,50.19667],[19.42546,50.197251],[19.426471,50.196751],[19.428077,50.19552],[19.432111,50.193793],[19.432235,50.195823],[19.432379,50.19606],[19.432577,50.196159],[19.434903,50.19652],[19.436651,50.197076],[19.444928,50.19863],[19.455475,50.200472],[19.461323,50.202879],[19.461608,50.202902],[19.461827,50.203022],[19.462663,50.204972]]},"properties":{"line":"9","dir":"Trzebinia Elektrownia Siersza","mode":"bus"}},{"type":"Feature","geometry":{"type":"LineString","coordinates":[[19.411496,50.142748],[19.411647,50.142794],[19.411417,50.142856],[19.411447,50.142926],[19.407564,50.143952],[19.406749,50.144092],[19.405851,50.144147],[19.404439,50.143748],[19.401884,50.144242],[19.400442,50.144234],[19.399489,50.144115],[19.399007,50.144204],[19.398803,50.144079],[19.398911,50.143833],[19.398573,50.143263],[19.396548,50.140553],[19.395993,50.139887],[19.395237,50.139415],[19.395802,50.139034],[19.396439,50.138812],[19.396753,50.138614],[19.39703,50.138291],[19.397104,50.137694],[19.397241,50.137528],[19.398757,50.137092],[19.400915,50.136148],[19.402118,50.135445],[19.410747,50.141084],[19.411606,50.141533],[19.412874,50.142664],[19.413728,50.143116],[19.415215,50.14358],[19.415365,50.143337],[19.415207,50.142812],[19.414522,50.142567],[19.414343,50.142562],[19.414228,50.142672],[19.414646,50.142803],[19.414464,50.143072],[19.41454,50.143095],[19.414464,50.143072],[19.414646,50.142803],[19.414228,50.142672],[19.414455,50.142556],[19.415207,50.142812],[19.415365,50.143337],[19.415215,50.14358],[19.415745,50.143751],[19.422023,50.145691],[19.422262,50.145691],[19.422509,50.145859],[19.423026,50.14603],[19.454435,50.155638],[19.454552,50.155479],[19.454478,50.15542],[19.453605,50.155096],[19.453955,50.154817],[19.454566,50.155333],[19.454435,50.155638],[19.455877,50.156059],[19.456279,50.156057],[19.45641,50.156212],[19.456748,50.156354],[19.45966,50.157247],[19.460227,50.157266],[19.460542,50.157519],[19.465767,50.159116],[19.466311,50.15924],[19.466933,50.159265],[19.466627,50.159686],[19.465886,50.160132],[19.464115,50.160866],[19.462141,50.161423],[19.460667,50.162218],[19.458438,50.164355],[19.457902,50.164709],[19.455337,50.165411],[19.452899,50.165891],[19.451035,50.166464],[19.449986,50.166577],[19.446989,50.166608],[19.443711,50.167171],[19.442889,50.167438],[19.440702,50.168545],[19.437588,50.169523],[19.435509,50.170633],[19.43477,50.171135],[19.434658,50.171326],[19.434576,50.172098],[19.434699,50.172192],[19.43535,50.172363],[19.438554,50.17398],[19.439865,50.174522],[19.439931,50.174456],[19.439865,50.174522],[19.441103,50.175051],[19.443709,50.175783],[19.446309,50.176901],[19.446901,50.177074],[19.453711,50.177716],[19.45411,50.177619],[19.454394,50.17836],[19.454688,50.178644],[19.457519,50.179607],[19.458529,50.180201],[19.45702,50.181088],[19.456495,50.181622],[19.456358,50.182033],[19.456396,50.183487],[19.456256,50.183911],[19.455832,50.184229],[19.454173,50.184894],[19.453973,50.185241],[19.454173,50.184894],[19.42939,50.194915],[19.427908,50.195609],[19.426592,50.19667],[19.42546,50.197251],[19.426471,50.196751],[19.428077,50.19552],[19.432111,50.193793],[19.432235,50.195823],[19.432379,50.19606],[19.432577,50.196159],[19.434903,50.19652],[19.436651,50.197076],[19.444928,50.19863],[19.453007,50.200028]]},"properties":{"line":"9","dir":"Trzebinia Os.Energetyków","mode":"bus"}},{"type":"Feature","geometry":{"type":"LineString","coordinates":[[19.453679,50.200145],[19.444928,50.19863],[19.436651,50.197076],[19.434903,50.19652],[19.432577,50.196159],[19.432379,50.19606],[19.432235,50.195823],[19.432111,50.193793],[19.428077,50.19552],[19.426592,50.19667],[19.425548,50.197223],[19.422168,50.197935],[19.421245,50.198271],[19.421141,50.19812],[19.425548,50.197223],[19.426592,50.19667],[19.427908,50.195609],[19.42939,50.194915],[19.449623,50.186712],[19.449507,50.186596],[19.449623,50.186712],[19.453285,50.185245],[19.453404,50.185316],[19.454146,50.185031],[19.454173,50.184894],[19.455832,50.184229],[19.456256,50.183911],[19.456396,50.183487],[19.456358,50.182033],[19.456495,50.181622],[19.45702,50.181088],[19.458529,50.180201],[19.457902,50.179803],[19.457385,50.179557],[19.454688,50.178644],[19.454394,50.17836],[19.454224,50.177893],[19.453958,50.177744],[19.448235,50.177242],[19.446489,50.176971],[19.443709,50.175783],[19.441413,50.175169],[19.440275,50.174713],[19.438554,50.17398],[19.43535,50.172363],[19.43483,50.172242],[19.434576,50.172098],[19.434658,50.171326],[19.43477,50.171135],[19.436195,50.170249],[19.437786,50.169438],[19.440702,50.168545],[19.443217,50.167322],[19.443711,50.167171],[19.446989,50.166608],[19.449986,50.166577],[19.451035,50.166464],[19.452899,50.165891],[19.455337,50.165411],[19.4568,50.165026],[19.456731,50.164929],[19.4568,50.165026],[19.457902,50.164709],[19.458438,50.164355],[19.460448,50.162384],[19.461196,50.161905],[19.462141,50.161423],[19.463975,50.160912],[19.465099,50.160493],[19.466286,50.159922],[19.466765,50.159558],[19.46673,50.159274],[19.465767,50.159116],[19.460542,50.157519],[19.460103,50.157499],[19.45966,50.157247],[19.456748,50.156354],[19.456095,50.156295],[19.455843,50.156109],[19.454435,50.155638],[19.454552,50.155479],[19.454056,50.155141]]},"properties":{"line":"9","dir":"Trzebinia PKP","mode":"bus"}},{"type":"Feature","geometry":{"type":"LineString","coordinates":[[19.454132,50.155317],[19.453605,50.155096],[19.453955,50.154817],[19.454566,50.155333],[19.454435,50.155638],[19.455877,50.156059],[19.456279,50.156057],[19.45641,50.156212],[19.456748,50.156354],[19.45966,50.157247],[19.460227,50.157266],[19.460542,50.157519],[19.465767,50.159116],[19.466311,50.15924],[19.466933,50.159265],[19.466627,50.159686],[19.466765,50.159558],[19.46673,50.159274],[19.467683,50.159109],[19.469348,50.158476],[19.470971,50.160021],[19.471188,50.16032],[19.471805,50.161819],[19.471719,50.164372],[19.472584,50.165188],[19.473198,50.166721],[19.473126,50.167151],[19.472595,50.168281],[19.472545,50.168587],[19.473278,50.1738],[19.467818,50.176387],[19.465248,50.177287],[19.463641,50.177577],[19.46322,50.177718],[19.457933,50.180543],[19.45689,50.181183],[19.456495,50.181622],[19.456358,50.182033],[19.456396,50.183487],[19.456256,50.183911],[19.455832,50.184229],[19.454173,50.184894],[19.453973,50.185241],[19.454173,50.184894],[19.42939,50.194915],[19.427908,50.195609],[19.426592,50.19667],[19.425548,50.197223],[19.422168,50.197935],[19.420567,50.198558],[19.418786,50.199622],[19.417783,50.199752],[19.417127,50.199756],[19.417739,50.198848],[19.418045,50.1982],[19.417697,50.197141],[19.417847,50.194447],[19.417343,50.192136],[19.417171,50.189822],[19.417262,50.188011],[19.416947,50.186501],[19.416498,50.185796],[19.416174,50.184882],[19.415404,50.183821],[19.412267,50.180785],[19.40394,50.174647],[19.403705,50.174006],[19.403438,50.173615],[19.403172,50.173431],[19.402748,50.173387],[19.402655,50.173318],[19.402851,50.171787],[19.402781,50.171316],[19.402631,50.171105],[19.401831,50.170526],[19.401554,50.169991],[19.401593,50.169582],[19.401786,50.169223],[19.403313,50.167848],[19.405799,50.163256],[19.406417,50.160357],[19.404868,50.156264],[19.404625,50.154085],[19.40475,50.152841],[19.404443,50.1517],[19.405422,50.151561],[19.410044,50.151302],[19.41027,50.151139],[19.410152,50.150775],[19.409292,50.15024],[19.408298,50.149341],[19.408253,50.149011],[19.407099,50.148932],[19.406103,50.148589],[19.406254,50.148156],[19.404238,50.145365],[19.403918,50.144782],[19.403912,50.144203],[19.40488,50.144124],[19.406098,50.144145],[19.407236,50.144026],[19.411447,50.142926],[19.411417,50.142856],[19.411647,50.142794],[19.411496,50.142748]]},"properties":{"line":"10","dir":"Chrzanów Dworzec Autobusowy","mode":"bus"}},{"type":"Feature","geometry":{"type":"LineString","coordinates":[[19.411496,50.142748],[19.411647,50.142794],[19.411771,50.142715],[19.411885,50.142736],[19.411864,50.142561],[19.409941,50.141926],[19.407088,50.142378],[19.406924,50.142479],[19.406858,50.142874],[19.405881,50.1432],[19.405028,50.143639],[19.403767,50.143871],[19.403912,50.144203],[19.404718,50.144137],[19.403912,50.144203],[19.403994,50.144947],[19.404811,50.146252],[19.406487,50.148479],[19.406476,50.148593],[19.406669,50.14879],[19.407099,50.148932],[19.408253,50.149011],[19.408298,50.149341],[19.409292,50.15024],[19.410152,50.150775],[19.41027,50.151139],[19.410044,50.151302],[19.405422,50.151561],[19.404443,50.1517],[19.40475,50.152841],[19.404625,50.154085],[19.404868,50.156264],[19.406417,50.160357],[19.405882,50.16302],[19.40436,50.165925],[19.404455,50.165952],[19.40436,50.165925],[19.403175,50.168048],[19.401786,50.169223],[19.401593,50.169582],[19.401554,50.169991],[19.401831,50.170526],[19.402631,50.171105],[19.402781,50.171316],[19.402851,50.171787],[19.402731,50.173033],[19.403508,50.173691],[19.40394,50.174647],[19.412267,50.180785],[19.415404,50.183821],[19.416174,50.184882],[19.416498,50.185796],[19.416947,50.186501],[19.417262,50.188011],[19.417171,50.189822],[19.417343,50.192136],[19.417847,50.194447],[19.417697,50.197141],[19.418036,50.198085],[19.418018,50.198324],[19.421141,50.19812],[19.425548,50.197223],[19.426592,50.19667],[19.427908,50.195609],[19.42939,50.194915],[19.449623,50.186712],[19.449507,50.186596],[19.449623,50.186712],[19.453285,50.185245],[19.453404,50.185316],[19.454146,50.185031],[19.454173,50.184894],[19.455832,50.184229],[19.456256,50.183911],[19.456396,50.183487],[19.456358,50.182033],[19.456495,50.181622],[19.45702,50.181088],[19.458529,50.180201],[19.457532,50.179614],[19.455021,50.178796],[19.454557,50.178547],[19.454224,50.177893],[19.453941,50.177722],[19.453923,50.177521],[19.453387,50.176908],[19.45277,50.175833],[19.451755,50.174669],[19.45163,50.174302],[19.451681,50.174067],[19.453838,50.171313],[19.456187,50.169404],[19.457713,50.168384],[19.458336,50.167709],[19.458453,50.167355],[19.458034,50.164775],[19.458118,50.164598],[19.460378,50.162443],[19.461196,50.161905],[19.462141,50.161423],[19.463975,50.160912],[19.465099,50.160493],[19.466286,50.159922],[19.466765,50.159558],[19.46673,50.159274],[19.465767,50.159116],[19.460542,50.157519],[19.460103,50.157499],[19.45966,50.157247],[19.456748,50.156354],[19.456095,50.156295],[19.455843,50.156109],[19.454435,50.155638],[19.454552,50.155479],[19.454478,50.15542],[19.453605,50.155096],[19.453794,50.154922],[19.453955,50.154817],[19.454503,50.155257],[19.45458,50.155418],[19.454435,50.155638],[19.455877,50.156059],[19.456279,50.156057],[19.45641,50.156212],[19.456748,50.156354],[19.45966,50.157247],[19.460227,50.157266],[19.460542,50.157519],[19.465767,50.159116],[19.466311,50.15924],[19.466933,50.159265],[19.467683,50.159109],[19.470073,50.158233],[19.472642,50.158354],[19.472845,50.158276],[19.473154,50.158316],[19.473565,50.158236],[19.479662,50.156221],[19.491193,50.150157],[19.491327,50.1503]]},"properties":{"line":"10","dir":"Młoszowa Florkiewicza","mode":"bus"}},{"type":"Feature","geometry":{"type":"LineString","coordinates":[[19.411496,50.142748],[19.411647,50.142794],[19.411771,50.142715],[19.411885,50.142736],[19.411864,50.142561],[19.409941,50.141926],[19.407088,50.142378],[19.406924,50.142479],[19.406858,50.142874],[19.405881,50.1432],[19.405028,50.143639],[19.403767,50.143871],[19.403912,50.144203],[19.404718,50.144137],[19.403912,50.144203],[19.403994,50.144947],[19.404811,50.146252],[19.406487,50.148479],[19.406476,50.148593],[19.406669,50.14879],[19.407099,50.148932],[19.408253,50.149011],[19.408298,50.149341],[19.409292,50.15024],[19.410152,50.150775],[19.41027,50.151139],[19.410044,50.151302],[19.405422,50.151561],[19.404443,50.1517],[19.40475,50.152841],[19.404625,50.154085],[19.404868,50.156264],[19.406417,50.160357],[19.405882,50.16302],[19.40436,50.165925],[19.404455,50.165952],[19.40436,50.165925],[19.403175,50.168048],[19.401786,50.169223],[19.401593,50.169582],[19.401554,50.169991],[19.401831,50.170526],[19.402631,50.171105],[19.402781,50.171316],[19.402851,50.171787],[19.402731,50.173033],[19.403508,50.173691],[19.40394,50.174647],[19.412267,50.180785],[19.415404,50.183821],[19.416174,50.184882],[19.416498,50.185796],[19.416947,50.186501],[19.417262,50.188011],[19.417171,50.189822],[19.417343,50.192136],[19.417847,50.194447],[19.417697,50.197141],[19.418036,50.198085],[19.418018,50.198324],[19.421141,50.19812],[19.425548,50.197223],[19.426592,50.19667],[19.427908,50.195609],[19.42939,50.194915],[19.449623,50.186712],[19.449507,50.186596],[19.449623,50.186712],[19.453285,50.185245],[19.453404,50.185316],[19.453812,50.185159]]},"properties":{"line":"10","dir":"Trzebinia KWK Siersza","mode":"bus"}},{"type":"Feature","geometry":{"type":"LineString","coordinates":[[19.411496,50.142748],[19.411647,50.142794],[19.411771,50.142715],[19.411885,50.142736],[19.411864,50.142561],[19.409941,50.141926],[19.407088,50.142378],[19.406924,50.142479],[19.406858,50.142874],[19.405881,50.1432],[19.405028,50.143639],[19.403767,50.143871],[19.403912,50.144203],[19.404718,50.144137],[19.403912,50.144203],[19.403994,50.144947],[19.404811,50.146252],[19.406487,50.148479],[19.406476,50.148593],[19.406669,50.14879],[19.407099,50.148932],[19.408253,50.149011],[19.408298,50.149341],[19.409292,50.15024],[19.410152,50.150775],[19.41027,50.151139],[19.410044,50.151302],[19.405422,50.151561],[19.404443,50.1517],[19.40475,50.152841],[19.404625,50.154085],[19.404868,50.156264],[19.406417,50.160357],[19.405882,50.16302],[19.40436,50.165925],[19.404455,50.165952],[19.40436,50.165925],[19.403175,50.168048],[19.401786,50.169223],[19.401593,50.169582],[19.401554,50.169991],[19.401831,50.170526],[19.402631,50.171105],[19.402781,50.171316],[19.402851,50.171787],[19.402731,50.173033],[19.403508,50.173691],[19.40394,50.174647],[19.412267,50.180785],[19.415404,50.183821],[19.416174,50.184882],[19.416498,50.185796],[19.416947,50.186501],[19.417262,50.188011],[19.417171,50.189822],[19.417343,50.192136],[19.417847,50.194447],[19.417697,50.197141],[19.418036,50.198085],[19.418018,50.198324],[19.421141,50.19812],[19.425548,50.197223],[19.426592,50.19667],[19.427908,50.195609],[19.42939,50.194915],[19.449623,50.186712],[19.449507,50.186596],[19.449623,50.186712],[19.453285,50.185245],[19.453404,50.185316],[19.454146,50.185031],[19.454173,50.184894],[19.456008,50.184138],[19.456303,50.183844],[19.456396,50.183487],[19.456369,50.181962],[19.456693,50.181363],[19.457933,50.180543],[19.460724,50.179006],[19.460603,50.178918],[19.460724,50.179006],[19.463369,50.177658],[19.465248,50.177287],[19.468183,50.176242],[19.473278,50.1738],[19.472545,50.168587],[19.472595,50.168281],[19.473126,50.167151],[19.473198,50.166721],[19.472584,50.165188],[19.471719,50.164372],[19.471805,50.161819],[19.471188,50.16032],[19.469348,50.158476],[19.467376,50.159195],[19.46673,50.159274],[19.465961,50.159164]]},"properties":{"line":"10","dir":"Trzebinia Mały Rynek Kościuszki","mode":"bus"}},{"type":"Feature","geometry":{"type":"LineString","coordinates":[[19.411496,50.142748],[19.411647,50.142794],[19.411771,50.142715],[19.411885,50.142736],[19.411864,50.142561],[19.409941,50.141926],[19.407088,50.142378],[19.406924,50.142479],[19.406858,50.142874],[19.405881,50.1432],[19.405028,50.143639],[19.403767,50.143871],[19.403912,50.144203],[19.404718,50.144137],[19.403912,50.144203],[19.403994,50.144947],[19.404811,50.146252],[19.406487,50.148479],[19.406476,50.148593],[19.406669,50.14879],[19.407099,50.148932],[19.408253,50.149011],[19.408298,50.149341],[19.409292,50.15024],[19.410152,50.150775],[19.41027,50.151139],[19.410044,50.151302],[19.405422,50.151561],[19.404443,50.1517],[19.40475,50.152841],[19.404625,50.154085],[19.404868,50.156264],[19.406417,50.160357],[19.405882,50.16302],[19.40436,50.165925],[19.404455,50.165952],[19.40436,50.165925],[19.403175,50.168048],[19.401786,50.169223],[19.401593,50.169582],[19.401554,50.169991],[19.401831,50.170526],[19.402631,50.171105],[19.402781,50.171316],[19.402851,50.171787],[19.402731,50.173033],[19.403508,50.173691],[19.40394,50.174647],[19.412267,50.180785],[19.415404,50.183821],[19.416174,50.184882],[19.416498,50.185796],[19.416947,50.186501],[19.417262,50.188011],[19.417171,50.189822],[19.417343,50.192136],[19.417847,50.194447],[19.417697,50.197141],[19.418036,50.198085],[19.418018,50.198324],[19.421141,50.19812],[19.425548,50.197223],[19.426592,50.19667],[19.427908,50.195609],[19.42939,50.194915],[19.449623,50.186712],[19.449507,50.186596],[19.449623,50.186712],[19.453285,50.185245],[19.453404,50.185316],[19.454146,50.185031],[19.454173,50.184894],[19.456008,50.184138],[19.456303,50.183844],[19.456396,50.183487],[19.456369,50.181962],[19.456693,50.181363],[19.457933,50.180543],[19.460724,50.179006],[19.460603,50.178918],[19.460724,50.179006],[19.463369,50.177658],[19.465248,50.177287],[19.468183,50.176242],[19.473278,50.1738],[19.472545,50.168587],[19.472595,50.168281],[19.473126,50.167151],[19.473198,50.166721],[19.472584,50.165188],[19.471719,50.164372],[19.471805,50.161819],[19.471188,50.16032],[19.470971,50.160021],[19.469348,50.158476],[19.467376,50.159195],[19.46673,50.159274],[19.466148,50.159211],[19.460542,50.157519],[19.460103,50.157499],[19.45966,50.157247],[19.456748,50.156354],[19.456095,50.156295],[19.455843,50.156109],[19.454435,50.155638],[19.454552,50.155479],[19.454132,50.155317]]},"properties":{"line":"10","dir":"Trzebinia PKP","mode":"bus"}},{"type":"Feature","geometry":{"type":"LineString","coordinates":[[19.411496,50.142748],[19.411647,50.142794],[19.411771,50.142715],[19.411885,50.142736],[19.411864,50.142561],[19.409941,50.141926],[19.407088,50.142378],[19.406924,50.142479],[19.406858,50.142874],[19.405881,50.1432],[19.405028,50.143639],[19.403767,50.143871],[19.403912,50.144203],[19.404718,50.144137],[19.403912,50.144203],[19.403994,50.144947],[19.404811,50.146252],[19.406487,50.148479],[19.406476,50.148593],[19.406669,50.14879],[19.407099,50.148932],[19.408253,50.149011],[19.408298,50.149341],[19.409292,50.15024],[19.410152,50.150775],[19.41027,50.151139],[19.410044,50.151302],[19.405422,50.151561],[19.404443,50.1517],[19.40475,50.152841],[19.404625,50.154085],[19.404868,50.156264],[19.406417,50.160357],[19.405799,50.163256],[19.40436,50.165925],[19.404455,50.165952],[19.40436,50.165925],[19.403313,50.167848],[19.401683,50.16937],[19.401583,50.170114],[19.401902,50.170599],[19.402631,50.171105],[19.402781,50.171316],[19.402851,50.171787],[19.402731,50.173033],[19.403508,50.173691],[19.40394,50.174647],[19.412267,50.180785],[19.415404,50.183821],[19.416174,50.184882],[19.416498,50.185796],[19.416947,50.186501],[19.417262,50.188011],[19.417171,50.189822],[19.417343,50.192136],[19.417847,50.194447],[19.417697,50.197141],[19.418036,50.198085],[19.418018,50.198324],[19.421141,50.19812],[19.425454,50.197253]]},"properties":{"line":"10","dir":"Trzebinia Siersza Liceum","mode":"bus"}},{"type":"Feature","geometry":{"type":"LineString","coordinates":[[19.272845,50.051761],[19.274085,50.051553],[19.280358,50.051011],[19.28133,50.051051],[19.282219,50.051422],[19.282282,50.051846],[19.282802,50.053233],[19.28299,50.053438],[19.283677,50.053835],[19.285121,50.054306],[19.286695,50.054635],[19.287851,50.054729],[19.289321,50.054701],[19.289576,50.054835],[19.290963,50.055858],[19.291594,50.056749],[19.29144,50.057395],[19.291423,50.05816],[19.291003,50.058684],[19.290859,50.059043],[19.290733,50.060397],[19.292837,50.062414],[19.293542,50.064623],[19.294653,50.066462],[19.295169,50.067126],[19.29681,50.068152],[19.297164,50.06846],[19.298095,50.070348],[19.298459,50.070649],[19.299027,50.070948],[19.302664,50.072455],[19.305839,50.07388],[19.309693,50.077472],[19.316807,50.081505],[19.317329,50.082077],[19.318273,50.083902],[19.319399,50.0851],[19.320443,50.087185],[19.320446,50.087385],[19.317059,50.086715],[19.316277,50.086619],[19.311331,50.086746],[19.310293,50.086876],[19.309289,50.087303],[19.30808,50.088324],[19.307325,50.088781],[19.29779,50.092847],[19.297773,50.092939],[19.29833,50.09338],[19.30583,50.098378],[19.307459,50.09966],[19.307965,50.099877],[19.31034,50.10056],[19.310848,50.100846],[19.313075,50.102674],[19.313279,50.1027],[19.313482,50.102839],[19.313524,50.102987],[19.314131,50.103291],[19.31517,50.103612],[19.316151,50.103683],[19.316335,50.103636],[19.316639,50.103353],[19.316973,50.102821],[19.31764,50.101134],[19.318325,50.100168],[19.318402,50.099802],[19.321069,50.099968],[19.322437,50.099822],[19.323957,50.100316],[19.323108,50.101303],[19.323957,50.100316],[19.325708,50.100947],[19.326716,50.101194],[19.32878,50.101523],[19.3299,50.101916],[19.329735,50.102153],[19.329758,50.102718],[19.32874,50.102704],[19.329758,50.102718],[19.329735,50.102153],[19.330093,50.1016],[19.329782,50.09979],[19.329163,50.098146],[19.329681,50.096297],[19.329249,50.096218],[19.329681,50.096297],[19.329163,50.098146],[19.329782,50.09979],[19.330094,50.101552],[19.329715,50.102281],[19.330027,50.105017],[19.329807,50.106516],[19.329993,50.106678],[19.33013,50.106769],[19.330281,50.106685],[19.330289,50.106534],[19.330124,50.106412],[19.330005,50.106421],[19.329915,50.106564],[19.330217,50.106858],[19.338497,50.109921],[19.344053,50.111541],[19.353286,50.115065],[19.354887,50.115773],[19.362688,50.121012],[19.36435,50.122262],[19.365753,50.123711],[19.370544,50.129723],[19.371132,50.130151],[19.371741,50.130353],[19.372074,50.130335],[19.372177,50.130453],[19.372607,50.130621],[19.377772,50.131961],[19.379309,50.13246],[19.381545,50.133521],[19.381585,50.133454],[19.381545,50.133521],[19.386289,50.135889],[19.392197,50.137654],[19.395237,50.139415],[19.395802,50.139034],[19.396439,50.138812],[19.396753,50.138614],[19.39703,50.138291],[19.397104,50.137694],[19.397241,50.137528],[19.398757,50.137092],[19.400915,50.136148],[19.402118,50.135445],[19.410747,50.141084],[19.411606,50.141533],[19.411663,50.141585],[19.411535,50.14163],[19.410907,50.141764],[19.410953,50.142266],[19.412,50.142623],[19.412114,50.142839],[19.411929,50.142866],[19.411776,50.14262],[19.411584,50.142564]]},"properties":{"line":"15","dir":"Chrzanów Dworzec Autobusowy","mode":"bus"}},{"type":"Feature","geometry":{"type":"LineString","coordinates":[[19.5315,50.172034],[19.530881,50.171507],[19.52974,50.171252],[19.529177,50.171173],[19.527582,50.171439],[19.526758,50.171315],[19.525163,50.170288],[19.523072,50.169494],[19.521059,50.168398],[19.520765,50.168116],[19.520367,50.167345],[19.519776,50.166635],[19.51953,50.166146],[19.519216,50.16461],[19.519582,50.163772],[19.51974,50.162568],[19.520331,50.161587],[19.51988,50.160822],[19.519806,50.160508],[19.520526,50.159465],[19.520697,50.157829],[19.520598,50.156768],[19.520748,50.155904],[19.521427,50.154047],[19.521824,50.150761],[19.521799,50.147535],[19.521653,50.147534],[19.521799,50.147535],[19.521759,50.142439],[19.517262,50.142438],[19.515974,50.1426],[19.495462,50.148674],[19.495098,50.148723],[19.494517,50.148961],[19.492292,50.149612],[19.480084,50.156026],[19.480364,50.156622],[19.480507,50.156602],[19.480677,50.156756],[19.480507,50.156602],[19.480364,50.156622],[19.482175,50.159856],[19.481297,50.160365],[19.477826,50.161918],[19.47737,50.162275],[19.477029,50.162371],[19.474883,50.161842],[19.473777,50.161091],[19.47339,50.16056],[19.472937,50.158637],[19.472687,50.15844],[19.470806,50.15827],[19.470106,50.158301],[19.469348,50.158476],[19.467376,50.159195],[19.46673,50.159274],[19.466148,50.159211],[19.460542,50.157519],[19.460103,50.157499],[19.45966,50.157247],[19.456748,50.156354],[19.456095,50.156295],[19.455843,50.156109],[19.454435,50.155638],[19.454552,50.155479],[19.453794,50.154922],[19.453955,50.154817],[19.454566,50.155333],[19.454435,50.155638],[19.438191,50.150657],[19.440137,50.150092],[19.438486,50.148297],[19.436157,50.146679],[19.434993,50.145068],[19.434323,50.14465],[19.433639,50.144478],[19.433631,50.144084],[19.433416,50.143893],[19.433445,50.143772],[19.434775,50.143445],[19.435067,50.143869],[19.433886,50.144181],[19.433922,50.14402],[19.434898,50.143765],[19.434822,50.143645],[19.433825,50.143895],[19.433791,50.144502],[19.430882,50.144392],[19.428109,50.144667],[19.426765,50.144849],[19.426299,50.145054],[19.425698,50.144994],[19.423606,50.145318],[19.422717,50.145522],[19.422358,50.145732],[19.422364,50.145917],[19.422081,50.145985],[19.4216,50.145654],[19.420405,50.14519],[19.413364,50.142969],[19.412874,50.142664],[19.411663,50.141585],[19.410907,50.141764],[19.410953,50.142266],[19.412,50.142623],[19.412139,50.14278],[19.41207,50.142866],[19.411892,50.142846],[19.411776,50.14262],[19.411584,50.142564],[19.411885,50.142736],[19.411864,50.142561],[19.409941,50.141926],[19.407088,50.142378],[19.406924,50.142479],[19.406858,50.142874],[19.405881,50.1432],[19.405028,50.143639],[19.403767,50.143871],[19.403912,50.144203],[19.40488,50.144124],[19.405851,50.144147],[19.404439,50.143748],[19.401884,50.144242],[19.400442,50.144234],[19.399489,50.144115],[19.399228,50.144202],[19.39893,50.14418],[19.398785,50.144033],[19.398911,50.143833],[19.398573,50.143263],[19.395993,50.139887],[19.392197,50.137654],[19.386289,50.135889],[19.379309,50.13246],[19.377772,50.131961],[19.372607,50.130621],[19.371849,50.130575],[19.37099,50.130069],[19.370217,50.129339],[19.365215,50.123143],[19.36435,50.122262],[19.362688,50.121012],[19.354643,50.115639],[19.344053,50.111541],[19.339259,50.110177],[19.329986,50.106765],[19.32964,50.106706],[19.329599,50.106594],[19.329714,50.106519],[19.329886,50.106542],[19.33013,50.106769],[19.3303,50.106606],[19.330188,50.106441],[19.330027,50.106406],[19.329893,50.106708],[19.329704,50.106733],[19.329591,50.106622],[19.329808,50.106215],[19.330027,50.105017],[19.329715,50.102281],[19.330094,50.101552],[19.329782,50.09979],[19.329163,50.098146],[19.329681,50.096297],[19.329249,50.096218],[19.329681,50.096297],[19.329163,50.098146],[19.329782,50.09979],[19.329997,50.100796],[19.330093,50.1016],[19.329735,50.102153],[19.329758,50.102718],[19.32808,50.102717],[19.32719,50.102643],[19.324042,50.102048],[19.323082,50.101758],[19.321018,50.100822],[19.318443,50.100142],[19.31821,50.100244],[19.31764,50.101134],[19.316973,50.102821],[19.316458,50.103668],[19.316534,50.103804],[19.316327,50.10392],[19.315951,50.103728],[19.315353,50.103687],[19.314131,50.103291],[19.313546,50.103],[19.310848,50.100846],[19.31034,50.10056],[19.307965,50.099877],[19.307459,50.09966],[19.30583,50.098378],[19.298275,50.093338],[19.297812,50.093068],[19.297344,50.092965],[19.297397,50.092752],[19.298127,50.092669],[19.29864,50.09248],[19.307325,50.088781],[19.30808,50.088324],[19.309289,50.087303],[19.310293,50.086876],[19.311331,50.086746],[19.316277,50.086619],[19.317059,50.086715],[19.320446,50.087385],[19.320443,50.087185],[19.319399,50.0851],[19.318273,50.083902],[19.317548,50.082399],[19.316807,50.081505],[19.309693,50.077472],[19.305839,50.07388],[19.302664,50.072455],[19.299027,50.070948],[19.298459,50.070649],[19.298095,50.070348],[19.297164,50.06846],[19.29681,50.068152],[19.295169,50.067126],[19.294625,50.066418],[19.294516,50.06645],[19.294625,50.066418],[19.293542,50.064623],[19.292926,50.062545],[19.290733,50.060397],[19.290859,50.059043],[19.291003,50.058684],[19.291423,50.05816],[19.29144,50.057395],[19.291594,50.056749],[19.290963,50.055858],[19.289576,50.054835],[19.289321,50.054701],[19.287851,50.054729],[19.286695,50.054635],[19.285121,50.054306],[19.283677,50.053835],[19.28299,50.053438],[19.282802,50.053233],[19.282282,50.051846],[19.282219,50.051422],[19.28133,50.051051],[19.280358,50.051011],[19.274085,50.051553],[19.272845,50.051761]]},"properties":{"line":"15","dir":"Gromiec Granica","mode":"bus"}},{"type":"Feature","geometry":{"type":"LineString","coordinates":[[19.497888,50.165502],[19.49793,50.165236],[19.497604,50.164333],[19.496913,50.163525],[19.495096,50.16242],[19.493307,50.161634],[19.492243,50.159384],[19.492067,50.158542],[19.492131,50.158171],[19.492882,50.15676],[19.4936,50.154732],[19.493871,50.154343],[19.49401,50.15372],[19.493918,50.153749],[19.494048,50.153539],[19.493929,50.153179],[19.492992,50.152321],[19.491988,50.151008],[19.491193,50.150157],[19.480084,50.156026],[19.480364,50.156622],[19.480507,50.156602],[19.480677,50.156756],[19.480507,50.156602],[19.480364,50.156622],[19.482175,50.159856],[19.481297,50.160365],[19.477826,50.161918],[19.47729,50.162318],[19.476949,50.162366],[19.474883,50.161842],[19.473777,50.161091],[19.47339,50.16056],[19.472937,50.158637],[19.472687,50.15844],[19.470806,50.15827],[19.470106,50.158301],[19.469348,50.158476],[19.467376,50.159195],[19.46673,50.159274],[19.466148,50.159211],[19.460542,50.157519],[19.460103,50.157499],[19.45966,50.157247],[19.456748,50.156354],[19.456095,50.156295],[19.455843,50.156109],[19.454435,50.155638],[19.454552,50.155479],[19.453794,50.154922],[19.453955,50.154817],[19.454566,50.155333],[19.454435,50.155638],[19.438191,50.150657],[19.440137,50.150092],[19.438486,50.148297],[19.436157,50.146679],[19.434993,50.145068],[19.434323,50.14465],[19.433639,50.144478],[19.433631,50.144084],[19.433416,50.143893],[19.433445,50.143772],[19.434775,50.143445],[19.435067,50.143869],[19.433886,50.144181],[19.433922,50.14402],[19.434898,50.143765],[19.434822,50.143645],[19.433825,50.143895],[19.433791,50.144502],[19.430882,50.144392],[19.428109,50.144667],[19.426765,50.144849],[19.426299,50.145054],[19.425698,50.144994],[19.423606,50.145318],[19.422717,50.145522],[19.422358,50.145732],[19.422364,50.145917],[19.422081,50.145985],[19.4216,50.145654],[19.420405,50.14519],[19.413364,50.142969],[19.412874,50.142664],[19.411663,50.141585],[19.410907,50.141764],[19.410953,50.142266],[19.412,50.142623],[19.412139,50.14278],[19.41207,50.142866],[19.411892,50.142846],[19.411776,50.14262],[19.411584,50.142564],[19.411885,50.142736],[19.411864,50.142561],[19.409941,50.141926],[19.407088,50.142378],[19.406924,50.142479],[19.406858,50.142874],[19.405881,50.1432],[19.405028,50.143639],[19.403767,50.143871],[19.403912,50.144203],[19.40488,50.144124],[19.405851,50.144147],[19.404439,50.143748],[19.401884,50.144242],[19.400442,50.144234],[19.399489,50.144115],[19.399228,50.144202],[19.39893,50.14418],[19.398785,50.144033],[19.398911,50.143833],[19.398573,50.143263],[19.395993,50.139887],[19.392197,50.137654],[19.386289,50.135889],[19.379309,50.13246],[19.377772,50.131961],[19.372607,50.130621],[19.371849,50.130575],[19.37099,50.130069],[19.370217,50.129339],[19.365215,50.123143],[19.36435,50.122262],[19.362688,50.121012],[19.354643,50.115639],[19.344053,50.111541],[19.339259,50.110177],[19.329986,50.106765],[19.32964,50.106706],[19.329599,50.106594],[19.329714,50.106519],[19.329886,50.106542],[19.33013,50.106769],[19.3303,50.106606],[19.330188,50.106441],[19.330027,50.106406],[19.329893,50.106708],[19.329704,50.106733],[19.329591,50.106622],[19.329808,50.106215],[19.330027,50.105017],[19.329715,50.102281],[19.330094,50.101552],[19.329782,50.09979],[19.329163,50.098146],[19.329681,50.096297],[19.329249,50.096218],[19.329681,50.096297],[19.329163,50.098146],[19.329782,50.09979],[19.329997,50.100796],[19.330093,50.1016],[19.329735,50.102153],[19.329758,50.102718],[19.32808,50.102717],[19.32719,50.102643],[19.324042,50.102048],[19.323082,50.101758],[19.321018,50.100822],[19.318443,50.100142],[19.31821,50.100244],[19.31764,50.101134],[19.316973,50.102821],[19.316458,50.103668],[19.316516,50.10384],[19.316231,50.103909],[19.315951,50.103728],[19.315353,50.103687],[19.314131,50.103291],[19.313546,50.103],[19.310848,50.100846],[19.31034,50.10056],[19.307965,50.099877],[19.307459,50.09966],[19.30583,50.098378],[19.298275,50.093338],[19.297812,50.093068],[19.297454,50.093022],[19.297316,50.092929],[19.297397,50.092752],[19.298127,50.092669],[19.29864,50.09248],[19.306221,50.089255],[19.304555,50.087164],[19.302468,50.085213],[19.300797,50.082586],[19.300173,50.081794],[19.299672,50.081561],[19.297979,50.081226],[19.297628,50.081289],[19.297173,50.081565]]},"properties":{"line":"15","dir":"Libiąż Budzowy Sklep","mode":"bus"}},{"type":"Feature","geometry":{"type":"LineString","coordinates":[[19.272845,50.051761],[19.274085,50.051553],[19.280358,50.051011],[19.28133,50.051051],[19.282219,50.051422],[19.282282,50.051846],[19.282802,50.053233],[19.28299,50.053438],[19.283677,50.053835],[19.285121,50.054306],[19.286695,50.054635],[19.287851,50.054729],[19.289321,50.054701],[19.290963,50.055858],[19.291594,50.056749],[19.29144,50.057395],[19.291423,50.05816],[19.291003,50.058684],[19.290859,50.059043],[19.290733,50.060397],[19.292837,50.062414],[19.293542,50.064623],[19.294653,50.066462],[19.295169,50.067126],[19.29681,50.068152],[19.297164,50.06846],[19.298095,50.070348],[19.298459,50.070649],[19.299027,50.070948],[19.302664,50.072455],[19.305839,50.07388],[19.309693,50.077472],[19.316807,50.081505],[19.317329,50.082077],[19.318273,50.083902],[19.319399,50.0851],[19.320443,50.087185],[19.321293,50.091464],[19.321234,50.092151],[19.321073,50.092406],[19.318534,50.095265],[19.318658,50.096013],[19.319387,50.098212],[19.319517,50.098365],[19.321981,50.099675],[19.325708,50.100947],[19.326716,50.101194],[19.32878,50.101523],[19.3299,50.101916],[19.329715,50.102281],[19.330027,50.105017],[19.329807,50.106516],[19.33013,50.106769],[19.330281,50.106685],[19.330289,50.106534],[19.330124,50.106412],[19.330005,50.106421]]},"properties":{"line":"15","dir":"Libiąż Dworzec Autobusowy","mode":"bus"}},{"type":"Feature","geometry":{"type":"LineString","coordinates":[[19.5315,50.172034],[19.530881,50.171507],[19.52974,50.171252],[19.529177,50.171173],[19.527582,50.171439],[19.526758,50.171315],[19.525163,50.170288],[19.523072,50.169494],[19.521059,50.168398],[19.520765,50.168116],[19.520367,50.167345],[19.519776,50.166635],[19.51953,50.166146],[19.519216,50.16461],[19.519582,50.163772],[19.51974,50.162568],[19.520331,50.161587],[19.51988,50.160822],[19.519806,50.160508],[19.520526,50.159465],[19.520697,50.157829],[19.520598,50.156768],[19.520748,50.155904],[19.521427,50.154047],[19.521824,50.150761],[19.521799,50.147535],[19.521653,50.147534],[19.521799,50.147535],[19.521759,50.142439],[19.517262,50.142438],[19.515974,50.1426],[19.495462,50.148674],[19.495098,50.148723],[19.494517,50.148961],[19.492521,50.149526],[19.491193,50.150157],[19.491988,50.151008],[19.492992,50.152321],[19.493929,50.153179],[19.494048,50.153539],[19.493871,50.154343],[19.4936,50.154732],[19.492882,50.15676],[19.492131,50.158171],[19.492067,50.158542],[19.492243,50.159384],[19.493307,50.161634],[19.494831,50.16229],[19.494938,50.162227],[19.494831,50.16229],[19.496913,50.163525],[19.497604,50.164333],[19.49793,50.165236],[19.497888,50.165502],[19.49793,50.165236],[19.497604,50.164333],[19.496913,50.163525],[19.495096,50.16242],[19.493307,50.161634],[19.492243,50.159384],[19.492067,50.158542],[19.492131,50.158171],[19.492882,50.15676],[19.4936,50.154732],[19.493871,50.154343],[19.49401,50.15372],[19.493918,50.153749],[19.494048,50.153539],[19.493929,50.153179],[19.492992,50.152321],[19.491988,50.151008],[19.491193,50.150157],[19.480084,50.156026],[19.480364,50.156622],[19.480507,50.156602],[19.480677,50.156756],[19.480507,50.156602],[19.480364,50.156622],[19.482175,50.159856],[19.481297,50.160365],[19.477826,50.161918],[19.47729,50.162318],[19.476949,50.162366],[19.474883,50.161842],[19.473777,50.161091],[19.47339,50.16056],[19.472937,50.158637],[19.472687,50.15844],[19.470806,50.15827],[19.470106,50.158301],[19.469348,50.158476],[19.467376,50.159195],[19.46673,50.159274],[19.466148,50.159211],[19.460542,50.157519],[19.460103,50.157499],[19.45966,50.157247],[19.456748,50.156354],[19.456095,50.156295],[19.455843,50.156109],[19.454435,50.155638],[19.454552,50.155479],[19.453794,50.154922],[19.453955,50.154817],[19.454566,50.155333],[19.454435,50.155638],[19.438191,50.150657],[19.440137,50.150092],[19.438486,50.148297],[19.436157,50.146679],[19.434993,50.145068],[19.434323,50.14465],[19.433639,50.144478],[19.433631,50.144084],[19.433416,50.143893],[19.433445,50.143772],[19.434775,50.143445],[19.435067,50.143869],[19.433886,50.144181],[19.433922,50.14402],[19.434898,50.143765],[19.434822,50.143645],[19.433825,50.143895],[19.433791,50.144502],[19.430882,50.144392],[19.428109,50.144667],[19.426765,50.144849],[19.426299,50.145054],[19.425698,50.144994],[19.423606,50.145318],[19.422717,50.145522],[19.422358,50.145732],[19.422364,50.145917],[19.422081,50.145985],[19.4216,50.145654],[19.420405,50.14519],[19.413364,50.142969],[19.412874,50.142664],[19.411663,50.141585],[19.410907,50.141764],[19.410953,50.142266],[19.412,50.142623],[19.412139,50.14278],[19.412024,50.142876],[19.411892,50.142846],[19.411776,50.14262],[19.411584,50.142564],[19.411885,50.142736],[19.411864,50.142561],[19.409941,50.141926],[19.407088,50.142378],[19.406924,50.142479],[19.406858,50.142874],[19.405881,50.1432],[19.405028,50.143639],[19.403767,50.143871],[19.403912,50.144203],[19.40488,50.144124],[19.405851,50.144147],[19.404439,50.143748],[19.401884,50.144242],[19.400442,50.144234],[19.399489,50.144115],[19.399007,50.144204],[19.398803,50.144079],[19.398911,50.143833],[19.398573,50.143263],[19.395993,50.139887],[19.392197,50.137654],[19.386289,50.135889],[19.379309,50.13246],[19.377772,50.131961],[19.372607,50.130621],[19.371849,50.130575],[19.37099,50.130069],[19.370217,50.129339],[19.365215,50.123143],[19.36435,50.122262],[19.362688,50.121012],[19.354643,50.115639],[19.344053,50.111541],[19.339259,50.110177],[19.329986,50.106765],[19.32964,50.106706],[19.329599,50.106594],[19.329714,50.106519],[19.329886,50.106542],[19.33013,50.106769],[19.3303,50.106606],[19.330188,50.106441],[19.330027,50.106406],[19.329893,50.106708],[19.329704,50.106733],[19.329591,50.106622],[19.329808,50.106215],[19.330027,50.105017],[19.329715,50.102281],[19.330094,50.101552],[19.329782,50.09979],[19.329163,50.098146],[19.329681,50.096297],[19.329249,50.096218]]},"properties":{"line":"15","dir":"Libiąż Kopalnia Janina","mode":"bus"}},{"type":"Feature","geometry":{"type":"LineString","coordinates":[[19.497888,50.165502],[19.49793,50.165236],[19.497604,50.164333],[19.496913,50.163525],[19.495096,50.16242],[19.493307,50.161634],[19.492243,50.159384],[19.492067,50.158542],[19.492131,50.158171],[19.492882,50.15676],[19.4936,50.154732],[19.493871,50.154343],[19.49401,50.15372],[19.493918,50.153749],[19.494048,50.153539],[19.493929,50.153179],[19.492992,50.152321],[19.491988,50.151008],[19.491193,50.150157],[19.480084,50.156026],[19.480364,50.156622],[19.480507,50.156602],[19.480677,50.156756],[19.480507,50.156602],[19.480364,50.156622],[19.482175,50.159856],[19.481297,50.160365],[19.477826,50.161918],[19.47729,50.162318],[19.476949,50.162366],[19.474883,50.161842],[19.473777,50.161091],[19.47339,50.16056],[19.472937,50.158637],[19.472687,50.15844],[19.470806,50.15827],[19.470106,50.158301],[19.469348,50.158476],[19.467376,50.159195],[19.46673,50.159274],[19.466148,50.159211],[19.460542,50.157519],[19.460103,50.157499],[19.45966,50.157247],[19.456748,50.156354],[19.456095,50.156295],[19.455843,50.156109],[19.454435,50.155638],[19.454552,50.155479],[19.453794,50.154922],[19.453955,50.154817],[19.454566,50.155333],[19.454435,50.155638],[19.438191,50.150657],[19.440137,50.150092],[19.438486,50.148297],[19.436157,50.146679],[19.434993,50.145068],[19.434323,50.14465],[19.433639,50.144478],[19.433631,50.144084],[19.433416,50.143893],[19.433445,50.143772],[19.434775,50.143445],[19.435067,50.143869],[19.433886,50.144181],[19.433922,50.14402],[19.434898,50.143765],[19.434822,50.143645],[19.433825,50.143895],[19.433791,50.144502],[19.430882,50.144392],[19.428109,50.144667],[19.426765,50.144849],[19.426299,50.145054],[19.425698,50.144994],[19.423606,50.145318],[19.422717,50.145522],[19.422358,50.145732],[19.422364,50.145917],[19.422081,50.145985],[19.4216,50.145654],[19.420405,50.14519],[19.413364,50.142969],[19.412874,50.142664],[19.411663,50.141585],[19.410907,50.141764],[19.410953,50.142266],[19.412,50.142623],[19.412139,50.14278],[19.41207,50.142866],[19.411892,50.142846],[19.411776,50.14262],[19.411584,50.142564],[19.411885,50.142736],[19.411864,50.142561],[19.409941,50.141926],[19.407088,50.142378],[19.406924,50.142479],[19.406858,50.142874],[19.405881,50.1432],[19.405028,50.143639],[19.403767,50.143871],[19.403912,50.144203],[19.40488,50.144124],[19.405851,50.144147],[19.404439,50.143748],[19.401884,50.144242],[19.400442,50.144234],[19.399489,50.144115],[19.399228,50.144202],[19.39893,50.14418],[19.398785,50.144033],[19.398911,50.143833],[19.398573,50.143263],[19.395993,50.139887],[19.392197,50.137654],[19.386289,50.135889],[19.379309,50.13246],[19.377772,50.131961],[19.372607,50.130621],[19.371849,50.130575],[19.37099,50.130069],[19.370217,50.129339],[19.365215,50.123143],[19.36435,50.122262],[19.362688,50.121012],[19.354643,50.115639],[19.344053,50.111541],[19.339259,50.110177],[19.329986,50.106765],[19.32964,50.106706],[19.329599,50.106594],[19.329714,50.106519],[19.329886,50.106542],[19.33013,50.106769],[19.3303,50.106606],[19.330188,50.106441],[19.330027,50.106406],[19.329893,50.106708],[19.329704,50.106733],[19.329591,50.106622],[19.329808,50.106215],[19.330027,50.105017],[19.329715,50.102281],[19.330094,50.101552],[19.329782,50.09979],[19.329163,50.098146],[19.329681,50.096297],[19.329249,50.096218],[19.329681,50.096297],[19.329163,50.098146],[19.329782,50.09979],[19.329997,50.100796],[19.330093,50.1016],[19.329735,50.102153],[19.329758,50.102718],[19.32808,50.102717],[19.32719,50.102643],[19.324042,50.102048],[19.323082,50.101758],[19.321018,50.100822],[19.318443,50.100142],[19.31821,50.100244],[19.31764,50.101134],[19.316973,50.102821],[19.316458,50.103668],[19.316534,50.103804],[19.316327,50.10392],[19.315951,50.103728],[19.315353,50.103687],[19.314131,50.103291],[19.313546,50.103],[19.310848,50.100846],[19.31034,50.10056],[19.307965,50.099877],[19.307459,50.09966],[19.30583,50.098378],[19.302157,50.095969]]},"properties":{"line":"15","dir":"Libiąż Oświęcimska Cmentarz","mode":"bus"}},{"type":"Feature","geometry":{"type":"LineString","coordinates":[[19.272845,50.051761],[19.274085,50.051553],[19.280358,50.051011],[19.28133,50.051051],[19.282219,50.051422],[19.282282,50.051846],[19.282802,50.053233],[19.28299,50.053438],[19.283677,50.053835],[19.285121,50.054306],[19.286695,50.054635],[19.287851,50.054729],[19.289321,50.054701],[19.289576,50.054835],[19.290963,50.055858],[19.291594,50.056749],[19.29144,50.057395],[19.291423,50.05816],[19.291003,50.058684],[19.290859,50.059043],[19.290733,50.060397],[19.292837,50.062414],[19.293542,50.064623],[19.294653,50.066462],[19.295169,50.067126],[19.29681,50.068152],[19.297164,50.06846],[19.298095,50.070348],[19.298459,50.070649],[19.299027,50.070948],[19.302664,50.072455],[19.305839,50.07388],[19.309693,50.077472],[19.316807,50.081505],[19.317548,50.082399],[19.318273,50.083902],[19.319399,50.0851],[19.320443,50.087185],[19.320446,50.087385],[19.317059,50.086715],[19.316277,50.086619],[19.311331,50.086746],[19.310293,50.086876],[19.309289,50.087303],[19.30808,50.088324],[19.307325,50.088781],[19.298127,50.092669],[19.29779,50.092847],[19.297873,50.093026],[19.301246,50.095362],[19.30583,50.098378],[19.307459,50.09966],[19.307965,50.099877],[19.31034,50.10056],[19.310848,50.100846],[19.313075,50.102674],[19.313279,50.1027],[19.313482,50.102839],[19.313524,50.102987],[19.314131,50.103291],[19.31517,50.103612],[19.315498,50.103646],[19.316335,50.103636],[19.31674,50.103226],[19.31764,50.101134],[19.318325,50.100168],[19.318402,50.099802],[19.321069,50.099968],[19.322437,50.099822],[19.323957,50.100316],[19.323108,50.101303],[19.323957,50.100316],[19.325708,50.100947],[19.326716,50.101194],[19.32878,50.101523],[19.3299,50.101916],[19.329735,50.102153],[19.329758,50.102718],[19.32874,50.102704],[19.329758,50.102718],[19.329735,50.102153],[19.330093,50.1016],[19.329782,50.09979],[19.329163,50.098146],[19.329681,50.096297],[19.329249,50.096218],[19.329681,50.096297],[19.329163,50.098146],[19.329782,50.09979],[19.330094,50.101552],[19.329715,50.102281],[19.330027,50.105017],[19.329807,50.106516],[19.329993,50.106678],[19.33013,50.106769],[19.330281,50.106685],[19.330289,50.106534],[19.330124,50.106412],[19.330005,50.106421],[19.329915,50.106564],[19.330217,50.106858],[19.338497,50.109921],[19.344053,50.111541],[19.353286,50.115065],[19.354887,50.115773],[19.362688,50.121012],[19.36435,50.122262],[19.365753,50.123711],[19.370544,50.129723],[19.371339,50.130248],[19.371741,50.130353],[19.372074,50.130335],[19.372177,50.130453],[19.372607,50.130621],[19.377772,50.131961],[19.379309,50.13246],[19.381545,50.133521],[19.381585,50.133454],[19.381545,50.133521],[19.386289,50.135889],[19.392197,50.137654],[19.395237,50.139415],[19.395802,50.139034],[19.396439,50.138812],[19.396753,50.138614],[19.39703,50.138291],[19.397104,50.137694],[19.397241,50.137528],[19.398757,50.137092],[19.400915,50.136148],[19.402118,50.135445],[19.410747,50.141084],[19.411606,50.141533],[19.412874,50.142664],[19.413728,50.143116],[19.415215,50.14358],[19.415365,50.143337],[19.415207,50.142812],[19.414522,50.142567],[19.414343,50.142562],[19.414228,50.142672],[19.414646,50.142803],[19.414464,50.143072],[19.41454,50.143095],[19.414464,50.143072],[19.414646,50.142803],[19.414228,50.142672],[19.414343,50.142562],[19.415207,50.142812],[19.415365,50.143337],[19.415215,50.14358],[19.422023,50.145691],[19.422262,50.145691],[19.422509,50.145859],[19.423026,50.14603],[19.454435,50.155638],[19.454552,50.155479],[19.454478,50.15542],[19.453605,50.155096],[19.453955,50.154817],[19.454566,50.155333],[19.454435,50.155638],[19.455877,50.156059],[19.456279,50.156057],[19.45641,50.156212],[19.456748,50.156354],[19.45966,50.157247],[19.460227,50.157266],[19.460542,50.157519],[19.465767,50.159116],[19.466587,50.159269],[19.467376,50.159195],[19.470073,50.158233],[19.472069,50.158348],[19.472642,50.158354],[19.47295,50.158279],[19.473091,50.158372],[19.473034,50.158898],[19.473318,50.160341],[19.473777,50.161091],[19.474883,50.161842],[19.476949,50.162366],[19.47729,50.162318],[19.477826,50.161918],[19.481297,50.160365],[19.482175,50.159856],[19.481493,50.15851],[19.4802,50.156347],[19.479856,50.156134],[19.491193,50.150157],[19.491327,50.1503]]},"properties":{"line":"15","dir":"Młoszowa Florkiewicza","mode":"bus"}},{"type":"Feature","geometry":{"type":"LineString","coordinates":[[19.272845,50.051761],[19.274085,50.051553],[19.280358,50.051011],[19.28133,50.051051],[19.282219,50.051422],[19.282282,50.051846],[19.282802,50.053233],[19.28299,50.053438],[19.283677,50.053835],[19.285121,50.054306],[19.286695,50.054635],[19.287851,50.054729],[19.289321,50.054701],[19.289576,50.054835],[19.290963,50.055858],[19.291594,50.056749],[19.29144,50.057395],[19.291423,50.05816],[19.291003,50.058684],[19.290859,50.059043],[19.290733,50.060397],[19.292837,50.062414],[19.293542,50.064623],[19.294653,50.066462],[19.295169,50.067126],[19.29681,50.068152],[19.297164,50.06846],[19.298095,50.070348],[19.298459,50.070649],[19.299027,50.070948],[19.302664,50.072455],[19.305839,50.07388],[19.309693,50.077472],[19.316807,50.081505],[19.317329,50.082077],[19.318273,50.083902],[19.319399,50.0851],[19.320443,50.087185],[19.320446,50.087385],[19.317059,50.086715],[19.316277,50.086619],[19.311331,50.086746],[19.310293,50.086876],[19.309289,50.087303],[19.30808,50.088324],[19.307325,50.088781],[19.298127,50.092669],[19.29779,50.092847],[19.297773,50.092939],[19.301246,50.095362],[19.30583,50.098378],[19.307459,50.09966],[19.307965,50.099877],[19.310142,50.100488],[19.310645,50.100718],[19.312969,50.102594],[19.313279,50.1027],[19.313482,50.102839],[19.313524,50.102987],[19.313818,50.103152],[19.31517,50.103612],[19.316151,50.103683],[19.316335,50.103636],[19.31686,50.103046],[19.31764,50.101134],[19.318325,50.100168],[19.318402,50.099802],[19.321069,50.099968],[19.322437,50.099822],[19.323957,50.100316],[19.323108,50.101303],[19.323957,50.100316],[19.325708,50.100947],[19.326716,50.101194],[19.32878,50.101523],[19.3299,50.101916],[19.329735,50.102153],[19.329758,50.102718],[19.32874,50.102704],[19.329758,50.102718],[19.329735,50.102153],[19.330093,50.1016],[19.329782,50.09979],[19.329163,50.098146],[19.329681,50.096297],[19.329249,50.096218],[19.329681,50.096297],[19.329163,50.098146],[19.329782,50.09979],[19.330094,50.101552],[19.329715,50.102281],[19.330027,50.105017],[19.329807,50.106516],[19.329993,50.106678],[19.33013,50.106769],[19.330281,50.106685],[19.330289,50.106534],[19.330124,50.106412],[19.330005,50.106421],[19.329915,50.106564],[19.330217,50.106858],[19.338497,50.109921],[19.344053,50.111541],[19.353286,50.115065],[19.354887,50.115773],[19.362688,50.121012],[19.36435,50.122262],[19.365753,50.123711],[19.370544,50.129723],[19.371339,50.130248],[19.371741,50.130353],[19.372074,50.130335],[19.372177,50.130453],[19.372607,50.130621],[19.377772,50.131961],[19.379309,50.13246],[19.381545,50.133521],[19.381585,50.133454],[19.381545,50.133521],[19.386289,50.135889],[19.392197,50.137654],[19.395237,50.139415],[19.395802,50.139034],[19.396439,50.138812],[19.396753,50.138614],[19.39703,50.138291],[19.397104,50.137694],[19.397241,50.137528],[19.398757,50.137092],[19.400915,50.136148],[19.402118,50.135445],[19.410747,50.141084],[19.411606,50.141533],[19.412874,50.142664],[19.413364,50.142969],[19.415215,50.14358],[19.415365,50.143337],[19.415207,50.142812],[19.414522,50.142567],[19.414343,50.142562],[19.414228,50.142672],[19.414646,50.142803],[19.414464,50.143072],[19.41454,50.143095],[19.414464,50.143072],[19.414646,50.142803],[19.414228,50.142672],[19.414343,50.142562],[19.415207,50.142812],[19.415365,50.143337],[19.415215,50.14358],[19.422023,50.145691],[19.42404,50.145234],[19.425698,50.144994],[19.426163,50.14479],[19.426765,50.144849],[19.430882,50.144392],[19.433639,50.144478],[19.433631,50.144084],[19.433416,50.143893],[19.433445,50.143772],[19.434775,50.143445],[19.4357,50.144821],[19.435168,50.14496],[19.434516,50.144484],[19.434333,50.144506],[19.433936,50.14437],[19.433889,50.144038],[19.434898,50.143765],[19.434822,50.143645],[19.433825,50.143895],[19.433791,50.144502],[19.434518,50.144739],[19.434993,50.145068],[19.436157,50.146679],[19.438486,50.148297],[19.440137,50.150092],[19.438191,50.150657],[19.454435,50.155638],[19.454552,50.155479],[19.454478,50.15542],[19.453605,50.155096],[19.453955,50.154817],[19.454566,50.155333],[19.454435,50.155638],[19.455877,50.156059],[19.456279,50.156057],[19.45641,50.156212],[19.456748,50.156354],[19.45966,50.157247],[19.460227,50.157266],[19.460542,50.157519],[19.466148,50.159211],[19.46673,50.159274],[19.467376,50.159195],[19.470073,50.158233],[19.472069,50.158348],[19.472642,50.158354],[19.47295,50.158279],[19.473091,50.158372],[19.473034,50.158898],[19.473455,50.160684],[19.474144,50.161394],[19.474994,50.161878],[19.47686,50.162351],[19.4772,50.162348],[19.477826,50.161918],[19.481297,50.160365],[19.48214,50.159902],[19.482174,50.159728],[19.480673,50.157107],[19.4802,50.156347],[19.479856,50.156134],[19.491193,50.150157],[19.491988,50.151008],[19.492992,50.152321],[19.493929,50.153179],[19.494048,50.153539],[19.493871,50.154343],[19.4936,50.154732],[19.492882,50.15676],[19.492131,50.158171],[19.492067,50.158542],[19.492243,50.159384],[19.493307,50.161634],[19.494831,50.16229],[19.494938,50.162227],[19.494831,50.16229],[19.496913,50.163525],[19.497604,50.164333],[19.49793,50.165236],[19.497888,50.165502]]},"properties":{"line":"15","dir":"Młoszowa Wzgórze II","mode":"bus"}},{"type":"Feature","geometry":{"type":"LineString","coordinates":[[19.272845,50.051761],[19.274085,50.051553],[19.280358,50.051011],[19.28133,50.051051],[19.282219,50.051422],[19.282282,50.051846],[19.282802,50.053233],[19.28299,50.053438],[19.283677,50.053835],[19.285121,50.054306],[19.286695,50.054635],[19.287851,50.054729],[19.289321,50.054701],[19.289576,50.054835],[19.290963,50.055858],[19.291594,50.056749],[19.29144,50.057395],[19.291423,50.05816],[19.291003,50.058684],[19.290859,50.059043],[19.290733,50.060397],[19.292837,50.062414],[19.293542,50.064623],[19.294653,50.066462],[19.295169,50.067126],[19.29681,50.068152],[19.297164,50.06846],[19.298095,50.070348],[19.298459,50.070649],[19.299027,50.070948],[19.302664,50.072455],[19.305839,50.07388],[19.309693,50.077472],[19.316807,50.081505],[19.317548,50.082399],[19.318273,50.083902],[19.319399,50.0851],[19.320443,50.087185],[19.320446,50.087385],[19.317059,50.086715],[19.316277,50.086619],[19.311331,50.086746],[19.310293,50.086876],[19.309289,50.087303],[19.30808,50.088324],[19.307325,50.088781],[19.298127,50.092669],[19.29779,50.092847],[19.297873,50.093026],[19.301246,50.095362],[19.30583,50.098378],[19.307459,50.09966],[19.307965,50.099877],[19.31034,50.10056],[19.310848,50.100846],[19.313075,50.102674],[19.313279,50.1027],[19.313482,50.102839],[19.313524,50.102987],[19.314131,50.103291],[19.31517,50.103612],[19.315498,50.103646],[19.316335,50.103636],[19.31674,50.103226],[19.31764,50.101134],[19.318325,50.100168],[19.318402,50.099802],[19.321069,50.099968],[19.322437,50.099822],[19.323957,50.100316],[19.323108,50.101303],[19.323957,50.100316],[19.325708,50.100947],[19.326716,50.101194],[19.32878,50.101523],[19.3299,50.101916],[19.329735,50.102153],[19.329758,50.102718],[19.32874,50.102704],[19.329758,50.102718],[19.329735,50.102153],[19.330093,50.1016],[19.329782,50.09979],[19.329163,50.098146],[19.329681,50.096297],[19.329249,50.096218],[19.329681,50.096297],[19.329163,50.098146],[19.329782,50.09979],[19.330094,50.101552],[19.329715,50.102281],[19.330027,50.105017],[19.329807,50.106516],[19.329993,50.106678],[19.33013,50.106769],[19.330281,50.106685],[19.330289,50.106534],[19.330124,50.106412],[19.330005,50.106421],[19.329915,50.106564],[19.330217,50.106858],[19.338497,50.109921],[19.344053,50.111541],[19.353286,50.115065],[19.354887,50.115773],[19.362688,50.121012],[19.36435,50.122262],[19.365753,50.123711],[19.370544,50.129723],[19.371339,50.130248],[19.371741,50.130353],[19.372074,50.130335],[19.372177,50.130453],[19.372607,50.130621],[19.377772,50.131961],[19.379309,50.13246],[19.381545,50.133521],[19.381585,50.133454],[19.381545,50.133521],[19.386289,50.135889],[19.392197,50.137654],[19.395237,50.139415],[19.395802,50.139034],[19.396439,50.138812],[19.396753,50.138614],[19.39703,50.138291],[19.397104,50.137694],[19.397241,50.137528],[19.398757,50.137092],[19.400915,50.136148],[19.402118,50.135445],[19.410747,50.141084],[19.411606,50.141533],[19.412874,50.142664],[19.413364,50.142969],[19.415215,50.14358],[19.415365,50.143337],[19.415207,50.142812],[19.414522,50.142567],[19.414343,50.142562],[19.414228,50.142672],[19.414646,50.142803],[19.414464,50.143072],[19.41454,50.143095],[19.414464,50.143072],[19.414646,50.142803],[19.414228,50.142672],[19.414343,50.142562],[19.415207,50.142812],[19.415365,50.143337],[19.415215,50.14358],[19.422023,50.145691],[19.42404,50.145234],[19.425698,50.144994],[19.426163,50.14479],[19.426765,50.144849],[19.430882,50.144392],[19.433639,50.144478],[19.433631,50.144084],[19.433416,50.143893],[19.433445,50.143772],[19.434775,50.143445],[19.4357,50.144821],[19.435168,50.14496],[19.434516,50.144484],[19.434333,50.144506],[19.433936,50.14437],[19.433889,50.144038],[19.434898,50.143765],[19.434822,50.143645],[19.433825,50.143895],[19.433791,50.144502],[19.434518,50.144739],[19.434993,50.145068],[19.436157,50.146679],[19.438486,50.148297],[19.440137,50.150092],[19.438191,50.150657],[19.454435,50.155638],[19.454552,50.155479],[19.454478,50.15542],[19.453605,50.155096],[19.453955,50.154817],[19.454566,50.155333],[19.454435,50.155638],[19.455877,50.156059],[19.456279,50.156057],[19.45641,50.156212],[19.456748,50.156354],[19.45966,50.157247],[19.460227,50.157266],[19.460542,50.157519],[19.466148,50.159211],[19.46673,50.159274],[19.467376,50.159195],[19.470073,50.158233],[19.472069,50.158348],[19.472642,50.158354],[19.47295,50.158279],[19.473091,50.158372],[19.473034,50.158898],[19.473318,50.160341],[19.473777,50.161091],[19.474883,50.161842],[19.476949,50.162366],[19.47729,50.162318],[19.477826,50.161918],[19.481297,50.160365],[19.482175,50.159856],[19.481493,50.15851],[19.4802,50.156347],[19.479856,50.156134],[19.491967,50.149761],[19.494442,50.148925],[19.494692,50.148524],[19.494896,50.148513],[19.495186,50.148619],[19.495654,50.148598],[19.516318,50.142519],[19.517262,50.142438],[19.521759,50.142439],[19.521801,50.147732],[19.521921,50.147731],[19.521801,50.147732],[19.521824,50.150761],[19.521427,50.154047],[19.520748,50.155904],[19.520598,50.156768],[19.520697,50.157829],[19.520526,50.159465],[19.519799,50.160563],[19.520331,50.161587],[19.51974,50.162568],[19.519582,50.163772],[19.519216,50.16461],[19.51953,50.166146],[19.519776,50.166635],[19.520367,50.167345],[19.520765,50.168116],[19.521059,50.168398],[19.523072,50.169494],[19.525163,50.170288],[19.526758,50.171315],[19.527582,50.171439],[19.529177,50.171173],[19.52974,50.171252],[19.530881,50.171507],[19.5315,50.172034]]},"properties":{"line":"15","dir":"Psary Centrum","mode":"bus"}},{"type":"Feature","geometry":{"type":"LineString","coordinates":[[19.41454,50.143095],[19.414464,50.143072],[19.414646,50.142803],[19.414228,50.142672],[19.414343,50.142562],[19.415207,50.142812],[19.415365,50.143337],[19.415215,50.14358],[19.422023,50.145691],[19.42404,50.145234],[19.425698,50.144994],[19.426163,50.14479],[19.426765,50.144849],[19.430882,50.144392],[19.433639,50.144478],[19.433631,50.144084],[19.433416,50.143893],[19.433445,50.143772],[19.434775,50.143445],[19.4357,50.144821],[19.435168,50.14496],[19.434516,50.144484],[19.434333,50.144506],[19.433936,50.14437],[19.433889,50.144038],[19.434898,50.143765],[19.434822,50.143645],[19.433825,50.143895],[19.433791,50.144502],[19.434518,50.144739],[19.434993,50.145068],[19.436157,50.146679],[19.438486,50.148297],[19.440137,50.150092],[19.438191,50.150657],[19.454435,50.155638],[19.454552,50.155479],[19.454478,50.15542],[19.453605,50.155096],[19.453955,50.154817],[19.454566,50.155333],[19.454435,50.155638],[19.455877,50.156059],[19.456279,50.156057],[19.45641,50.156212],[19.456748,50.156354],[19.45966,50.157247],[19.460227,50.157266],[19.460542,50.157519],[19.466148,50.159211],[19.46673,50.159274],[19.467376,50.159195],[19.470073,50.158233],[19.472069,50.158348],[19.472642,50.158354],[19.47295,50.158279],[19.473091,50.158372],[19.473034,50.158898],[19.473318,50.160341],[19.473777,50.161091],[19.474883,50.161842],[19.477029,50.162371],[19.47737,50.162275],[19.477826,50.161918],[19.481297,50.160365],[19.482175,50.159856],[19.481493,50.15851],[19.4802,50.156347],[19.479856,50.156134],[19.491967,50.149761],[19.494442,50.148925],[19.494692,50.148524],[19.494896,50.148513],[19.495186,50.148619],[19.495654,50.148598],[19.516318,50.142519],[19.517262,50.142438],[19.521759,50.142439],[19.521801,50.147732],[19.521921,50.147731],[19.521801,50.147732],[19.521824,50.150761],[19.521427,50.154047],[19.520748,50.155904],[19.520598,50.156768],[19.520697,50.157829],[19.520526,50.159465],[19.519799,50.160563],[19.520331,50.161587],[19.51974,50.162568],[19.519582,50.163772],[19.519216,50.16461],[19.51953,50.166146],[19.519776,50.166635],[19.520367,50.167345],[19.520765,50.168116],[19.521059,50.168398],[19.523072,50.169494],[19.525163,50.170288],[19.526758,50.171315],[19.527582,50.171439],[19.529177,50.171173],[19.52974,50.171252],[19.530881,50.171507],[19.5315,50.172034],[19.531223,50.171734],[19.530796,50.17147],[19.529177,50.171173],[19.527582,50.171439],[19.526874,50.171362],[19.526642,50.171252],[19.526329,50.171283],[19.525535,50.171153],[19.52468,50.171383],[19.521175,50.17158],[19.519742,50.171779],[19.517816,50.173197],[19.516983,50.173602],[19.51559,50.17399],[19.512641,50.175141],[19.507702,50.177215],[19.504839,50.178331],[19.500915,50.180082],[19.499175,50.18069],[19.496825,50.181744],[19.496117,50.181966],[19.494593,50.182256],[19.494395,50.182588],[19.494428,50.183939],[19.493561,50.18399],[19.484917,50.185084],[19.482892,50.185009],[19.480588,50.184684],[19.479895,50.184492],[19.479178,50.184188],[19.477241,50.183873],[19.476919,50.183733],[19.476231,50.181978],[19.475759,50.181305],[19.475094,50.17961],[19.474835,50.178106],[19.47433,50.177263],[19.473626,50.176482],[19.47313,50.172724]]},"properties":{"line":"15","dir":"Trzebinia Zbyszek","mode":"bus"}},{"type":"Feature","geometry":{"type":"LineString","coordinates":[[19.436514,50.075992],[19.437048,50.077912],[19.438605,50.079144],[19.440524,50.081598],[19.440667,50.081737],[19.440771,50.081662],[19.441149,50.081882],[19.440771,50.081662],[19.440667,50.081737],[19.441122,50.082033],[19.441778,50.082276],[19.442666,50.082387],[19.444458,50.082251],[19.44776,50.082309],[19.448313,50.082384],[19.450366,50.08289],[19.452196,50.083659],[19.456289,50.086517],[19.457926,50.089013],[19.457996,50.09026],[19.458847,50.092387],[19.459143,50.092777],[19.459611,50.093135],[19.46154,50.093692],[19.461705,50.09401],[19.461572,50.096068],[19.461748,50.096249],[19.462828,50.09683],[19.464261,50.098989],[19.462621,50.09977],[19.459835,50.100531],[19.454153,50.102549],[19.446015,50.104853],[19.445589,50.105078],[19.441393,50.116028],[19.440013,50.117439],[19.437971,50.119],[19.436808,50.12002],[19.43638,50.12046],[19.434441,50.123406],[19.43144,50.126079],[19.428594,50.128944],[19.428321,50.129347],[19.428106,50.129342],[19.428041,50.129207],[19.427175,50.128654],[19.424774,50.127272],[19.424636,50.127395],[19.424492,50.127931],[19.424553,50.128271],[19.424268,50.129166],[19.42427,50.130607],[19.423855,50.131159],[19.423764,50.131593],[19.425824,50.131902],[19.422828,50.135636],[19.422809,50.135886],[19.423793,50.136186],[19.423907,50.136073],[19.423793,50.136186],[19.427273,50.137833],[19.426075,50.137328],[19.423943,50.136234],[19.423352,50.136077],[19.422636,50.13611],[19.422324,50.136264],[19.421566,50.137052],[19.416211,50.139937],[19.414943,50.140456],[19.411535,50.14163],[19.410907,50.141764],[19.410953,50.142266],[19.412,50.142623],[19.412135,50.142811],[19.411929,50.142866],[19.411863,50.142719],[19.411543,50.142651]]},"properties":{"line":"17a","dir":"Chrzanów Dworzec Autobusowy","mode":"bus"}},{"type":"Feature","geometry":{"type":"LineString","coordinates":[[19.411543,50.142651],[19.411918,50.142714],[19.411864,50.142561],[19.410144,50.142008],[19.409903,50.141907],[19.409886,50.141791],[19.410009,50.141744],[19.410593,50.141808],[19.411358,50.141682],[19.41569,50.140177],[19.416576,50.139761],[19.421697,50.136947],[19.422529,50.136051],[19.422542,50.13592],[19.422671,50.135868],[19.425582,50.132229],[19.426454,50.130717],[19.427862,50.129534],[19.428071,50.129161],[19.428312,50.129127],[19.428723,50.128836],[19.431841,50.125696],[19.434441,50.123406],[19.43638,50.12046],[19.437971,50.119],[19.44022,50.117258],[19.441393,50.116028],[19.444828,50.10692],[19.444657,50.106936],[19.444828,50.10692],[19.445589,50.105078],[19.446015,50.104853],[19.454153,50.102549],[19.459835,50.100531],[19.462621,50.09977],[19.464261,50.098989],[19.462828,50.09683],[19.461748,50.096249],[19.461572,50.096068],[19.461705,50.09401],[19.46154,50.093692],[19.459611,50.093135],[19.459143,50.092777],[19.458847,50.092387],[19.457996,50.09026],[19.457926,50.089013],[19.456462,50.086672],[19.45613,50.086396],[19.452196,50.083659],[19.450366,50.08289],[19.448313,50.082384],[19.44776,50.082309],[19.444458,50.082251],[19.442376,50.082371],[19.441292,50.082113],[19.440667,50.081737],[19.440771,50.081662],[19.441149,50.081882]]},"properties":{"line":"17a","dir":"Płaza Dolna I. (Pętla)","mode":"bus"}},{"type":"Feature","geometry":{"type":"LineString","coordinates":[[19.411543,50.142651],[19.411918,50.142714],[19.411864,50.142561],[19.410144,50.142008],[19.409903,50.141907],[19.409886,50.141791],[19.410009,50.141744],[19.410593,50.141808],[19.411358,50.141682],[19.41569,50.140177],[19.421566,50.137052],[19.422529,50.136051],[19.422585,50.135891],[19.422743,50.135869],[19.423793,50.136186],[19.423907,50.136073],[19.423793,50.136186],[19.427273,50.137833],[19.426075,50.137328],[19.423943,50.136234],[19.423352,50.136077],[19.422636,50.13611],[19.422515,50.135955],[19.422671,50.135868],[19.425582,50.132229],[19.426454,50.130717],[19.427862,50.129534],[19.428071,50.129161],[19.428312,50.129127],[19.428723,50.128836],[19.431841,50.125696],[19.434441,50.123406],[19.43638,50.12046],[19.437971,50.119],[19.44022,50.117258],[19.441393,50.116028],[19.444828,50.10692],[19.444657,50.106936],[19.444828,50.10692],[19.445589,50.105078],[19.446015,50.104853],[19.454153,50.102549],[19.459835,50.100531],[19.462621,50.09977],[19.464261,50.098989],[19.462828,50.09683],[19.461748,50.096249],[19.461572,50.096068],[19.461705,50.09401],[19.46154,50.093692],[19.459611,50.093135],[19.459143,50.092777],[19.458847,50.092387],[19.457996,50.09026],[19.457926,50.089013],[19.456289,50.086517],[19.452196,50.083659],[19.450366,50.08289],[19.448313,50.082384],[19.44776,50.082309],[19.444458,50.082251],[19.442376,50.082371],[19.441778,50.082276],[19.441122,50.082033],[19.440524,50.081598],[19.438605,50.079144],[19.437048,50.077912],[19.436514,50.075992]]},"properties":{"line":"17a","dir":"Wygiełzów","mode":"bus"}},{"type":"Feature","geometry":{"type":"LineString","coordinates":[[19.411543,50.142651],[19.411918,50.142714],[19.411864,50.142561],[19.410144,50.142008],[19.409903,50.141907],[19.409886,50.141791],[19.410009,50.141744],[19.410593,50.141808],[19.411358,50.141682],[19.41569,50.140177],[19.416576,50.139761],[19.421697,50.136947],[19.422529,50.136051],[19.422542,50.13592],[19.422671,50.135868],[19.425582,50.132229],[19.426454,50.130717],[19.427862,50.129534],[19.428071,50.129161],[19.428312,50.129127],[19.428723,50.128836],[19.431841,50.125696],[19.434441,50.123406],[19.43638,50.12046],[19.437971,50.119],[19.44022,50.117258],[19.441393,50.116028],[19.444828,50.10692],[19.444657,50.106936],[19.444828,50.10692],[19.445589,50.105078],[19.446015,50.104853],[19.454153,50.102549],[19.459835,50.100531],[19.461215,50.100171],[19.460316,50.099374],[19.459796,50.099047],[19.457282,50.098308],[19.45463,50.097785],[19.45106,50.097632],[19.450527,50.097676],[19.448892,50.098072],[19.445033,50.098503],[19.442643,50.099021],[19.4391,50.098905],[19.438304,50.098813],[19.43791,50.098667],[19.436211,50.097526],[19.435629,50.097381],[19.435223,50.09738],[19.427826,50.098631],[19.426823,50.098872],[19.424707,50.099635],[19.424202,50.099909],[19.423227,50.101655],[19.422231,50.101711],[19.420697,50.101914],[19.418208,50.102444],[19.416928,50.102947],[19.41603,50.103537],[19.415821,50.103861],[19.415686,50.104677],[19.415964,50.105642],[19.415971,50.106073],[19.412777,50.115106],[19.412585,50.115998],[19.412582,50.116204],[19.412684,50.116205],[19.412582,50.116204],[19.412598,50.117434],[19.411244,50.120012],[19.41029,50.12269],[19.410251,50.123238],[19.41076,50.127399],[19.410023,50.128299],[19.409476,50.129326],[19.408338,50.130617],[19.408185,50.131002],[19.408348,50.132045],[19.409076,50.134969],[19.409035,50.135367],[19.407785,50.13692],[19.406895,50.137652],[19.406707,50.138414],[19.410747,50.141084],[19.411606,50.141533],[19.411663,50.141585],[19.411535,50.14163],[19.410907,50.141764],[19.410953,50.142266],[19.412,50.142623],[19.412135,50.142811],[19.411929,50.142866],[19.411863,50.142719],[19.411543,50.142651]]},"properties":{"line":"17b","dir":"Chrzanów Dworzec Autobusowy","mode":"bus"}},{"type":"Feature","geometry":{"type":"LineString","coordinates":[[19.411584,50.142564],[19.411776,50.14262],[19.411771,50.142715],[19.411918,50.142714],[19.411864,50.142561],[19.409941,50.141926],[19.407088,50.142378],[19.406924,50.142479],[19.406858,50.142874],[19.405881,50.1432],[19.405028,50.143639],[19.403767,50.143871],[19.403912,50.144203],[19.40488,50.144124],[19.405851,50.144147],[19.404439,50.143748],[19.401884,50.144242],[19.400442,50.144234],[19.399489,50.144115],[19.399228,50.144202],[19.39893,50.14418],[19.398785,50.144033],[19.398911,50.143833],[19.398783,50.143589],[19.397461,50.141728],[19.395993,50.139887],[19.395237,50.139415],[19.395802,50.139034],[19.396439,50.138812],[19.396753,50.138614],[19.39703,50.138291],[19.397104,50.137694],[19.397241,50.137528],[19.398313,50.137266],[19.399547,50.136735],[19.398329,50.134474],[19.396904,50.134082],[19.391479,50.13284],[19.389967,50.132599],[19.388723,50.132655],[19.387025,50.132898],[19.386289,50.132936],[19.383579,50.132444],[19.381133,50.132294],[19.38102,50.13143],[19.380586,50.130013],[19.380327,50.12966],[19.379225,50.12867],[19.379069,50.128447],[19.379068,50.128246],[19.382378,50.123541],[19.382626,50.123025],[19.380711,50.121743],[19.380433,50.12112],[19.376046,50.118384],[19.372308,50.113373],[19.370956,50.111494],[19.370202,50.110191],[19.368206,50.107517],[19.368025,50.107367],[19.367346,50.107341],[19.367074,50.107245],[19.365468,50.105595],[19.365339,50.105526],[19.365132,50.105558],[19.354972,50.104188],[19.353835,50.104091],[19.346567,50.103989],[19.341956,50.104707],[19.339212,50.105044],[19.337778,50.105017],[19.335156,50.104519],[19.33473,50.10437],[19.330254,50.102032],[19.3299,50.101916],[19.330094,50.101552],[19.329929,50.100411],[19.329163,50.098146],[19.329681,50.096297],[19.329249,50.096218],[19.329681,50.096297],[19.329163,50.098146],[19.329782,50.09979],[19.330094,50.101552],[19.329715,50.102281],[19.330027,50.105017],[19.329807,50.106516],[19.33013,50.106769],[19.330304,50.106591],[19.330124,50.106412],[19.330005,50.106421],[19.329928,50.106677],[19.329757,50.106742],[19.329126,50.10657],[19.320172,50.105333],[19.318713,50.104885],[19.316231,50.103909],[19.316097,50.103774],[19.315353,50.103687],[19.314131,50.103291],[19.313216,50.102789],[19.310645,50.100718],[19.310142,50.100488],[19.307965,50.099877],[19.307459,50.09966],[19.30583,50.098378],[19.303974,50.097173],[19.303244,50.098831],[19.303341,50.098854],[19.303244,50.098831],[19.300876,50.104112],[19.298185,50.103628],[19.297406,50.103661],[19.295452,50.103974],[19.286412,50.10426],[19.286335,50.110204],[19.27721,50.111396],[19.275779,50.108766],[19.274575,50.106226],[19.2734,50.105322],[19.27294,50.104061],[19.272582,50.103732],[19.272116,50.103444],[19.271847,50.103382],[19.270213,50.103708],[19.268158,50.100068],[19.265771,50.100635],[19.265203,50.100708],[19.257703,50.100209],[19.248705,50.099991],[19.249423,50.101759],[19.249312,50.102738],[19.249494,50.10315],[19.250309,50.104095],[19.24911,50.106187],[19.247726,50.107185],[19.245514,50.107987],[19.243216,50.108998]]},"properties":{"line":"25","dir":"Chełmek Młyny","mode":"bus"}},{"type":"Feature","geometry":{"type":"LineString","coordinates":[[19.243216,50.108998],[19.24288,50.109175],[19.241665,50.110211],[19.241038,50.109521],[19.238257,50.108036],[19.234046,50.102871],[19.233723,50.102629],[19.233181,50.102641],[19.233041,50.10257],[19.232109,50.100545],[19.231834,50.09951],[19.231987,50.09933],[19.232496,50.099039],[19.235274,50.098653],[19.23729,50.097909],[19.237893,50.097626],[19.238261,50.097288],[19.239335,50.097628],[19.241667,50.098002],[19.244879,50.09944],[19.246109,50.099866],[19.246564,50.099939],[19.257703,50.100209],[19.265203,50.100708],[19.265771,50.100635],[19.268158,50.100068],[19.270213,50.103708],[19.271847,50.103382],[19.272116,50.103444],[19.272582,50.103732],[19.27294,50.104061],[19.2734,50.105322],[19.274575,50.106226],[19.275779,50.108766],[19.27721,50.111396],[19.286335,50.110204],[19.286412,50.10426],[19.295452,50.103974],[19.297406,50.103661],[19.298185,50.103628],[19.300876,50.104112],[19.303974,50.097173],[19.30583,50.098378],[19.307459,50.09966],[19.307965,50.099877],[19.310142,50.100488],[19.310645,50.100718],[19.313075,50.102674],[19.313279,50.1027],[19.313482,50.102839],[19.313524,50.102987],[19.314131,50.103291],[19.31517,50.103612],[19.316151,50.103683],[19.316379,50.103641],[19.316525,50.103729],[19.316484,50.103871],[19.316781,50.104118],[19.319124,50.105037],[19.320172,50.105333],[19.329126,50.10657],[19.329599,50.106594],[19.329807,50.106516],[19.33013,50.106769],[19.3303,50.106606],[19.330124,50.106412],[19.329994,50.106429],[19.329843,50.10673],[19.32964,50.106706],[19.329591,50.106622],[19.329808,50.106215],[19.330027,50.105017],[19.329715,50.102281],[19.3299,50.101916],[19.32878,50.101523],[19.326716,50.101194],[19.325708,50.100947],[19.321981,50.099675],[19.319517,50.098365],[19.319387,50.098212],[19.318658,50.096013],[19.318534,50.095265],[19.321073,50.092406],[19.321286,50.091813],[19.321229,50.09112],[19.320446,50.087385],[19.323534,50.087893],[19.325331,50.087767],[19.346304,50.083855],[19.352145,50.082485],[19.352542,50.083258],[19.354728,50.085227],[19.355511,50.085888],[19.356875,50.08676],[19.358655,50.087784],[19.358854,50.087796],[19.358655,50.087784],[19.359652,50.088593],[19.360199,50.08929],[19.360403,50.089688],[19.360564,50.090427],[19.360163,50.092683],[19.360246,50.093444],[19.360573,50.094104],[19.361927,50.096062],[19.363224,50.097618],[19.364988,50.104982],[19.365339,50.105526],[19.367074,50.107245],[19.367346,50.107341],[19.368025,50.107367],[19.368206,50.107517],[19.370202,50.110191],[19.370956,50.111494],[19.372358,50.113443],[19.376046,50.118384],[19.380433,50.12112],[19.380711,50.121743],[19.382626,50.123025],[19.382518,50.123335],[19.379068,50.128246],[19.379069,50.128447],[19.379225,50.12867],[19.380327,50.12966],[19.380586,50.130013],[19.38102,50.13143],[19.381133,50.132294],[19.383579,50.132444],[19.386289,50.132936],[19.387025,50.132898],[19.388723,50.132655],[19.389967,50.132599],[19.391479,50.13284],[19.396998,50.134106],[19.398396,50.134519],[19.399547,50.136735],[19.400915,50.136148],[19.402118,50.135445],[19.410747,50.141084],[19.411606,50.141533],[19.411663,50.141585],[19.411535,50.14163],[19.410907,50.141764],[19.410953,50.142266],[19.412,50.142623],[19.412114,50.142839],[19.411929,50.142866],[19.411776,50.14262],[19.411584,50.142564]]},"properties":{"line":"25","dir":"Chrzanów Dworzec Autobusowy","mode":"bus"}},{"type":"Feature","geometry":{"type":"LineString","coordinates":[[19.411584,50.142564],[19.411776,50.14262],[19.411771,50.142715],[19.411918,50.142714],[19.411864,50.142561],[19.409941,50.141926],[19.407088,50.142378],[19.406924,50.142479],[19.406858,50.142874],[19.405881,50.1432],[19.405028,50.143639],[19.403767,50.143871],[19.403912,50.144203],[19.40488,50.144124],[19.405851,50.144147],[19.404439,50.143748],[19.401884,50.144242],[19.400442,50.144234],[19.399489,50.144115],[19.399228,50.144202],[19.39893,50.14418],[19.398785,50.144033],[19.398911,50.143833],[19.398783,50.143589],[19.397461,50.141728],[19.395993,50.139887],[19.395237,50.139415],[19.395802,50.139034],[19.396439,50.138812],[19.396753,50.138614],[19.39703,50.138291],[19.397104,50.137694],[19.397241,50.137528],[19.398313,50.137266],[19.399547,50.136735],[19.398329,50.134474],[19.396904,50.134082],[19.391479,50.13284],[19.389967,50.132599],[19.388723,50.132655],[19.387025,50.132898],[19.386289,50.132936],[19.383579,50.132444],[19.381133,50.132294],[19.38102,50.13143],[19.380586,50.130013],[19.380327,50.12966],[19.379225,50.12867],[19.379069,50.128447],[19.379068,50.128246],[19.382378,50.123541],[19.382626,50.123025],[19.380711,50.121743],[19.380433,50.12112],[19.376046,50.118384],[19.372308,50.113373]]},"properties":{"line":"25","dir":"Chrzanów Oczyszczalnia","mode":"bus"}},{"type":"Feature","geometry":{"type":"LineString","coordinates":[[19.411584,50.142564],[19.411776,50.14262],[19.411771,50.142715],[19.411918,50.142714],[19.411864,50.142561],[19.409941,50.141926],[19.407088,50.142378],[19.406924,50.142479],[19.406858,50.142874],[19.405881,50.1432],[19.405028,50.143639],[19.403767,50.143871],[19.403912,50.144203],[19.40488,50.144124],[19.405851,50.144147],[19.404439,50.143748],[19.401884,50.144242],[19.400442,50.144234],[19.399489,50.144115],[19.399228,50.144202],[19.39893,50.14418],[19.398785,50.144033],[19.398911,50.143833],[19.398783,50.143589],[19.397461,50.141728],[19.395993,50.139887],[19.395237,50.139415],[19.395802,50.139034],[19.396439,50.138812],[19.396753,50.138614],[19.39703,50.138291],[19.397104,50.137694],[19.397241,50.137528],[19.398313,50.137266],[19.399547,50.136735],[19.398329,50.134474],[19.396904,50.134082],[19.391479,50.13284],[19.389967,50.132599],[19.388723,50.132655],[19.387025,50.132898],[19.386289,50.132936],[19.383579,50.132444],[19.381133,50.132294],[19.38102,50.13143],[19.380586,50.130013],[19.380327,50.12966],[19.379225,50.12867],[19.379069,50.128447],[19.379068,50.128246],[19.382378,50.123541],[19.382626,50.123025],[19.380711,50.121743],[19.380433,50.12112],[19.376046,50.118384],[19.372308,50.113373],[19.370956,50.111494],[19.370202,50.110191],[19.368206,50.107517],[19.368025,50.107367],[19.367346,50.107341],[19.367074,50.107245],[19.365339,50.105526],[19.365132,50.105558],[19.354972,50.104188],[19.353835,50.104091],[19.346567,50.103989],[19.339824,50.105004],[19.337938,50.105037],[19.334928,50.10445],[19.330254,50.102032],[19.3299,50.101916],[19.329715,50.102281],[19.330027,50.105017],[19.329807,50.106516],[19.33013,50.106769],[19.330304,50.106591],[19.330188,50.106441],[19.330027,50.106406],[19.329928,50.106677],[19.329757,50.106742],[19.329126,50.10657],[19.320172,50.105333],[19.318713,50.104885],[19.316231,50.103909],[19.316097,50.103774],[19.315353,50.103687],[19.314131,50.103291],[19.313216,50.102789],[19.310645,50.100718],[19.310142,50.100488],[19.307965,50.099877],[19.307459,50.09966],[19.30583,50.098378],[19.303974,50.097173],[19.303244,50.098831],[19.303341,50.098854],[19.303244,50.098831],[19.300876,50.104112],[19.298185,50.103628],[19.297406,50.103661],[19.295452,50.103974],[19.286412,50.10426],[19.286335,50.110204],[19.27721,50.111396],[19.27705,50.11184]]},"properties":{"line":"25","dir":"Libiąż Kosówki Paprocia II","mode":"bus"}},{"type":"Feature","geometry":{"type":"LineString","coordinates":[[19.411537,50.14265],[19.411918,50.142714],[19.411864,50.142561],[19.409941,50.141926],[19.407088,50.142378],[19.406924,50.142479],[19.406858,50.142874],[19.405881,50.1432],[19.405028,50.143639],[19.403767,50.143871],[19.403912,50.144203],[19.40488,50.144124],[19.405851,50.144147],[19.404439,50.143748],[19.401884,50.144242],[19.400286,50.144224],[19.399489,50.144115],[19.399228,50.144202],[19.39926,50.1447],[19.400118,50.146676],[19.40031,50.147711],[19.399905,50.148349],[19.398705,50.149764],[19.398609,50.150077],[19.398988,50.152892],[19.400682,50.152897],[19.402766,50.152584],[19.403104,50.152459],[19.403664,50.151898],[19.404443,50.1517],[19.40475,50.152841],[19.404625,50.154085],[19.404868,50.156264],[19.406419,50.160232],[19.405799,50.163256],[19.40436,50.165925],[19.404455,50.165952],[19.40436,50.165925],[19.404084,50.166433],[19.400646,50.165898],[19.39236,50.166422],[19.391658,50.165945],[19.390662,50.165573],[19.390487,50.164923],[19.39,50.164321],[19.389974,50.162861],[19.388637,50.163177],[19.388039,50.163239],[19.386123,50.163057],[19.384863,50.162745],[19.382652,50.162644],[19.381811,50.162953],[19.380947,50.163994],[19.380476,50.164378],[19.377349,50.166208],[19.375459,50.16757],[19.373662,50.168935],[19.372623,50.170016],[19.370015,50.171517],[19.368585,50.172106],[19.366419,50.173165],[19.367571,50.173182],[19.368531,50.173041],[19.371829,50.171889],[19.375804,50.170972],[19.376886,50.170582],[19.377582,50.170423],[19.378939,50.169699],[19.379364,50.169072],[19.38052,50.168314],[19.38135,50.167591],[19.382037,50.167305],[19.384467,50.166658],[19.389395,50.16615],[19.390358,50.165786],[19.390662,50.165573],[19.391266,50.165756],[19.391658,50.165945],[19.392226,50.166378],[19.392446,50.166433],[19.400646,50.165898],[19.404084,50.166433],[19.405799,50.163256],[19.406417,50.160357],[19.404868,50.156264],[19.404625,50.154085],[19.40475,50.152841],[19.404443,50.1517],[19.405422,50.151561],[19.410044,50.151302],[19.41027,50.151139],[19.410152,50.150775],[19.409292,50.15024],[19.408298,50.149341],[19.408253,50.149011],[19.407099,50.148932],[19.406103,50.148589],[19.406254,50.148156],[19.404238,50.145365],[19.403918,50.144782],[19.403912,50.144203],[19.40488,50.144124],[19.406098,50.144145],[19.407236,50.144026],[19.41186,50.142795],[19.411863,50.142719],[19.411537,50.14265]]},"properties":{"line":"29","dir":"Balin","mode":"bus"}},{"type":"Feature","geometry":{"type":"LineString","coordinates":[[19.411537,50.14265],[19.411918,50.142714],[19.411864,50.142561],[19.409941,50.141926],[19.407088,50.142378],[19.406924,50.142479],[19.406858,50.142874],[19.405881,50.1432],[19.405028,50.143639],[19.403767,50.143871],[19.403912,50.144203],[19.40488,50.144124],[19.405851,50.144147],[19.404439,50.143748],[19.401884,50.144242],[19.400286,50.144224],[19.399489,50.144115],[19.399228,50.144202],[19.39926,50.1447],[19.400118,50.146676],[19.40031,50.147711],[19.399905,50.148349],[19.398705,50.149764],[19.398609,50.150077],[19.398988,50.152892],[19.400682,50.152897],[19.402766,50.152584],[19.403104,50.152459],[19.403664,50.151898],[19.404443,50.1517],[19.40475,50.152841],[19.404625,50.154085],[19.404868,50.156264],[19.406419,50.160232],[19.405799,50.163256],[19.40436,50.165925],[19.404455,50.165952],[19.40436,50.165925],[19.404084,50.166433],[19.400646,50.165898],[19.39236,50.166422],[19.391658,50.165945],[19.390662,50.165573],[19.390487,50.164923],[19.39,50.164321],[19.389974,50.162861],[19.388637,50.163177],[19.388039,50.163239],[19.386123,50.163057],[19.384863,50.162745],[19.382652,50.162644],[19.381811,50.162953],[19.380947,50.163994],[19.380476,50.164378],[19.377349,50.166208],[19.375459,50.16757],[19.373662,50.168935],[19.372623,50.170016],[19.370015,50.171517],[19.368585,50.172106],[19.366419,50.173165],[19.367571,50.173182],[19.368531,50.173041],[19.371829,50.171889],[19.375804,50.170972],[19.376886,50.170582],[19.377582,50.170423],[19.378939,50.169699],[19.379364,50.169072],[19.38052,50.168314],[19.38135,50.167591],[19.382037,50.167305],[19.384467,50.166658],[19.389395,50.16615],[19.390358,50.165786],[19.390662,50.165573],[19.391266,50.165756],[19.391658,50.165945],[19.392226,50.166378],[19.392446,50.166433],[19.400646,50.165898],[19.404084,50.166433],[19.405799,50.163256],[19.406417,50.160357],[19.404868,50.156264],[19.404625,50.154085],[19.40475,50.152841],[19.404443,50.1517],[19.405422,50.151561],[19.410044,50.151302],[19.41027,50.151139],[19.410152,50.150775],[19.409292,50.15024],[19.408298,50.149341],[19.408253,50.149011],[19.407099,50.148932],[19.406103,50.148589],[19.406254,50.148156],[19.404238,50.145365],[19.403918,50.144782],[19.403912,50.144203],[19.40488,50.144124],[19.406098,50.144145],[19.407236,50.144026],[19.41186,50.142795],[19.411863,50.142719],[19.411537,50.14265]]},"properties":{"line":"29","dir":"Chrzanów Dworzec Autobusowy","mode":"bus"}},{"type":"Feature","geometry":{"type":"LineString","coordinates":[[19.411537,50.14265],[19.411918,50.142714],[19.411864,50.142561],[19.409941,50.141926],[19.407088,50.142378],[19.406924,50.142479],[19.406858,50.142874],[19.405881,50.1432],[19.405028,50.143639],[19.403767,50.143871],[19.403912,50.144203],[19.40488,50.144124],[19.405851,50.144147],[19.404439,50.143748],[19.401884,50.144242],[19.400286,50.144224],[19.399489,50.144115],[19.399228,50.144202],[19.39926,50.1447],[19.400118,50.146676],[19.40031,50.147711],[19.399905,50.148349],[19.398705,50.149764],[19.398609,50.150077],[19.398988,50.152892],[19.400682,50.152897],[19.402766,50.152584],[19.403104,50.152459],[19.403664,50.151898],[19.404443,50.1517],[19.40475,50.152841],[19.404625,50.154085],[19.404868,50.156264],[19.406419,50.160232],[19.405799,50.163256],[19.40436,50.165925],[19.404455,50.165952],[19.40436,50.165925],[19.404084,50.166433],[19.400646,50.165898],[19.39236,50.166422],[19.391658,50.165945],[19.390662,50.165573],[19.390487,50.164923],[19.39,50.164321],[19.389974,50.162861],[19.388637,50.163177],[19.388039,50.163239],[19.386123,50.163057],[19.384863,50.162745],[19.382652,50.162644],[19.381811,50.162953],[19.380947,50.163994],[19.380476,50.164378],[19.377349,50.166208],[19.375459,50.16757],[19.373662,50.168935],[19.372623,50.170016],[19.370015,50.171517],[19.368585,50.172106],[19.366419,50.173165],[19.367571,50.173182],[19.368531,50.173041],[19.371829,50.171889],[19.375804,50.170972],[19.376886,50.170582],[19.377582,50.170423],[19.378939,50.169699],[19.379364,50.169072],[19.38052,50.168314],[19.38135,50.167591],[19.382037,50.167305],[19.382651,50.16901],[19.382091,50.171797],[19.382179,50.174576],[19.382039,50.175943],[19.380543,50.179552],[19.380047,50.180047],[19.378783,50.180781],[19.378589,50.181005],[19.378509,50.181368],[19.378809,50.182368],[19.378776,50.182803],[19.378501,50.183536],[19.378637,50.183999],[19.378236,50.184049],[19.378076,50.183832]]},"properties":{"line":"29","dir":"Okradziejówka Pętla","mode":"bus"}},{"type":"Feature","geometry":{"type":"LineString","coordinates":[[19.402597,50.127097],[19.403771,50.12507],[19.403841,50.124801],[19.403966,50.124758],[19.406142,50.125241],[19.406852,50.125471],[19.409877,50.127067],[19.410759,50.127362],[19.410023,50.128299],[19.409476,50.129326],[19.40825,50.13076],[19.408237,50.131548],[19.409076,50.135176],[19.408935,50.135553],[19.408168,50.136495],[19.407705,50.136996],[19.406895,50.137652],[19.406707,50.138414],[19.410747,50.141084],[19.411606,50.141533],[19.411663,50.141585],[19.411535,50.14163],[19.410907,50.141764],[19.410953,50.142266],[19.412,50.142623],[19.412135,50.142811],[19.411929,50.142866],[19.411863,50.142719],[19.411543,50.142651]]},"properties":{"line":"30","dir":"Chrzanów Dworzec Autobusowy","mode":"bus"}},{"type":"Feature","geometry":{"type":"LineString","coordinates":[[19.403073,50.126309],[19.402189,50.127688],[19.399916,50.129551],[19.400199,50.130444],[19.400004,50.132095],[19.4006,50.13316],[19.399439,50.133636],[19.392099,50.128583],[19.392381,50.128411],[19.392099,50.128225]]},"properties":{"line":"30","dir":"Chrzanów Fablok","mode":"bus"}},{"type":"Feature","geometry":{"type":"LineString","coordinates":[[19.402597,50.127097],[19.403771,50.12507],[19.403841,50.124801],[19.403966,50.124758],[19.406142,50.125241],[19.406852,50.125471],[19.409877,50.127067],[19.410759,50.127362],[19.410023,50.128299],[19.409476,50.129326],[19.40825,50.13076],[19.408237,50.131548],[19.409076,50.135176],[19.408935,50.135553],[19.408168,50.136495],[19.407705,50.136996],[19.406895,50.137652],[19.406707,50.138414],[19.410747,50.141084],[19.411606,50.141533],[19.411663,50.141585],[19.411535,50.14163],[19.410907,50.141764],[19.410953,50.142266],[19.412,50.142623],[19.412135,50.142811],[19.411929,50.142866],[19.411863,50.142719],[19.411543,50.142651],[19.411885,50.142736],[19.411864,50.142561],[19.409941,50.141926],[19.407088,50.142378],[19.406924,50.142479],[19.406858,50.142874],[19.405881,50.1432],[19.405028,50.143639],[19.403767,50.143871],[19.403912,50.144203],[19.40488,50.144124],[19.405851,50.144147],[19.404439,50.143748],[19.401884,50.144242],[19.400442,50.144234],[19.399489,50.144115],[19.399113,50.144215],[19.398803,50.144079],[19.398911,50.143833],[19.398573,50.143263],[19.396206,50.140124],[19.395849,50.13977],[19.395237,50.139415],[19.395802,50.139034],[19.396439,50.138812],[19.396753,50.138614],[19.39703,50.138291],[19.397104,50.137694],[19.397241,50.137528],[19.398757,50.137092],[19.400915,50.136148],[19.402118,50.135445],[19.406707,50.138414],[19.406895,50.137652],[19.407785,50.13692],[19.409035,50.135367],[19.409076,50.134969],[19.408302,50.131839],[19.408185,50.131002],[19.408338,50.130617],[19.409588,50.129157],[19.410508,50.127481],[19.410179,50.127213],[19.406852,50.125471],[19.406142,50.125241],[19.404332,50.124851],[19.403999,50.124873],[19.403771,50.12507],[19.403073,50.126309]]},"properties":{"line":"30","dir":"Chrzanów Os.Młodości Witosa","mode":"bus"}},{"type":"Feature","geometry":{"type":"LineString","coordinates":[[19.411543,50.142651],[19.411918,50.142714],[19.411864,50.142561],[19.409941,50.141926],[19.407088,50.142378],[19.406924,50.142479],[19.406858,50.142874],[19.405881,50.1432],[19.405028,50.143639],[19.403767,50.143871],[19.403912,50.144203],[19.40488,50.144124],[19.405851,50.144147],[19.404439,50.143748],[19.401884,50.144242],[19.400442,50.144234],[19.399489,50.144115],[19.399007,50.144204],[19.398803,50.144079],[19.398911,50.143833],[19.398573,50.143263],[19.396548,50.140553],[19.395993,50.139887],[19.395237,50.139415],[19.395802,50.139034],[19.396439,50.138812],[19.396753,50.138614],[19.39703,50.138291],[19.397104,50.137694],[19.397241,50.137528],[19.398757,50.137092],[19.400915,50.136148],[19.402118,50.135445],[19.401285,50.134914],[19.40131,50.134268],[19.400044,50.132245],[19.399992,50.131888],[19.400199,50.130444],[19.39987,50.129423],[19.400053,50.129234],[19.400457,50.12906],[19.402338,50.127523],[19.403886,50.124772],[19.406142,50.125241],[19.406852,50.125471],[19.409877,50.127067],[19.410759,50.127362],[19.410023,50.128299],[19.409476,50.129326],[19.40825,50.13076],[19.408237,50.131548],[19.408878,50.134212],[19.410311,50.133795],[19.412005,50.13314],[19.413182,50.132922],[19.4134,50.132823],[19.413702,50.132974],[19.414863,50.132992],[19.415998,50.133452],[19.416448,50.133562],[19.416146,50.13421],[19.421656,50.134928],[19.421787,50.135134],[19.421365,50.135849],[19.422743,50.135869],[19.423793,50.136186],[19.423907,50.136073],[19.423793,50.136186],[19.42715,50.137775],[19.426075,50.137328],[19.423943,50.136234],[19.423352,50.136077],[19.422636,50.13611],[19.422324,50.136264],[19.421566,50.137052],[19.416211,50.139937],[19.414943,50.140456],[19.411535,50.14163],[19.410907,50.141764],[19.410953,50.142266],[19.412,50.142623],[19.412135,50.142811],[19.411929,50.142866],[19.411863,50.142719],[19.411543,50.142651]]},"properties":{"line":"31","dir":"Chrzanów Dworzec Autobusowy","mode":"bus"}},{"type":"Feature","geometry":{"type":"LineString","coordinates":[[19.411543,50.142651],[19.411918,50.142714],[19.411864,50.142561],[19.409941,50.141926],[19.407088,50.142378],[19.406924,50.142479],[19.406858,50.142874],[19.405881,50.1432],[19.405028,50.143639],[19.403767,50.143871],[19.403912,50.144203],[19.40488,50.144124],[19.405851,50.144147],[19.404439,50.143748],[19.401884,50.144242],[19.400442,50.144234],[19.399489,50.144115],[19.399007,50.144204],[19.398803,50.144079],[19.398911,50.143833],[19.398573,50.143263],[19.396548,50.140553],[19.395993,50.139887],[19.395237,50.139415],[19.395802,50.139034],[19.396439,50.138812],[19.396753,50.138614],[19.39703,50.138291],[19.397104,50.137694],[19.397241,50.137528],[19.398757,50.137092],[19.400915,50.136148],[19.402118,50.135445],[19.401285,50.134914],[19.40131,50.134268],[19.400044,50.132245],[19.399992,50.131888],[19.400199,50.130444],[19.39987,50.129423],[19.400053,50.129234],[19.400457,50.12906],[19.402338,50.127523],[19.403886,50.124772],[19.406142,50.125241],[19.406852,50.125471],[19.409877,50.127067],[19.410759,50.127362],[19.410023,50.128299],[19.409476,50.129326],[19.40825,50.13076],[19.408237,50.131548],[19.408878,50.134212],[19.410311,50.133795],[19.412005,50.13314],[19.413182,50.132922],[19.4134,50.132823],[19.413702,50.132974],[19.414863,50.132992],[19.415998,50.133452],[19.416448,50.133562],[19.416146,50.13421],[19.421656,50.134928],[19.421787,50.135134],[19.421365,50.135849],[19.422743,50.135869],[19.423793,50.136186],[19.423907,50.136073],[19.423793,50.136186],[19.42715,50.137775]]},"properties":{"line":"31","dir":"Chrzanów Szpital","mode":"bus"}},{"type":"Feature","geometry":{"type":"LineString","coordinates":[[19.411543,50.142651],[19.411918,50.142714],[19.411864,50.142561],[19.410058,50.141934],[19.407879,50.142246],[19.406965,50.142434],[19.406858,50.142874],[19.405881,50.1432],[19.405182,50.143582],[19.403767,50.143871],[19.403912,50.144203],[19.404718,50.144137],[19.403912,50.144203],[19.403994,50.144947],[19.404811,50.146252],[19.406487,50.148479],[19.406476,50.148593],[19.406864,50.148869],[19.40766,50.148986],[19.412428,50.149199],[19.413614,50.149107],[19.414313,50.148885],[19.414589,50.148672],[19.414755,50.148398],[19.414783,50.148076],[19.414609,50.14744],[19.414343,50.147141],[19.414457,50.147002],[19.415045,50.147031],[19.416424,50.146771],[19.418901,50.146514],[19.42125,50.146389],[19.425339,50.145885],[19.425766,50.145768],[19.426106,50.145497],[19.426192,50.145254],[19.426016,50.144902],[19.426268,50.144579],[19.426429,50.143283],[19.426312,50.141636],[19.426445,50.140946],[19.426824,50.139753],[19.427186,50.139135],[19.42772,50.138497],[19.427809,50.138161],[19.427536,50.137956],[19.426075,50.137328],[19.423943,50.136234],[19.423352,50.136077],[19.422636,50.13611],[19.422324,50.136264],[19.421566,50.137052],[19.416211,50.139937],[19.414943,50.140456],[19.411535,50.14163],[19.410907,50.141764],[19.410953,50.142266],[19.412,50.142623],[19.412135,50.142811],[19.411929,50.142866],[19.411863,50.142719],[19.411543,50.142651]]},"properties":{"line":"31B","dir":"Chrzanów Szpital","mode":"bus"}},{"type":"Feature","geometry":{"type":"LineString","coordinates":[[19.441149,50.081882],[19.440771,50.081662],[19.440667,50.081737],[19.441292,50.082113],[19.442376,50.082371],[19.444458,50.082251],[19.44776,50.082309],[19.448313,50.082384],[19.450366,50.08289],[19.452196,50.083659],[19.45613,50.086396],[19.456462,50.086672],[19.457926,50.089013],[19.457996,50.09026],[19.458847,50.092387],[19.459143,50.092777],[19.459611,50.093135],[19.46154,50.093692],[19.461705,50.09401],[19.461572,50.096068],[19.461748,50.096249],[19.462828,50.09683],[19.464261,50.098989],[19.462621,50.09977],[19.461215,50.100171],[19.460316,50.099374],[19.459458,50.098909],[19.456771,50.098184],[19.45463,50.097785],[19.450792,50.097648],[19.44931,50.098011],[19.44556,50.098429],[19.442643,50.099021],[19.442022,50.099023],[19.4391,50.098905],[19.438304,50.098813],[19.43766,50.09852],[19.436211,50.097526],[19.435629,50.097381],[19.435223,50.09738],[19.427826,50.098631],[19.426823,50.098872],[19.424707,50.099635],[19.424202,50.099909],[19.423227,50.101655],[19.422231,50.101711],[19.420697,50.101914],[19.418208,50.102444],[19.416928,50.102947],[19.41603,50.103537],[19.415821,50.103861],[19.415686,50.104677],[19.415964,50.105642],[19.415971,50.106073],[19.412777,50.115106],[19.412585,50.115998],[19.412582,50.116204],[19.412684,50.116205],[19.412582,50.116204],[19.412598,50.117434],[19.411244,50.120012],[19.41029,50.12269],[19.410251,50.123238],[19.41076,50.127399],[19.410023,50.128299],[19.409476,50.129326],[19.408338,50.130617],[19.408185,50.131002],[19.408348,50.132045],[19.409076,50.134969],[19.409035,50.135367],[19.407785,50.13692],[19.406895,50.137652],[19.406707,50.138414],[19.410747,50.141084],[19.411606,50.141533],[19.411663,50.141585],[19.411535,50.14163],[19.410907,50.141764],[19.410953,50.142266],[19.412,50.142623],[19.412135,50.142811],[19.411929,50.142866],[19.411863,50.142719],[19.411543,50.142651]]},"properties":{"line":"32a","dir":"Chrzanów Dworzec Autobusowy","mode":"bus"}},{"type":"Feature","geometry":{"type":"LineString","coordinates":[[19.411543,50.142651],[19.411918,50.142714],[19.411864,50.142561],[19.409941,50.141926],[19.407088,50.142378],[19.406924,50.142479],[19.406858,50.142874],[19.405881,50.1432],[19.405028,50.143639],[19.403767,50.143871],[19.403912,50.144203],[19.40488,50.144124],[19.405851,50.144147],[19.404439,50.143748],[19.401884,50.144242],[19.400442,50.144234],[19.399489,50.144115],[19.399007,50.144204],[19.398803,50.144079],[19.398911,50.143833],[19.398573,50.143263],[19.396548,50.140553],[19.395993,50.139887],[19.395237,50.139415],[19.395802,50.139034],[19.396439,50.138812],[19.396753,50.138614],[19.39703,50.138291],[19.397104,50.137694],[19.397241,50.137528],[19.398757,50.137092],[19.400915,50.136148],[19.402118,50.135445],[19.406707,50.138414],[19.406895,50.137652],[19.407785,50.13692],[19.408935,50.135553],[19.409076,50.134969],[19.408302,50.131839],[19.408185,50.131002],[19.408338,50.130617],[19.409588,50.129157],[19.409939,50.128433],[19.410481,50.127654],[19.410453,50.127336],[19.410632,50.127288],[19.410783,50.127055],[19.410251,50.123238],[19.41029,50.12269],[19.411244,50.120012],[19.412598,50.117434],[19.412585,50.115998],[19.412777,50.115106],[19.415971,50.106073],[19.415964,50.105642],[19.415686,50.104677],[19.415821,50.103861],[19.41603,50.103537],[19.416928,50.102947],[19.418208,50.102444],[19.421157,50.101808],[19.423227,50.101655],[19.424202,50.099909],[19.424707,50.099635],[19.426823,50.098872],[19.427826,50.098631],[19.431587,50.097995],[19.431563,50.097893],[19.431587,50.097995],[19.435223,50.09738],[19.435629,50.097381],[19.436211,50.097526],[19.43766,50.09852],[19.438304,50.098813],[19.4391,50.098905],[19.442326,50.099029],[19.443282,50.098894],[19.443216,50.098797],[19.443282,50.098894],[19.445033,50.098503],[19.44931,50.098011],[19.450527,50.097676],[19.451371,50.097638],[19.45463,50.097785],[19.454525,50.097609],[19.45463,50.097785],[19.456771,50.098184],[19.459458,50.098909],[19.460316,50.099374],[19.461215,50.100171],[19.462621,50.09977],[19.464261,50.098989],[19.462828,50.09683],[19.461748,50.096249],[19.461572,50.096068],[19.461705,50.09401],[19.46154,50.093692],[19.459611,50.093135],[19.459143,50.092777],[19.458847,50.092387],[19.457996,50.09026],[19.457926,50.089013],[19.456462,50.086672],[19.45613,50.086396],[19.452196,50.083659],[19.450366,50.08289],[19.448313,50.082384],[19.44776,50.082309],[19.444458,50.082251],[19.442376,50.082371],[19.441292,50.082113],[19.440667,50.081737],[19.440771,50.081662],[19.441149,50.081882]]},"properties":{"line":"32a","dir":"Płaza Dolna I. (Pętla)","mode":"bus"}},{"type":"Feature","geometry":{"type":"LineString","coordinates":[[19.411543,50.142651],[19.411918,50.142714],[19.411864,50.142561],[19.409941,50.141926],[19.407088,50.142378],[19.406924,50.142479],[19.406858,50.142874],[19.405881,50.1432],[19.405028,50.143639],[19.403767,50.143871],[19.403912,50.144203],[19.40488,50.144124],[19.405851,50.144147],[19.404439,50.143748],[19.401884,50.144242],[19.400442,50.144234],[19.399489,50.144115],[19.399007,50.144204],[19.398803,50.144079],[19.398911,50.143833],[19.398573,50.143263],[19.396548,50.140553],[19.395993,50.139887],[19.395237,50.139415],[19.395802,50.139034],[19.396439,50.138812],[19.396753,50.138614],[19.39703,50.138291],[19.397104,50.137694],[19.397241,50.137528],[19.398757,50.137092],[19.400915,50.136148],[19.402118,50.135445],[19.406707,50.138414],[19.406895,50.137652],[19.407785,50.13692],[19.408935,50.135553],[19.409076,50.134969],[19.408302,50.131839],[19.408185,50.131002],[19.408338,50.130617],[19.409588,50.129157],[19.409939,50.128433],[19.410481,50.127654],[19.410453,50.127336],[19.410632,50.127288],[19.410783,50.127055],[19.410251,50.123238],[19.41029,50.12269],[19.411244,50.120012],[19.412598,50.117434],[19.412585,50.115998],[19.412777,50.115106],[19.415971,50.106073],[19.415964,50.105642],[19.415686,50.104677],[19.415821,50.103861],[19.41603,50.103537],[19.416928,50.102947],[19.418208,50.102444],[19.421157,50.101808],[19.423227,50.101655],[19.424202,50.099909],[19.424707,50.099635],[19.426823,50.098872],[19.427826,50.098631],[19.431587,50.097995],[19.431563,50.097893],[19.431587,50.097995],[19.435223,50.09738],[19.435629,50.097381],[19.436211,50.097526],[19.43766,50.09852],[19.438304,50.098813],[19.4391,50.098905],[19.442326,50.099029],[19.443282,50.098894],[19.443216,50.098797],[19.443282,50.098894],[19.445033,50.098503],[19.44931,50.098011],[19.450527,50.097676],[19.451371,50.097638],[19.45463,50.097785],[19.454525,50.097609],[19.45463,50.097785],[19.456771,50.098184],[19.459458,50.098909],[19.460316,50.099374],[19.461215,50.100171],[19.462621,50.09977],[19.464261,50.098989],[19.462828,50.09683],[19.461748,50.096249],[19.461572,50.096068],[19.461705,50.09401],[19.46154,50.093692],[19.459611,50.093135],[19.459143,50.092777],[19.458847,50.092387],[19.457996,50.09026],[19.457926,50.089013],[19.456289,50.086517],[19.452196,50.083659],[19.450366,50.08289],[19.448313,50.082384],[19.44776,50.082309],[19.444458,50.082251],[19.442376,50.082371],[19.441778,50.082276],[19.441122,50.082033],[19.440524,50.081598],[19.438605,50.079144],[19.437048,50.077912],[19.436514,50.075992]]},"properties":{"line":"32a","dir":"Wygiełzów","mode":"bus"}},{"type":"Feature","geometry":{"type":"LineString","coordinates":[[19.411543,50.142651],[19.411918,50.142714],[19.411864,50.142561],[19.409941,50.141926],[19.407088,50.142378],[19.406924,50.142479],[19.406858,50.142874],[19.405881,50.1432],[19.405028,50.143639],[19.403767,50.143871],[19.403912,50.144203],[19.40488,50.144124],[19.405851,50.144147],[19.404439,50.143748],[19.401884,50.144242],[19.400442,50.144234],[19.399489,50.144115],[19.399007,50.144204],[19.398803,50.144079],[19.398911,50.143833],[19.398573,50.143263],[19.396548,50.140553],[19.395993,50.139887],[19.395237,50.139415],[19.395802,50.139034],[19.396439,50.138812],[19.396753,50.138614],[19.39703,50.138291],[19.397104,50.137694],[19.397241,50.137528],[19.398757,50.137092],[19.400915,50.136148],[19.402118,50.135445],[19.406707,50.138414],[19.406895,50.137652],[19.407785,50.13692],[19.408935,50.135553],[19.409076,50.134969],[19.408302,50.131839],[19.408185,50.131002],[19.408338,50.130617],[19.409588,50.129157],[19.409939,50.128433],[19.410481,50.127654],[19.410453,50.127336],[19.410632,50.127288],[19.410783,50.127055],[19.410251,50.123238],[19.41029,50.12269],[19.411244,50.120012],[19.412598,50.117434],[19.412585,50.115998],[19.412777,50.115106],[19.415971,50.106073],[19.415964,50.105642],[19.415686,50.104677],[19.415821,50.103861],[19.41603,50.103537],[19.416928,50.102947],[19.418208,50.102444],[19.421157,50.101808],[19.423227,50.101655],[19.424202,50.099909],[19.424707,50.099635],[19.426823,50.098872],[19.427826,50.098631],[19.431587,50.097995],[19.431563,50.097893],[19.431587,50.097995],[19.435223,50.09738],[19.435629,50.097381],[19.436211,50.097526],[19.43791,50.098667],[19.438304,50.098813],[19.4391,50.098905],[19.442643,50.099021],[19.443282,50.098894],[19.443216,50.098797],[19.443282,50.098894],[19.445033,50.098503],[19.44931,50.098011],[19.450527,50.097676],[19.451371,50.097638],[19.45463,50.097785],[19.454525,50.097609],[19.45463,50.097785],[19.456995,50.098237],[19.459796,50.099047],[19.460316,50.099374],[19.461215,50.100171],[19.459835,50.100531],[19.454153,50.102549],[19.446015,50.104853],[19.445589,50.105078],[19.441393,50.116028],[19.44022,50.117258],[19.437971,50.119],[19.43638,50.12046],[19.434441,50.123406],[19.43144,50.126079],[19.428594,50.128944],[19.428321,50.129347],[19.428106,50.129342],[19.428041,50.129207],[19.427175,50.128654],[19.424774,50.127272],[19.424672,50.12734],[19.424492,50.127931],[19.424553,50.128271],[19.424268,50.129166],[19.42427,50.130607],[19.423855,50.131159],[19.423695,50.131961],[19.423395,50.132172],[19.422352,50.132476],[19.42114,50.132491],[19.418713,50.132301],[19.4178,50.132312],[19.416448,50.133562],[19.416146,50.13421],[19.421656,50.134928],[19.421787,50.135134],[19.421365,50.135849],[19.422743,50.135869],[19.423793,50.136186],[19.423907,50.136073],[19.423793,50.136186],[19.427273,50.137833],[19.426075,50.137328],[19.423943,50.136234],[19.423352,50.136077],[19.422636,50.13611],[19.422324,50.136264],[19.421566,50.137052],[19.416211,50.139937],[19.414943,50.140456],[19.411535,50.14163],[19.410907,50.141764],[19.410953,50.142266],[19.412,50.142623],[19.412135,50.142811],[19.411929,50.142866],[19.411863,50.142719],[19.411543,50.142651]]},"properties":{"line":"32b","dir":"Chrzanów Dworzec Autobusowy","mode":"bus"}},{"type":"Feature","geometry":{"type":"LineString","coordinates":[[19.411537,50.14265],[19.411918,50.142714],[19.411864,50.142561],[19.410058,50.141934],[19.407879,50.142246],[19.406965,50.142434],[19.406858,50.142874],[19.405881,50.1432],[19.405182,50.143582],[19.403767,50.143871],[19.403912,50.144203],[19.40488,50.144124],[19.405851,50.144147],[19.404439,50.143748],[19.401884,50.144242],[19.400286,50.144224],[19.399489,50.144115],[19.399113,50.144215],[19.398683,50.144137],[19.397835,50.144284],[19.395082,50.144451],[19.382975,50.146563],[19.380017,50.14779],[19.378108,50.148424],[19.376684,50.148691],[19.372724,50.149227],[19.370011,50.149502],[19.368553,50.14946],[19.369662,50.149514],[19.371312,50.14938],[19.376684,50.148691],[19.378108,50.148424],[19.37877,50.14822],[19.380017,50.14779],[19.382975,50.146563],[19.389531,50.145404],[19.389508,50.145351],[19.389531,50.145404],[19.39475,50.144501],[19.397971,50.144262],[19.398716,50.144031],[19.398911,50.143833],[19.399109,50.143789],[19.399367,50.143864],[19.399445,50.143985],[19.399228,50.144202],[19.39926,50.1447],[19.400118,50.146676],[19.400288,50.147499],[19.400416,50.147555],[19.400522,50.147527],[19.402641,50.14488],[19.402917,50.144659],[19.4034,50.144455],[19.403928,50.144346],[19.403912,50.144203],[19.40488,50.144124],[19.406098,50.144145],[19.407236,50.144026],[19.41186,50.142795],[19.411863,50.142719],[19.411537,50.14265]]},"properties":{"line":"33","dir":"Chrzanów Dworzec Autobusowy","mode":"bus"}},{"type":"Feature","geometry":{"type":"LineString","coordinates":[[19.409734,50.115914],[19.410108,50.116042],[19.412585,50.115998],[19.412582,50.116204],[19.412684,50.116205],[19.412582,50.116204],[19.412598,50.117434],[19.411244,50.120012],[19.41029,50.12269],[19.410251,50.123238],[19.41076,50.127399],[19.410023,50.128299],[19.409476,50.129326],[19.408338,50.130617],[19.408185,50.131002],[19.408348,50.132045],[19.409076,50.134969],[19.409035,50.135367],[19.407785,50.13692],[19.406895,50.137652],[19.406707,50.138414],[19.410747,50.141084],[19.411606,50.141533],[19.411663,50.141585],[19.411535,50.14163],[19.410907,50.141764],[19.410953,50.142266],[19.412,50.142623],[19.412135,50.142811],[19.411929,50.142866],[19.411863,50.142719],[19.411543,50.142651]]},"properties":{"line":"35","dir":"Chrzanów Dworzec Autobusowy","mode":"bus"}},{"type":"Feature","geometry":{"type":"LineString","coordinates":[[19.411543,50.142651],[19.411918,50.142714],[19.411864,50.142561],[19.410144,50.142008],[19.409867,50.14182],[19.410009,50.141744],[19.410593,50.141808],[19.411663,50.141585],[19.411174,50.141396],[19.406707,50.138414],[19.406895,50.137652],[19.407785,50.13692],[19.409035,50.135367],[19.409076,50.134969],[19.408302,50.131839],[19.408185,50.131002],[19.408338,50.130617],[19.409588,50.129157],[19.409939,50.128433],[19.410481,50.127654],[19.410453,50.127336],[19.410632,50.127288],[19.410783,50.127055],[19.410251,50.123238],[19.41029,50.12269],[19.411244,50.120012],[19.412598,50.117434],[19.412585,50.115998],[19.410108,50.116042],[19.409734,50.115914]]},"properties":{"line":"35","dir":"Chrzanów Stella Pętla","mode":"bus"}},{"type":"Feature","geometry":{"type":"LineString","coordinates":[[19.3303,50.106606],[19.330188,50.106441],[19.330027,50.106406],[19.329893,50.106708],[19.329704,50.106733],[19.329591,50.106622],[19.329808,50.106215],[19.330027,50.105017],[19.329715,50.102281],[19.3299,50.101916],[19.330251,50.101924],[19.330254,50.102032],[19.330439,50.102142],[19.334928,50.10445],[19.337938,50.105037],[19.339824,50.105004],[19.346567,50.103989],[19.353835,50.104091],[19.354972,50.104188],[19.365132,50.105558],[19.365339,50.105526],[19.364988,50.104982],[19.363224,50.097618],[19.361927,50.096062],[19.360607,50.094148],[19.360246,50.093444],[19.360163,50.092683],[19.360564,50.090427],[19.360403,50.089688],[19.360199,50.08929],[19.359652,50.088593],[19.358655,50.087784],[19.355908,50.08615],[19.354728,50.085227],[19.352495,50.083267],[19.352145,50.082485],[19.362296,50.081577],[19.363134,50.08159],[19.36574,50.081992],[19.367749,50.081955],[19.368515,50.08179],[19.375275,50.079422],[19.377096,50.100323],[19.377301,50.101029],[19.377233,50.101016],[19.377441,50.10233],[19.377686,50.103131],[19.377868,50.103386],[19.378785,50.103973],[19.379057,50.104283],[19.378822,50.105286],[19.378748,50.106229],[19.379327,50.109731],[19.382582,50.11331],[19.385592,50.115223],[19.38569,50.11516],[19.385991,50.115348],[19.38569,50.11516],[19.385592,50.115223],[19.387295,50.116331],[19.391095,50.11942],[19.39143,50.11984],[19.391978,50.1221],[19.392496,50.122807],[19.393292,50.123319],[19.396904,50.124638],[19.398395,50.12596],[19.400175,50.13027],[19.399992,50.131888],[19.400044,50.132245],[19.402118,50.135445],[19.410747,50.141084],[19.411606,50.141533],[19.411663,50.141585],[19.411535,50.14163],[19.410907,50.141764],[19.410953,50.142266],[19.412,50.142623],[19.412139,50.14278],[19.411975,50.142876],[19.411863,50.142719],[19.411543,50.142651],[19.411885,50.142736],[19.411864,50.142561],[19.410144,50.142008],[19.409903,50.141907],[19.409886,50.141791],[19.410009,50.141744],[19.410593,50.141808],[19.411358,50.141682],[19.414943,50.140456],[19.416211,50.139937],[19.421566,50.137052],[19.422529,50.136051],[19.422585,50.135891],[19.422809,50.135886],[19.424158,50.13632],[19.427273,50.137833],[19.426075,50.137328],[19.423943,50.136234],[19.423352,50.136077],[19.422636,50.13611],[19.422324,50.136264],[19.421566,50.137052],[19.416211,50.139937],[19.414943,50.140456],[19.411535,50.14163],[19.410907,50.141764],[19.410953,50.142266],[19.412,50.142623],[19.412114,50.142839],[19.411929,50.142866],[19.411776,50.14262],[19.411584,50.142564]]},"properties":{"line":"38","dir":"Chrzanów Dworzec Autobusowy","mode":"bus"}},{"type":"Feature","geometry":{"type":"LineString","coordinates":[[19.411584,50.142564],[19.411776,50.14262],[19.411771,50.142715],[19.411918,50.142714],[19.411864,50.142561],[19.409941,50.141926],[19.407088,50.142378],[19.406924,50.142479],[19.406858,50.142874],[19.405881,50.1432],[19.405028,50.143639],[19.403767,50.143871],[19.403912,50.144203],[19.40488,50.144124],[19.405851,50.144147],[19.404439,50.143748],[19.401884,50.144242],[19.400442,50.144234],[19.399489,50.144115],[19.399007,50.144204],[19.398803,50.144079],[19.398911,50.143833],[19.398573,50.143263],[19.396548,50.140553],[19.395993,50.139887],[19.395237,50.139415],[19.395802,50.139034],[19.396439,50.138812],[19.396753,50.138614],[19.39703,50.138291],[19.397104,50.137694],[19.397241,50.137528],[19.398757,50.137092],[19.400915,50.136148],[19.402118,50.135445],[19.401285,50.134914],[19.40131,50.134268],[19.400044,50.132245],[19.399992,50.131888],[19.400175,50.13027],[19.398395,50.12596],[19.397007,50.124701],[19.3967,50.124529],[19.393448,50.123383],[19.392496,50.122807],[19.391978,50.1221],[19.39143,50.11984],[19.391095,50.11942],[19.387295,50.116331],[19.382582,50.11331],[19.379327,50.109731],[19.378748,50.106229],[19.378822,50.105286],[19.379057,50.104283],[19.378785,50.103973],[19.377868,50.103386],[19.377686,50.103131],[19.377441,50.10233],[19.377096,50.100323],[19.377003,50.100345],[19.377096,50.100323],[19.375275,50.079422],[19.368515,50.08179],[19.367749,50.081955],[19.36574,50.081992],[19.363134,50.08159],[19.362296,50.081577],[19.352145,50.082485],[19.352542,50.083258],[19.354728,50.085227],[19.355511,50.085888],[19.356875,50.08676],[19.358655,50.087784],[19.358854,50.087796],[19.358655,50.087784],[19.359652,50.088593],[19.360199,50.08929],[19.360403,50.089688],[19.360564,50.090427],[19.360163,50.092683],[19.360246,50.093444],[19.360573,50.094104],[19.361927,50.096062],[19.363224,50.097618],[19.364988,50.104982],[19.365339,50.105526],[19.365132,50.105558],[19.354972,50.104188],[19.353835,50.104091],[19.346567,50.103989],[19.341956,50.104707],[19.339212,50.105044],[19.337778,50.105017],[19.335156,50.104519],[19.33473,50.10437],[19.330254,50.102032],[19.3299,50.101916],[19.330094,50.101552],[19.329929,50.100411],[19.329163,50.098146],[19.329681,50.096297],[19.329249,50.096218],[19.329681,50.096297],[19.329163,50.098146],[19.329782,50.09979],[19.330094,50.101552],[19.329715,50.102281],[19.330027,50.105017],[19.329807,50.106516],[19.33013,50.106769],[19.3303,50.106606]]},"properties":{"line":"38","dir":"Libiąż Dworzec Autobusowy","mode":"bus"}},{"type":"Feature","geometry":{"type":"LineString","coordinates":[[19.5315,50.172034],[19.530881,50.171507],[19.52974,50.171252],[19.529177,50.171173],[19.527582,50.171439],[19.526758,50.171315],[19.525163,50.170288],[19.523072,50.169494],[19.521059,50.168398],[19.520765,50.168116],[19.520367,50.167345],[19.519776,50.166635],[19.51953,50.166146],[19.519216,50.16461],[19.519582,50.163772],[19.51974,50.162568],[19.520331,50.161587],[19.51988,50.160822],[19.519806,50.160508],[19.520526,50.159465],[19.520697,50.157829],[19.520598,50.156768],[19.520748,50.155904],[19.521427,50.154047],[19.521824,50.150761],[19.521799,50.147535],[19.521653,50.147534],[19.521799,50.147535],[19.521759,50.142439],[19.517262,50.142438],[19.515974,50.1426],[19.495462,50.148674],[19.495098,50.148723],[19.49203,50.149729],[19.479662,50.156221],[19.473565,50.158236],[19.47294,50.158537],[19.472533,50.158399],[19.472069,50.158348],[19.470806,50.15827],[19.470106,50.158301],[19.469348,50.158476],[19.467683,50.159109],[19.46673,50.159274],[19.465767,50.159116],[19.460542,50.157519],[19.460103,50.157499],[19.45966,50.157247],[19.456748,50.156354],[19.456095,50.156295],[19.455843,50.156109],[19.454435,50.155638],[19.454552,50.155479],[19.453794,50.154922],[19.453955,50.154817],[19.454566,50.155333],[19.454435,50.155638],[19.425566,50.146786],[19.423026,50.14603],[19.42248,50.145952],[19.422015,50.145974],[19.4216,50.145654],[19.420405,50.14519],[19.413728,50.143116],[19.413143,50.14285],[19.411663,50.141585],[19.414943,50.140456],[19.416576,50.139761],[19.421566,50.137052],[19.422529,50.136051],[19.422585,50.135891],[19.422743,50.135869],[19.423793,50.136186],[19.423907,50.136073],[19.423793,50.136186],[19.427536,50.137956],[19.428074,50.138069],[19.428165,50.138155],[19.42772,50.138497],[19.427186,50.139135],[19.426824,50.139753],[19.426445,50.140946],[19.426312,50.141636],[19.426449,50.142951],[19.426268,50.144579],[19.426441,50.14489],[19.426392,50.145015],[19.426233,50.145061],[19.425698,50.144994],[19.423606,50.145318],[19.422717,50.145522],[19.422358,50.145732],[19.422364,50.145917],[19.422081,50.145985],[19.4216,50.145654],[19.420405,50.14519],[19.414339,50.143308]]},"properties":{"line":"41","dir":"Chrzanów Trzebińska","mode":"bus"}},{"type":"Feature","geometry":{"type":"LineString","coordinates":[[19.5315,50.172034],[19.531223,50.171734],[19.530796,50.17147],[19.529177,50.171173],[19.527582,50.171439],[19.526874,50.171362],[19.526642,50.171252],[19.526329,50.171283],[19.525535,50.171153],[19.52468,50.171383],[19.521175,50.17158],[19.519925,50.171729],[19.519602,50.171842],[19.519137,50.172271],[19.517816,50.173197],[19.516983,50.173602],[19.51559,50.17399],[19.512641,50.175141],[19.507702,50.177215],[19.504839,50.178331],[19.500915,50.180082],[19.499175,50.18069],[19.496825,50.181744],[19.496117,50.181966],[19.494593,50.182256],[19.494395,50.182588],[19.494428,50.183939],[19.493561,50.18399],[19.484917,50.185084],[19.482283,50.184946],[19.480588,50.184684],[19.479895,50.184492]]},"properties":{"line":"41","dir":"Myślachowice Centrum","mode":"bus"}},{"type":"Feature","geometry":{"type":"LineString","coordinates":[[19.479649,50.184293],[19.47957,50.184342],[19.479712,50.184415],[19.4804,50.184645],[19.482283,50.184946],[19.484917,50.185084],[19.493561,50.18399],[19.494428,50.183939],[19.494395,50.182588],[19.494593,50.182256],[19.496117,50.181966],[19.496825,50.181744],[19.499175,50.18069],[19.500915,50.180082],[19.504839,50.178331],[19.507702,50.177215],[19.512641,50.175141],[19.515383,50.174061],[19.516983,50.173602],[19.517816,50.173197],[19.519742,50.171779],[19.521175,50.17158],[19.52468,50.171383],[19.525535,50.171153],[19.526329,50.171283],[19.526642,50.171252],[19.526874,50.171362],[19.527582,50.171439],[19.529177,50.171173],[19.530796,50.17147],[19.531223,50.171734],[19.5315,50.172034],[19.530881,50.171507],[19.52974,50.171252],[19.529177,50.171173],[19.527582,50.171439],[19.526874,50.171362],[19.525163,50.170288],[19.523072,50.169494],[19.521381,50.168608],[19.520765,50.168116],[19.520367,50.167345],[19.519654,50.166442],[19.519198,50.16484],[19.519582,50.163772],[19.51974,50.162568],[19.520331,50.161587],[19.51988,50.160822],[19.519806,50.160508],[19.520526,50.159465],[19.520697,50.157829],[19.520598,50.156768],[19.520748,50.155904],[19.521427,50.154047],[19.521824,50.150761],[19.521759,50.142439],[19.531361,50.14246],[19.531167,50.143371],[19.530812,50.143921],[19.529759,50.144764],[19.52874,50.145776],[19.528017,50.146155],[19.52874,50.145776],[19.529759,50.144764],[19.530812,50.143921],[19.531167,50.143371],[19.531361,50.14246],[19.517262,50.142438],[19.515974,50.1426],[19.492521,50.149526],[19.49105,50.150231],[19.479662,50.156221],[19.473565,50.158236],[19.47294,50.158537],[19.472533,50.158399],[19.472069,50.158348],[19.470806,50.15827],[19.470106,50.158301],[19.469348,50.158476],[19.467683,50.159109],[19.46673,50.159274],[19.465767,50.159116],[19.460542,50.157519],[19.460103,50.157499],[19.45966,50.157247],[19.456748,50.156354],[19.456095,50.156295],[19.455843,50.156109],[19.454435,50.155638],[19.454552,50.155479],[19.453794,50.154922],[19.453955,50.154817],[19.454566,50.155333],[19.454435,50.155638],[19.438191,50.150657],[19.440137,50.150092],[19.438486,50.148297],[19.436157,50.146679],[19.434993,50.145068],[19.434323,50.14465],[19.433639,50.144478],[19.433631,50.144084],[19.433416,50.143893],[19.433445,50.143772],[19.434775,50.143445],[19.435067,50.143869],[19.433886,50.144181],[19.433922,50.14402],[19.434898,50.143765],[19.434822,50.143645],[19.433825,50.143895],[19.433791,50.144502],[19.430882,50.144392],[19.428109,50.144667],[19.426765,50.144849],[19.426299,50.145054],[19.425698,50.144994],[19.423606,50.145318],[19.422717,50.145522],[19.422358,50.145732],[19.422364,50.145917],[19.422081,50.145985],[19.4216,50.145654],[19.420405,50.14519],[19.413364,50.142969],[19.412874,50.142664],[19.411663,50.141585],[19.414943,50.140456],[19.416576,50.139761],[19.421566,50.137052],[19.422529,50.136051],[19.422585,50.135891],[19.422743,50.135869],[19.423793,50.136186],[19.423907,50.136073],[19.423793,50.136186],[19.427536,50.137956],[19.428074,50.138069],[19.428165,50.138155],[19.42772,50.138497],[19.427186,50.139135],[19.426824,50.139753],[19.426445,50.140946],[19.426312,50.141636],[19.426449,50.142951],[19.426268,50.144579],[19.426442,50.144951],[19.426299,50.145054],[19.425698,50.144994],[19.424395,50.145175],[19.422717,50.145522],[19.422577,50.145756],[19.422835,50.145951],[19.454435,50.155638],[19.454552,50.155479],[19.454478,50.15542],[19.453605,50.155096],[19.453955,50.154817],[19.454566,50.155333],[19.454435,50.155638],[19.455877,50.156059],[19.456279,50.156057],[19.45641,50.156212],[19.456748,50.156354],[19.45966,50.157247],[19.460227,50.157266],[19.460542,50.157519],[19.465767,50.159116],[19.46673,50.159274],[19.467683,50.159109],[19.470073,50.158233],[19.472642,50.158354],[19.472845,50.158276],[19.473154,50.158316],[19.473565,50.158236],[19.479662,50.156221],[19.491967,50.149761],[19.494442,50.148925],[19.494692,50.148524],[19.494896,50.148513],[19.495186,50.148619],[19.495654,50.148598],[19.516318,50.142519],[19.517262,50.142438],[19.521759,50.142439],[19.521801,50.147732],[19.521921,50.147731],[19.521801,50.147732],[19.521824,50.150761],[19.521427,50.154047],[19.520748,50.155904],[19.520598,50.156768],[19.520697,50.157829],[19.520526,50.159465],[19.519799,50.160563],[19.520331,50.161587],[19.51974,50.162568],[19.519582,50.163772],[19.519216,50.16461],[19.51953,50.166146],[19.519776,50.166635],[19.520367,50.167345],[19.520765,50.168116],[19.521059,50.168398],[19.523072,50.169494],[19.525163,50.170288],[19.526758,50.171315],[19.527582,50.171439],[19.529177,50.171173],[19.52974,50.171252],[19.530881,50.171507],[19.5315,50.172034]]},"properties":{"line":"41","dir":"Psary Centrum","mode":"bus"}},{"type":"Feature","geometry":{"type":"LineString","coordinates":[[19.5315,50.172034],[19.530881,50.171507],[19.52974,50.171252],[19.529177,50.171173],[19.527582,50.171439],[19.526758,50.171315],[19.525163,50.170288],[19.523072,50.169494],[19.521059,50.168398],[19.520765,50.168116],[19.520367,50.167345],[19.519776,50.166635],[19.51953,50.166146],[19.519216,50.16461],[19.519582,50.163772],[19.51974,50.162568],[19.520331,50.161587],[19.51988,50.160822],[19.519806,50.160508],[19.520526,50.159465],[19.520697,50.157829],[19.520598,50.156768],[19.520748,50.155904],[19.521427,50.154047],[19.521824,50.150761],[19.521799,50.147535],[19.521653,50.147534],[19.521799,50.147535],[19.521759,50.142439],[19.517262,50.142438],[19.515974,50.1426],[19.495462,50.148674],[19.495098,50.148723],[19.49203,50.149729],[19.479662,50.156221],[19.473565,50.158236],[19.47294,50.158537],[19.472533,50.158399],[19.472069,50.158348],[19.470806,50.15827],[19.470106,50.158301],[19.469348,50.158476],[19.467683,50.159109],[19.46673,50.159274],[19.465767,50.159116],[19.460251,50.157477],[19.460103,50.157499],[19.459669,50.158144],[19.459376,50.158225],[19.459669,50.158144],[19.460103,50.157499],[19.45966,50.157247],[19.456748,50.156354],[19.456095,50.156295],[19.455843,50.156109],[19.454435,50.155638],[19.454552,50.155479],[19.453794,50.154922],[19.453955,50.154817],[19.454566,50.155333],[19.454435,50.155638],[19.425566,50.146786],[19.423026,50.14603],[19.42248,50.145952],[19.422015,50.145974],[19.4216,50.145654],[19.420405,50.14519],[19.413364,50.142969],[19.412874,50.142664],[19.411663,50.141585],[19.414943,50.140456],[19.416576,50.139761],[19.421566,50.137052],[19.422529,50.136051],[19.422585,50.135891],[19.422743,50.135869],[19.423793,50.136186],[19.423907,50.136073],[19.423793,50.136186],[19.427536,50.137956],[19.428074,50.138069],[19.428165,50.138155],[19.42772,50.138497],[19.427186,50.139135],[19.426824,50.139753],[19.426445,50.140946],[19.426312,50.141636],[19.426449,50.142951],[19.426268,50.144579],[19.426326,50.144798],[19.426765,50.144849],[19.430882,50.144392],[19.433639,50.144478],[19.433631,50.144084],[19.433416,50.143893],[19.433445,50.143772],[19.43481,50.143462],[19.4357,50.144821],[19.435168,50.14496],[19.434516,50.144484],[19.434333,50.144506],[19.433936,50.14437],[19.433889,50.144038],[19.434898,50.143765],[19.434822,50.143645],[19.433825,50.143895],[19.433791,50.144502],[19.434518,50.144739],[19.434993,50.145068],[19.436157,50.146679],[19.438486,50.148297],[19.440137,50.150092],[19.438191,50.150657],[19.454435,50.155638],[19.454552,50.155479],[19.454478,50.15542],[19.453605,50.155096],[19.453955,50.154817],[19.454566,50.155333],[19.454435,50.155638],[19.455877,50.156059],[19.456279,50.156057],[19.45641,50.156212],[19.456748,50.156354],[19.45966,50.157247],[19.460227,50.157266],[19.460542,50.157519],[19.465767,50.159116],[19.466311,50.15924],[19.466933,50.159265],[19.466627,50.159686],[19.466765,50.159558],[19.46673,50.159274],[19.467683,50.159109],[19.469348,50.158476],[19.471062,50.16012],[19.471782,50.161694],[19.471719,50.164372],[19.472584,50.165188],[19.473198,50.166721],[19.473126,50.167151],[19.472595,50.168281],[19.472545,50.168587],[19.473296,50.173945],[19.473507,50.174012],[19.473296,50.173945],[19.473626,50.176482],[19.47433,50.177263],[19.474835,50.178106],[19.475094,50.17961],[19.475759,50.181305],[19.476231,50.181978],[19.476875,50.183675],[19.477128,50.183846],[19.479178,50.184188],[19.47957,50.184342],[19.479649,50.184293],[19.47957,50.184342],[19.479878,50.184486],[19.480957,50.184743],[19.482892,50.185009],[19.484917,50.185084],[19.493561,50.18399],[19.494428,50.183939],[19.494395,50.182588],[19.494593,50.182256],[19.496117,50.181966],[19.496825,50.181744],[19.499175,50.18069],[19.500915,50.180082],[19.505271,50.17815],[19.514157,50.174546]]},"properties":{"line":"41","dir":"Psary Ostra Góra","mode":"bus"}},{"type":"Feature","geometry":{"type":"LineString","coordinates":[[19.5315,50.172034],[19.531223,50.171734],[19.530796,50.17147],[19.529177,50.171173],[19.527582,50.171439],[19.526874,50.171362],[19.526642,50.171252],[19.526329,50.171283],[19.525535,50.171153],[19.52468,50.171383],[19.521175,50.17158],[19.519742,50.171779],[19.517816,50.173197],[19.516983,50.173602],[19.51559,50.17399],[19.512641,50.175141],[19.507702,50.177215],[19.504839,50.178331],[19.500915,50.180082],[19.499175,50.18069],[19.496825,50.181744],[19.496117,50.181966],[19.494593,50.182256],[19.494395,50.182588],[19.494428,50.183939],[19.493561,50.18399],[19.484917,50.185084],[19.48746,50.18643],[19.491486,50.188837],[19.49413,50.190068],[19.496257,50.191193],[19.4993,50.192908],[19.500996,50.193963],[19.502284,50.195163],[19.510206,50.201136],[19.510611,50.201682],[19.510639,50.202416],[19.510993,50.203465]]},"properties":{"line":"41","dir":"Płoki Centrum","mode":"bus"}},{"type":"Feature","geometry":{"type":"LineString","coordinates":[[19.5315,50.172034],[19.530881,50.171507],[19.52974,50.171252],[19.529177,50.171173],[19.527582,50.171439],[19.526758,50.171315],[19.525163,50.170288],[19.523072,50.169494],[19.521059,50.168398],[19.520765,50.168116],[19.520367,50.167345],[19.519776,50.166635],[19.51953,50.166146],[19.519216,50.16461],[19.519582,50.163772],[19.51974,50.162568],[19.520331,50.161587],[19.51988,50.160822],[19.519806,50.160508],[19.520526,50.159465],[19.520697,50.157829],[19.520598,50.156768],[19.520748,50.155904],[19.521427,50.154047],[19.521824,50.150761],[19.521799,50.147535],[19.521653,50.147534],[19.521799,50.147535],[19.521759,50.142439],[19.517262,50.142438],[19.515974,50.1426],[19.492521,50.149526],[19.49105,50.150231],[19.479662,50.156221],[19.473565,50.158236],[19.47294,50.158537],[19.472533,50.158399],[19.471503,50.158311],[19.470539,50.158268],[19.469824,50.158347],[19.467683,50.159109],[19.466933,50.159265],[19.466627,50.159686]]},"properties":{"line":"41","dir":"Trzebinia Mały Rynek","mode":"bus"}},{"type":"Feature","geometry":{"type":"LineString","coordinates":[[19.514157,50.174546],[19.515383,50.174061],[19.516475,50.17378],[19.517467,50.173396],[19.519137,50.172271],[19.519602,50.171842],[19.520437,50.171647],[19.52468,50.171383],[19.525535,50.171153],[19.526329,50.171283],[19.526642,50.171252],[19.526874,50.171362],[19.527582,50.171439],[19.529177,50.171173],[19.530796,50.17147],[19.531223,50.171734],[19.5315,50.172034],[19.530881,50.171507],[19.52974,50.171252],[19.529177,50.171173],[19.527582,50.171439],[19.526758,50.171315],[19.525163,50.170288],[19.523072,50.169494],[19.521059,50.168398],[19.520765,50.168116],[19.520367,50.167345],[19.519776,50.166635],[19.51953,50.166146],[19.519216,50.16461],[19.519582,50.163772],[19.51974,50.162568],[19.520331,50.161587],[19.51988,50.160822],[19.519806,50.160508],[19.520526,50.159465],[19.520697,50.157829],[19.520598,50.156768],[19.520748,50.155904],[19.521427,50.154047],[19.521824,50.150761],[19.521799,50.147535],[19.521653,50.147534],[19.521799,50.147535],[19.521759,50.142439],[19.517262,50.142438],[19.515974,50.1426],[19.492521,50.149526],[19.49105,50.150231],[19.479662,50.156221],[19.473565,50.158236],[19.47294,50.158537],[19.472533,50.158399],[19.472069,50.158348],[19.470806,50.15827],[19.470106,50.158301],[19.469348,50.158476],[19.467376,50.159195],[19.46673,50.159274],[19.466148,50.159211],[19.460542,50.157519],[19.460103,50.157499],[19.45966,50.157247],[19.456748,50.156354],[19.456095,50.156295],[19.455843,50.156109],[19.454435,50.155638],[19.454552,50.155479],[19.454056,50.155141]]},"properties":{"line":"41","dir":"Trzebinia PKP","mode":"bus"}},{"type":"Feature","geometry":{"type":"LineString","coordinates":[[19.510924,50.20325],[19.510639,50.202416],[19.510611,50.201682],[19.510206,50.201136],[19.502284,50.195163],[19.500996,50.193963],[19.4993,50.192908],[19.49461,50.190307],[19.491486,50.188837],[19.48746,50.18643],[19.484917,50.185084],[19.482892,50.185009],[19.480588,50.184684],[19.479895,50.184492],[19.479178,50.184188],[19.477643,50.183949],[19.476972,50.183776],[19.476231,50.181978],[19.475759,50.181305],[19.475094,50.17961],[19.474835,50.178106],[19.47433,50.177263],[19.473626,50.176482],[19.47313,50.172724]]},"properties":{"line":"41","dir":"Trzebinia Zbyszek","mode":"bus"}},{"type":"Feature","geometry":{"type":"LineString","coordinates":[[19.510924,50.20325],[19.510639,50.202416],[19.510611,50.201682],[19.510206,50.201136],[19.502284,50.195163],[19.500996,50.193963],[19.4993,50.192908],[19.49461,50.190307],[19.491486,50.188837],[19.48746,50.18643],[19.484917,50.185084],[19.482892,50.185009],[19.480588,50.184684],[19.479895,50.184492],[19.479178,50.184188],[19.477241,50.183873],[19.476919,50.183733],[19.476231,50.181978],[19.475759,50.181305],[19.475094,50.17961],[19.474835,50.178106],[19.47433,50.177263],[19.473626,50.176482],[19.472545,50.168587],[19.472595,50.168281],[19.473126,50.167151],[19.473198,50.166721],[19.472584,50.165188],[19.471719,50.164372],[19.471782,50.161694],[19.471062,50.16012],[19.469348,50.158476],[19.467683,50.159109],[19.46673,50.159274],[19.465767,50.159116],[19.460251,50.157477],[19.460103,50.157499],[19.459669,50.158144],[19.459376,50.158225],[19.459669,50.158144],[19.460103,50.157499],[19.45966,50.157247],[19.456748,50.156354],[19.456095,50.156295],[19.455843,50.156109],[19.454435,50.155638],[19.454552,50.155479],[19.453794,50.154922],[19.453955,50.154817],[19.454566,50.155333],[19.454435,50.155638],[19.425566,50.146786],[19.423026,50.14603],[19.42248,50.145952],[19.422015,50.145974],[19.4216,50.145654],[19.420405,50.14519],[19.413364,50.142969],[19.412874,50.142664],[19.411663,50.141585],[19.414943,50.140456],[19.416576,50.139761],[19.421566,50.137052],[19.422671,50.135868],[19.423793,50.136186],[19.423907,50.136073],[19.423793,50.136186],[19.42593,50.137218],[19.427536,50.137956],[19.428074,50.138069],[19.428576,50.138285],[19.430962,50.138276],[19.433369,50.138084],[19.434119,50.137977],[19.436774,50.137336],[19.438688,50.137021],[19.441137,50.13602],[19.444647,50.134865],[19.446727,50.133707],[19.447882,50.133257],[19.454991,50.131055],[19.455452,50.130976],[19.456611,50.130998],[19.460443,50.132116],[19.460893,50.132109],[19.462414,50.131791],[19.463408,50.131746],[19.464039,50.130992],[19.464168,50.130487],[19.464059,50.129942],[19.463568,50.128941],[19.463536,50.128395],[19.465305,50.126615],[19.466071,50.123017],[19.4671,50.121523],[19.467396,50.120664],[19.469408,50.120524],[19.473278,50.119954],[19.478136,50.118625],[19.481091,50.117105],[19.485627,50.114081],[19.491338,50.11197],[19.494721,50.110823],[19.496252,50.1104]]},"properties":{"line":"42","dir":"Bolęcin Stawki","mode":"bus"}},{"type":"Feature","geometry":{"type":"LineString","coordinates":[[19.496252,50.1104],[19.494721,50.110823],[19.491338,50.11197],[19.485627,50.114081],[19.480986,50.117167],[19.480397,50.116402],[19.480148,50.116514],[19.479902,50.117425],[19.480067,50.117611],[19.478136,50.118625],[19.473278,50.119954],[19.469408,50.120524],[19.467396,50.120664],[19.4671,50.121523],[19.466071,50.123017],[19.465305,50.126615],[19.463536,50.128395],[19.463568,50.128941],[19.464059,50.129942],[19.464168,50.130487],[19.464039,50.130992],[19.463408,50.131746],[19.462414,50.131791],[19.460893,50.132109],[19.460443,50.132116],[19.456611,50.130998],[19.455452,50.130976],[19.454991,50.131055],[19.447882,50.133257],[19.446727,50.133707],[19.444647,50.134865],[19.443126,50.135379],[19.443158,50.135428],[19.443126,50.135379],[19.441137,50.13602],[19.438688,50.137021],[19.436774,50.137336],[19.434119,50.137977],[19.433369,50.138084],[19.430962,50.138276],[19.42798,50.138284],[19.427536,50.137956],[19.426075,50.137328],[19.424158,50.13632],[19.423475,50.1361],[19.422872,50.136063],[19.422324,50.136264],[19.421566,50.137052],[19.416576,50.139761],[19.414943,50.140456],[19.411663,50.141585],[19.412874,50.142664],[19.413728,50.143116],[19.415215,50.14358],[19.415365,50.143337],[19.415207,50.142812],[19.414522,50.142567],[19.414343,50.142562],[19.414228,50.142672],[19.414646,50.142803],[19.414464,50.143072],[19.41454,50.143095],[19.414464,50.143072],[19.414646,50.142803],[19.414228,50.142672],[19.414343,50.142562],[19.415207,50.142812],[19.415365,50.143337],[19.415215,50.14358],[19.422023,50.145691],[19.422262,50.145691],[19.422509,50.145859],[19.423026,50.14603],[19.454435,50.155638],[19.454552,50.155479],[19.454478,50.15542],[19.453605,50.155096],[19.453955,50.154817],[19.454566,50.155333],[19.454435,50.155638],[19.455877,50.156059],[19.456279,50.156057],[19.45641,50.156212],[19.456748,50.156354],[19.45966,50.157247],[19.460286,50.157297],[19.460299,50.157445],[19.460103,50.157499],[19.459669,50.158144],[19.459376,50.158225],[19.459669,50.158144],[19.460089,50.157547],[19.459958,50.157327],[19.460173,50.157254],[19.460542,50.157519],[19.465767,50.159116],[19.466311,50.15924],[19.466933,50.159265],[19.466627,50.159686],[19.466765,50.159558],[19.46673,50.159274],[19.467683,50.159109],[19.469348,50.158476],[19.471062,50.16012],[19.471782,50.161694],[19.471719,50.164372],[19.472584,50.165188],[19.473198,50.166721],[19.473126,50.167151],[19.472595,50.168281],[19.472545,50.168587],[19.473296,50.173945],[19.473507,50.174012],[19.473296,50.173945],[19.473626,50.176482],[19.47433,50.177263],[19.474835,50.178106],[19.475094,50.17961],[19.475759,50.181305],[19.476231,50.181978],[19.476919,50.183733],[19.477241,50.183873],[19.479178,50.184188],[19.47957,50.184342],[19.479649,50.184293],[19.47957,50.184342],[19.479878,50.184486],[19.480588,50.184684],[19.482892,50.185009],[19.484917,50.185084],[19.48746,50.18643],[19.491486,50.188837],[19.49461,50.190307],[19.4993,50.192908],[19.500996,50.193963],[19.502284,50.195163],[19.510206,50.201136],[19.510611,50.201682],[19.510639,50.202416],[19.511071,50.20366],[19.511599,50.204175],[19.514185,50.204907],[19.513598,50.205577],[19.512373,50.206538],[19.511892,50.206818],[19.50933,50.208202],[19.507668,50.208916],[19.506636,50.209154],[19.505452,50.209205],[19.502689,50.208834],[19.499981,50.208627],[19.498068,50.208553],[19.494142,50.208567],[19.491589,50.20821],[19.490641,50.208278],[19.487403,50.208841],[19.483349,50.209249],[19.481292,50.209039],[19.47804,50.209028],[19.475605,50.20887],[19.474195,50.20902],[19.473017,50.208926],[19.472069,50.209129],[19.471508,50.209494],[19.47003,50.210048],[19.469686,50.210107],[19.469022,50.210063],[19.467481,50.210231]]},"properties":{"line":"42","dir":"Czyżówka Pętla","mode":"bus"}},{"type":"Feature","geometry":{"type":"LineString","coordinates":[[19.510924,50.20325],[19.510639,50.202416],[19.510611,50.201682],[19.510206,50.201136],[19.502284,50.195163],[19.500996,50.193963],[19.4993,50.192908],[19.49461,50.190307],[19.491486,50.188837],[19.48746,50.18643],[19.484917,50.185084],[19.482892,50.185009],[19.480588,50.184684],[19.479895,50.184492],[19.479178,50.184188],[19.477241,50.183873],[19.476919,50.183733],[19.476231,50.181978],[19.475759,50.181305],[19.475094,50.17961],[19.474835,50.178106],[19.47433,50.177263],[19.473626,50.176482],[19.472545,50.168587],[19.472595,50.168281],[19.473126,50.167151],[19.473198,50.166721],[19.472584,50.165188],[19.471719,50.164372],[19.471782,50.161694],[19.471062,50.16012],[19.469348,50.158476],[19.467683,50.159109],[19.46673,50.159274],[19.465767,50.159116],[19.460251,50.157477],[19.460103,50.157499],[19.459669,50.158144],[19.459376,50.158225],[19.459669,50.158144],[19.460103,50.157499],[19.45966,50.157247],[19.456748,50.156354],[19.456095,50.156295],[19.455843,50.156109],[19.454435,50.155638],[19.454552,50.155479],[19.453794,50.154922],[19.453955,50.154817],[19.454566,50.155333],[19.454435,50.155638],[19.425566,50.146786],[19.423026,50.14603],[19.42248,50.145952],[19.422015,50.145974],[19.4216,50.145654],[19.420405,50.14519],[19.413364,50.142969],[19.412874,50.142664],[19.411663,50.141585],[19.414943,50.140456],[19.416576,50.139761],[19.421566,50.137052],[19.422671,50.135868],[19.423793,50.136186],[19.423907,50.136073],[19.423793,50.136186],[19.42593,50.137218],[19.427536,50.137956],[19.428074,50.138069],[19.428576,50.138285],[19.430962,50.138276],[19.433369,50.138084],[19.434119,50.137977],[19.436774,50.137336],[19.438688,50.137021],[19.441137,50.13602],[19.444647,50.134865],[19.446727,50.133707],[19.447882,50.133257],[19.454991,50.131055],[19.455452,50.130976],[19.456611,50.130998],[19.460443,50.132116],[19.460893,50.132109],[19.462414,50.131791],[19.463408,50.131746],[19.464039,50.130992],[19.464168,50.130487],[19.464059,50.129942],[19.463568,50.128941],[19.463536,50.128395],[19.465305,50.126615],[19.466071,50.123017],[19.4671,50.121523],[19.467396,50.120664],[19.469408,50.120524],[19.473278,50.119954],[19.478136,50.118625],[19.481091,50.117105],[19.485627,50.114081],[19.491338,50.11197],[19.494721,50.110823],[19.496252,50.1104],[19.494721,50.110823],[19.491338,50.11197],[19.485627,50.114081],[19.480986,50.117167],[19.479549,50.115267],[19.479051,50.114243],[19.47856,50.113912],[19.478455,50.113974],[19.47856,50.113912],[19.477804,50.11164],[19.476163,50.109894],[19.475868,50.10929],[19.475707,50.108129],[19.475255,50.107382],[19.474385,50.106561],[19.473567,50.105948],[19.472974,50.10524],[19.471664,50.104218],[19.469566,50.102831],[19.467976,50.101044],[19.467608,50.100817],[19.464839,50.099645],[19.464261,50.098989],[19.462621,50.09977],[19.460566,50.100334]]},"properties":{"line":"42","dir":"Płaza Cmentarz","mode":"bus"}},{"type":"Feature","geometry":{"type":"LineString","coordinates":[[19.510924,50.20325],[19.510639,50.202416],[19.510611,50.201682],[19.510206,50.201136],[19.502284,50.195163],[19.500996,50.193963],[19.4993,50.192908],[19.49461,50.190307],[19.491486,50.188837],[19.48746,50.18643],[19.484917,50.185084],[19.482892,50.185009],[19.480588,50.184684],[19.479895,50.184492],[19.479178,50.184188],[19.477241,50.183873],[19.476919,50.183733],[19.476231,50.181978],[19.475759,50.181305],[19.475094,50.17961],[19.474835,50.178106],[19.47433,50.177263],[19.473626,50.176482],[19.472545,50.168587],[19.472595,50.168281],[19.473126,50.167151],[19.473198,50.166721],[19.472584,50.165188],[19.471719,50.164372],[19.471782,50.161694],[19.471062,50.16012],[19.469348,50.158476],[19.467683,50.159109],[19.46673,50.159274],[19.465767,50.159116],[19.460251,50.157477],[19.460103,50.157499],[19.459669,50.158144],[19.459376,50.158225],[19.459669,50.158144],[19.460103,50.157499],[19.45966,50.157247],[19.456748,50.156354],[19.456095,50.156295],[19.455843,50.156109],[19.454435,50.155638],[19.454552,50.155479],[19.453794,50.154922],[19.453955,50.154817],[19.454566,50.155333],[19.454435,50.155638],[19.425566,50.146786],[19.423026,50.14603],[19.42248,50.145952],[19.422015,50.145974],[19.4216,50.145654],[19.420405,50.14519],[19.413364,50.142969],[19.412874,50.142664],[19.411663,50.141585],[19.414943,50.140456],[19.416576,50.139761],[19.421566,50.137052],[19.422671,50.135868],[19.423793,50.136186],[19.423907,50.136073],[19.423793,50.136186],[19.42593,50.137218],[19.427536,50.137956],[19.428074,50.138069],[19.428576,50.138285],[19.430962,50.138276],[19.433369,50.138084],[19.434119,50.137977],[19.436774,50.137336],[19.438688,50.137021],[19.441137,50.13602],[19.444647,50.134865],[19.446727,50.133707],[19.447882,50.133257],[19.454991,50.131055],[19.455452,50.130976],[19.456611,50.130998],[19.460443,50.132116],[19.460893,50.132109],[19.462414,50.131791],[19.463408,50.131746],[19.464039,50.130992],[19.464168,50.130487],[19.464059,50.129942],[19.463568,50.128941],[19.463536,50.128395],[19.465305,50.126615],[19.466071,50.123017],[19.4671,50.121523],[19.467396,50.120664],[19.469408,50.120524],[19.473278,50.119954],[19.478136,50.118625],[19.481091,50.117105],[19.485627,50.114081],[19.491338,50.11197],[19.494721,50.110823],[19.496252,50.1104],[19.494721,50.110823],[19.491338,50.11197],[19.485627,50.114081],[19.480986,50.117167],[19.479549,50.115267],[19.479051,50.114243],[19.47856,50.113912],[19.478455,50.113974],[19.47856,50.113912],[19.477804,50.11164],[19.476163,50.109894],[19.475868,50.10929],[19.475707,50.108129],[19.475255,50.107382],[19.474385,50.106561],[19.473567,50.105948],[19.472974,50.10524],[19.471664,50.104218],[19.469566,50.102831],[19.467872,50.100965],[19.464709,50.099544],[19.463827,50.098235],[19.463284,50.09763],[19.462828,50.09683],[19.461609,50.096126],[19.461705,50.09401],[19.461615,50.093784],[19.461327,50.093582],[19.459611,50.093135],[19.458991,50.092595],[19.458727,50.092174],[19.457996,50.09026],[19.457926,50.089013],[19.456289,50.086517],[19.452196,50.083659],[19.450366,50.08289],[19.448313,50.082384],[19.44776,50.082309],[19.444458,50.082251],[19.442376,50.082371],[19.441292,50.082113],[19.440667,50.081737],[19.440771,50.081662],[19.441149,50.081882]]},"properties":{"line":"42","dir":"Płaza Dolna I. (Pętla)","mode":"bus"}},{"type":"Feature","geometry":{"type":"LineString","coordinates":[[19.496252,50.1104],[19.494721,50.110823],[19.491338,50.11197],[19.485627,50.114081],[19.480986,50.117167],[19.480397,50.116402],[19.480148,50.116514],[19.479902,50.117425],[19.480067,50.117611],[19.478136,50.118625],[19.473278,50.119954],[19.469408,50.120524],[19.467396,50.120664],[19.4671,50.121523],[19.466071,50.123017],[19.465305,50.126615],[19.463536,50.128395],[19.463568,50.128941],[19.464059,50.129942],[19.464168,50.130487],[19.464039,50.130992],[19.463408,50.131746],[19.462414,50.131791],[19.460893,50.132109],[19.460443,50.132116],[19.456611,50.130998],[19.455452,50.130976],[19.454991,50.131055],[19.447882,50.133257],[19.446727,50.133707],[19.444647,50.134865],[19.443126,50.135379],[19.443158,50.135428],[19.443126,50.135379],[19.441137,50.13602],[19.438688,50.137021],[19.436774,50.137336],[19.434119,50.137977],[19.433369,50.138084],[19.430962,50.138276],[19.42798,50.138284],[19.427536,50.137956],[19.426075,50.137328],[19.424158,50.13632],[19.423475,50.1361],[19.422872,50.136063],[19.422324,50.136264],[19.421566,50.137052],[19.416576,50.139761],[19.414943,50.140456],[19.411663,50.141585],[19.412874,50.142664],[19.413728,50.143116],[19.415215,50.14358],[19.415365,50.143337],[19.415207,50.142812],[19.414522,50.142567],[19.414343,50.142562],[19.414228,50.142672],[19.414646,50.142803],[19.414464,50.143072],[19.41454,50.143095],[19.414464,50.143072],[19.414646,50.142803],[19.414228,50.142672],[19.414343,50.142562],[19.415207,50.142812],[19.415365,50.143337],[19.415215,50.14358],[19.422023,50.145691],[19.422262,50.145691],[19.422509,50.145859],[19.423026,50.14603],[19.454435,50.155638],[19.454552,50.155479],[19.454478,50.15542],[19.453605,50.155096],[19.453955,50.154817],[19.454566,50.155333],[19.454435,50.155638],[19.455877,50.156059],[19.456279,50.156057],[19.45641,50.156212],[19.456748,50.156354],[19.45966,50.157247],[19.460286,50.157297],[19.460299,50.157445],[19.460103,50.157499],[19.459669,50.158144],[19.459376,50.158225],[19.459669,50.158144],[19.460089,50.157547],[19.459958,50.157327],[19.460173,50.157254],[19.460542,50.157519],[19.465767,50.159116],[19.466311,50.15924],[19.466933,50.159265],[19.466627,50.159686],[19.466765,50.159558],[19.46673,50.159274],[19.467683,50.159109],[19.469348,50.158476],[19.471062,50.16012],[19.471805,50.161819],[19.471719,50.164372],[19.472584,50.165188],[19.473198,50.166721],[19.473126,50.167151],[19.472595,50.168281],[19.472545,50.168587],[19.473296,50.173945],[19.473507,50.174012],[19.473296,50.173945],[19.473626,50.176482],[19.47433,50.177263],[19.474835,50.178106],[19.475094,50.17961],[19.475759,50.181305],[19.476231,50.181978],[19.476875,50.183675],[19.477128,50.183846],[19.479178,50.184188],[19.47957,50.184342],[19.479269,50.18482],[19.479327,50.185994],[19.479125,50.186424],[19.478586,50.186904],[19.476805,50.187836],[19.47543,50.188762],[19.473977,50.190181],[19.470287,50.194047],[19.465132,50.20098],[19.468921,50.20216],[19.46937,50.202473],[19.470425,50.203914],[19.470823,50.203919],[19.472817,50.20485],[19.47393,50.205237],[19.475169,50.206345],[19.476743,50.20715],[19.476963,50.207459],[19.477013,50.207775],[19.476658,50.208945],[19.475605,50.20887],[19.474111,50.20902],[19.473017,50.208926],[19.472069,50.209129],[19.471508,50.209494],[19.47003,50.210048],[19.469686,50.210107],[19.469022,50.210063],[19.467481,50.210231],[19.469022,50.210063],[19.469686,50.210107],[19.47003,50.210048],[19.471508,50.209494],[19.472069,50.209129],[19.473122,50.20892],[19.473104,50.208824],[19.473122,50.20892],[19.474111,50.20902],[19.475605,50.20887],[19.47804,50.209028],[19.481651,50.209053],[19.483349,50.209249],[19.487403,50.208841],[19.490641,50.208278],[19.491589,50.20821],[19.494142,50.208567],[19.498068,50.208553],[19.499981,50.208627],[19.502689,50.208834],[19.505452,50.209205],[19.506636,50.209154],[19.507668,50.208916],[19.50933,50.208202],[19.511892,50.206818],[19.512373,50.206538],[19.513598,50.205577],[19.514185,50.204907],[19.511599,50.204175],[19.511199,50.203839],[19.510924,50.20325]]},"properties":{"line":"42","dir":"Płoki Centrum","mode":"bus"}},{"type":"Feature","geometry":{"type":"LineString","coordinates":[[19.496252,50.1104],[19.494721,50.110823],[19.491338,50.11197],[19.485627,50.114081],[19.480986,50.117167],[19.480397,50.116402],[19.480148,50.116514],[19.479902,50.117425],[19.480067,50.117611],[19.478136,50.118625],[19.473278,50.119954],[19.469408,50.120524],[19.467396,50.120664],[19.4671,50.121523],[19.466071,50.123017],[19.465305,50.126615],[19.463536,50.128395],[19.463568,50.128941],[19.464059,50.129942],[19.464168,50.130487],[19.464039,50.130992],[19.463408,50.131746],[19.462414,50.131791],[19.460893,50.132109],[19.460443,50.132116],[19.456611,50.130998],[19.455452,50.130976],[19.454991,50.131055],[19.447882,50.133257],[19.446727,50.133707],[19.444647,50.134865],[19.443126,50.135379],[19.443158,50.135428],[19.443126,50.135379],[19.441137,50.13602],[19.438688,50.137021],[19.436774,50.137336],[19.434119,50.137977],[19.433369,50.138084],[19.430962,50.138276],[19.42798,50.138284],[19.427536,50.137956],[19.426075,50.137328],[19.424158,50.13632],[19.423475,50.1361],[19.422872,50.136063],[19.422324,50.136264],[19.421566,50.137052],[19.416576,50.139761],[19.414943,50.140456],[19.411663,50.141585],[19.412874,50.142664],[19.413728,50.143116],[19.415215,50.14358],[19.415365,50.143337],[19.415207,50.142812],[19.414522,50.142567],[19.414343,50.142562],[19.414228,50.142672],[19.414646,50.142803],[19.414464,50.143072],[19.41454,50.143095],[19.414464,50.143072],[19.414646,50.142803],[19.414228,50.142672],[19.414343,50.142562],[19.415207,50.142812],[19.415365,50.143337],[19.415215,50.14358],[19.422023,50.145691],[19.422262,50.145691],[19.422509,50.145859],[19.423026,50.14603],[19.454435,50.155638],[19.454552,50.155479],[19.454478,50.15542],[19.453605,50.155096],[19.453955,50.154817],[19.454566,50.155333],[19.454435,50.155638],[19.455877,50.156059],[19.456279,50.156057],[19.45641,50.156212],[19.456748,50.156354],[19.45966,50.157247],[19.460227,50.157266],[19.460542,50.157519],[19.465767,50.159116],[19.466311,50.15924],[19.466933,50.159265],[19.466627,50.159686]]},"properties":{"line":"42","dir":"Trzebinia Mały Rynek","mode":"bus"}},{"type":"Feature","geometry":{"type":"LineString","coordinates":[[19.329249,50.096218],[19.329681,50.096297],[19.329163,50.098146],[19.329782,50.09979],[19.330094,50.101552],[19.329715,50.102281],[19.330027,50.105017],[19.329807,50.106516],[19.33013,50.106769],[19.3303,50.106606],[19.330124,50.106412],[19.329994,50.106429],[19.329915,50.106564],[19.330217,50.106858],[19.332755,50.107791],[19.332098,50.108512],[19.331308,50.11117],[19.331013,50.111418],[19.328899,50.112163],[19.325696,50.113001],[19.323698,50.113424],[19.32257,50.109344],[19.322089,50.108835],[19.321502,50.108414],[19.317554,50.106741],[19.316425,50.105169],[19.315946,50.104284],[19.316097,50.103774],[19.315221,50.103651],[19.313818,50.103152],[19.313216,50.102789],[19.310848,50.100846],[19.31034,50.10056],[19.307965,50.099877],[19.307459,50.09966],[19.30583,50.098378],[19.298275,50.093338],[19.297812,50.093068],[19.297344,50.092965],[19.297397,50.092752],[19.298127,50.092669],[19.29864,50.09248],[19.306221,50.089255],[19.304555,50.087164],[19.302468,50.085213],[19.300797,50.082586],[19.300173,50.081794],[19.299672,50.081561],[19.297979,50.081226],[19.297524,50.081338],[19.296416,50.082013],[19.295801,50.083052],[19.294985,50.084126],[19.292202,50.085341],[19.290186,50.085799],[19.288834,50.086264],[19.289253,50.088655],[19.289977,50.089603],[19.290656,50.090219],[19.294891,50.093012],[19.295204,50.093093],[19.295522,50.093082],[19.295613,50.093174],[19.29556,50.093312],[19.268158,50.100068],[19.270213,50.103708],[19.271847,50.103382],[19.272116,50.103444],[19.272582,50.103732],[19.27294,50.104061],[19.2734,50.105322],[19.274575,50.106226],[19.275779,50.108766],[19.27721,50.111396],[19.286335,50.110204],[19.286412,50.10426],[19.295452,50.103974],[19.297406,50.103661],[19.298185,50.103628],[19.300876,50.104112],[19.303974,50.097173],[19.30583,50.098378],[19.307459,50.09966],[19.307965,50.099877],[19.31034,50.10056],[19.310848,50.100846],[19.313075,50.102674],[19.313279,50.1027],[19.313482,50.102839],[19.313524,50.102987],[19.314131,50.103291],[19.31517,50.103612],[19.316151,50.103683],[19.316335,50.103636],[19.316639,50.103353],[19.316973,50.102821],[19.31764,50.101134],[19.318325,50.100168],[19.318402,50.099802],[19.321069,50.099968],[19.322437,50.099822],[19.323957,50.100316],[19.323108,50.101303],[19.323957,50.100316],[19.325708,50.100947],[19.326716,50.101194],[19.32878,50.101523],[19.3299,50.101916],[19.329735,50.102153],[19.329758,50.102718],[19.32874,50.102704],[19.329758,50.102718],[19.329735,50.102153],[19.330093,50.1016],[19.329782,50.09979],[19.329163,50.098146],[19.329681,50.096297],[19.329249,50.096218]]},"properties":{"line":"A","dir":"Libiąż Kopalnia Janina","mode":"bus"}},{"type":"Feature","geometry":{"type":"LineString","coordinates":[[19.387631,50.049442],[19.385645,50.049453],[19.384751,50.049553],[19.37333,50.051458],[19.372965,50.0516],[19.372623,50.051596],[19.371355,50.051849],[19.370212,50.05197],[19.362899,50.052128],[19.36151,50.051995],[19.359731,50.051631],[19.359236,50.051714],[19.358929,50.05191],[19.35844,50.052641],[19.358828,50.053757],[19.357996,50.055417],[19.356721,50.056588],[19.349783,50.061799],[19.34949,50.062057],[19.349345,50.062384],[19.348844,50.065339],[19.350352,50.06737],[19.35157,50.071286],[19.351205,50.07299],[19.349777,50.075322],[19.349601,50.075494],[19.348957,50.075668],[19.348854,50.07579],[19.348228,50.078087],[19.348466,50.078961],[19.347657,50.078721],[19.345779,50.077737],[19.345426,50.0771],[19.345265,50.076198],[19.344544,50.07525],[19.343693,50.075362],[19.342645,50.075637],[19.341452,50.075508],[19.341115,50.075534],[19.340925,50.075835],[19.340892,50.076435],[19.339788,50.076666],[19.338597,50.076148],[19.337645,50.075045],[19.335969,50.074307],[19.335592,50.073928],[19.335969,50.074307],[19.337645,50.075045],[19.338474,50.076062],[19.340712,50.077121],[19.342726,50.078705],[19.343155,50.078901],[19.344211,50.079196],[19.344723,50.079944],[19.345533,50.080524],[19.346277,50.080721],[19.346456,50.080841],[19.349378,50.080455],[19.349761,50.080731],[19.350772,50.080789],[19.351072,50.080926],[19.351856,50.082533],[19.346304,50.083855],[19.325331,50.087767],[19.323534,50.087893],[19.320446,50.087385],[19.321291,50.091773],[19.321234,50.092151],[19.321073,50.092406],[19.318534,50.095265],[19.318658,50.096013],[19.319387,50.098212],[19.319517,50.098365],[19.321981,50.099675],[19.325708,50.100947],[19.326716,50.101194],[19.32878,50.101523],[19.3299,50.101916],[19.329715,50.102281],[19.330027,50.105017],[19.329807,50.106516],[19.33013,50.106769],[19.3303,50.106606],[19.330124,50.106412],[19.329994,50.106429],[19.329915,50.106564],[19.330217,50.106858],[19.332755,50.107791],[19.332098,50.108512],[19.331308,50.11117],[19.331013,50.111418],[19.328899,50.112163],[19.326818,50.112693],[19.326752,50.112596],[19.327511,50.112369],[19.326752,50.112596],[19.326818,50.112693],[19.329071,50.11211],[19.330376,50.111672],[19.331216,50.111283],[19.332098,50.108512],[19.332755,50.107791],[19.329986,50.106765],[19.329704,50.106733],[19.329591,50.106622],[19.329807,50.106516],[19.33013,50.106769],[19.3303,50.106606],[19.330188,50.106441],[19.330027,50.106406],[19.329893,50.106708],[19.329704,50.106733],[19.329591,50.106622],[19.329808,50.106215],[19.330027,50.105017],[19.329715,50.102281],[19.330094,50.101552],[19.329782,50.09979],[19.329163,50.098146],[19.329681,50.096297],[19.329249,50.096218],[19.329681,50.096297],[19.329163,50.098146],[19.329782,50.09979],[19.329997,50.100796],[19.330093,50.1016],[19.329735,50.102153],[19.329758,50.102718],[19.32808,50.102717],[19.32719,50.102643],[19.324042,50.102048],[19.323082,50.101758],[19.321018,50.100822],[19.318443,50.100142],[19.31821,50.100244],[19.31764,50.101134],[19.316973,50.102821],[19.316458,50.103668],[19.316484,50.103871],[19.316231,50.103909],[19.315951,50.103728],[19.315353,50.103687],[19.313818,50.103152],[19.313216,50.102789],[19.310645,50.100718],[19.310142,50.100488],[19.307965,50.099877],[19.307459,50.09966],[19.30583,50.098378],[19.298275,50.093338],[19.297812,50.093068],[19.297454,50.093022],[19.297316,50.092929],[19.297397,50.092752],[19.298127,50.092669],[19.29864,50.09248],[19.306221,50.089255],[19.304555,50.087164],[19.302468,50.085213],[19.300797,50.082586],[19.300173,50.081794],[19.299672,50.081561],[19.297979,50.081226],[19.297524,50.081338],[19.296416,50.082013],[19.295801,50.083052],[19.294985,50.084126],[19.292202,50.085341],[19.290186,50.085799],[19.288834,50.086264],[19.289253,50.088655],[19.289977,50.089603],[19.290656,50.090219],[19.294891,50.093012],[19.295204,50.093093],[19.295522,50.093082],[19.295613,50.093174],[19.29556,50.093312],[19.268158,50.100068],[19.270213,50.103708],[19.271847,50.103382],[19.272116,50.103444],[19.272582,50.103732],[19.27294,50.104061],[19.2734,50.105322],[19.274575,50.106226],[19.275779,50.108766],[19.27721,50.111396],[19.286335,50.110204],[19.286412,50.10426],[19.295452,50.103974],[19.297406,50.103661],[19.298185,50.103628],[19.300876,50.104112],[19.303974,50.097173],[19.30583,50.098378],[19.307459,50.09966],[19.307965,50.099877],[19.31034,50.10056],[19.310848,50.100846],[19.313075,50.102674],[19.313279,50.1027],[19.313482,50.102839],[19.313524,50.102987],[19.314131,50.103291],[19.31517,50.103612],[19.316151,50.103683],[19.316335,50.103636],[19.316639,50.103353],[19.316973,50.102821],[19.31764,50.101134],[19.318325,50.100168],[19.318402,50.099802],[19.321069,50.099968],[19.322437,50.099822],[19.323957,50.100316],[19.323108,50.101303],[19.323957,50.100316],[19.325708,50.100947],[19.326716,50.101194],[19.32878,50.101523],[19.3299,50.101916],[19.329735,50.102153],[19.329758,50.102718],[19.32874,50.102704],[19.329758,50.102718],[19.329735,50.102153],[19.330093,50.1016],[19.329782,50.09979],[19.329163,50.098146],[19.329681,50.096297],[19.329249,50.096218]]},"properties":{"line":"B","dir":"Libiąż Kopalnia Janina","mode":"bus"}},{"type":"Feature","geometry":{"type":"LineString","coordinates":[[19.387631,50.049442],[19.385645,50.049453],[19.384751,50.049553],[19.37333,50.051458],[19.372965,50.0516],[19.372623,50.051596],[19.371355,50.051849],[19.370212,50.05197],[19.362899,50.052128],[19.36151,50.051995],[19.359731,50.051631],[19.359293,50.051688],[19.358929,50.05191],[19.35844,50.052641],[19.358828,50.053757],[19.357996,50.055417],[19.356721,50.056588],[19.34949,50.062057],[19.349153,50.063207],[19.346355,50.059166],[19.344493,50.057882],[19.344375,50.057203],[19.344098,50.056522],[19.344375,50.057203],[19.344493,50.057882],[19.346355,50.059166],[19.349153,50.063207],[19.348844,50.065339],[19.350352,50.06737],[19.351568,50.071174],[19.351205,50.07299],[19.349777,50.075322],[19.349601,50.075494],[19.348957,50.075668],[19.348854,50.07579],[19.348228,50.078087],[19.348466,50.078961],[19.347657,50.078721],[19.345779,50.077737],[19.345426,50.0771],[19.345265,50.076198],[19.344544,50.07525],[19.343693,50.075362],[19.342645,50.075637],[19.341452,50.075508],[19.341115,50.075534],[19.340925,50.075835],[19.340892,50.076435],[19.339788,50.076666],[19.338597,50.076148],[19.337645,50.075045],[19.335969,50.074307],[19.335592,50.073928],[19.335969,50.074307],[19.337645,50.075045],[19.338474,50.076062],[19.340712,50.077121],[19.342726,50.078705],[19.343155,50.078901],[19.344211,50.079196],[19.344723,50.079944],[19.345533,50.080524],[19.346277,50.080721],[19.346456,50.080841],[19.349378,50.080455],[19.349761,50.080731],[19.350772,50.080789],[19.351072,50.080926],[19.351856,50.082533],[19.346304,50.083855],[19.325331,50.087767],[19.323534,50.087893],[19.320446,50.087385],[19.321291,50.091773],[19.321234,50.092151],[19.321073,50.092406],[19.318534,50.095265],[19.318658,50.096013],[19.319387,50.098212],[19.319517,50.098365],[19.321981,50.099675],[19.325708,50.100947],[19.326716,50.101194],[19.32878,50.101523],[19.3299,50.101916],[19.329715,50.102281],[19.330027,50.105017],[19.329807,50.106516],[19.33013,50.106769],[19.3303,50.106606],[19.330124,50.106412],[19.329994,50.106429],[19.329915,50.106564],[19.330217,50.106858],[19.332755,50.107791],[19.332098,50.108512],[19.331216,50.111283],[19.329999,50.111811],[19.327582,50.112479]]},"properties":{"line":"B","dir":"Libiąż PKP","mode":"bus"}},{"type":"Feature","geometry":{"type":"LineString","coordinates":[[19.327511,50.112369],[19.326752,50.112596],[19.326818,50.112693],[19.329071,50.11211],[19.330376,50.111672],[19.331216,50.111283],[19.332098,50.108512],[19.332755,50.107791],[19.329608,50.106676],[19.329714,50.106519],[19.329886,50.106542],[19.33013,50.106769],[19.3303,50.106606],[19.330188,50.106441],[19.330027,50.106406],[19.329893,50.106708],[19.329704,50.106733],[19.329591,50.106622],[19.329808,50.106215],[19.330027,50.105017],[19.329715,50.102281],[19.3299,50.101916],[19.32878,50.101523],[19.326716,50.101194],[19.325708,50.100947],[19.321981,50.099675],[19.319517,50.098365],[19.319387,50.098212],[19.318658,50.096013],[19.318534,50.095265],[19.321073,50.092406],[19.321286,50.091813],[19.321229,50.09112],[19.320446,50.087385],[19.323534,50.087893],[19.325331,50.087767],[19.346304,50.083855],[19.351856,50.082533],[19.351072,50.080926],[19.350772,50.080789],[19.349761,50.080731],[19.349378,50.080455],[19.346456,50.080841],[19.346277,50.080721],[19.345533,50.080524],[19.344723,50.079944],[19.344211,50.079196],[19.343155,50.078901],[19.342726,50.078705],[19.340712,50.077121],[19.338474,50.076062],[19.337645,50.075045],[19.335969,50.074307],[19.335592,50.073928],[19.335969,50.074307],[19.337645,50.075045],[19.338597,50.076148],[19.339788,50.076666],[19.340892,50.076435],[19.340925,50.075835],[19.341115,50.075534],[19.341452,50.075508],[19.342645,50.075637],[19.343693,50.075362],[19.344544,50.07525],[19.345265,50.076198],[19.345426,50.0771],[19.345779,50.077737],[19.347657,50.078721],[19.348466,50.078961],[19.348228,50.078087],[19.348854,50.07579],[19.348957,50.075668],[19.349601,50.075494],[19.349777,50.075322],[19.351205,50.07299],[19.351568,50.071174],[19.350352,50.06737],[19.348844,50.065339],[19.349153,50.063207],[19.346355,50.059166],[19.344493,50.057882],[19.344375,50.057203],[19.344098,50.056522],[19.344375,50.057203],[19.344493,50.057882],[19.346355,50.059166],[19.349153,50.063207],[19.34949,50.062057],[19.356721,50.056588],[19.357996,50.055417],[19.358828,50.053757],[19.35844,50.052641],[19.358929,50.05191],[19.358766,50.05187],[19.358929,50.05191],[19.359293,50.051688],[19.359642,50.05163],[19.36151,50.051995],[19.362899,50.052128],[19.370212,50.05197],[19.372015,50.051734],[19.372623,50.051596],[19.372899,50.051418],[19.37333,50.051458],[19.373981,50.051364],[19.384751,50.049553],[19.385645,50.049453],[19.387631,50.049442]]},"properties":{"line":"B","dir":"Mętków Mały","mode":"bus"}},{"type":"Feature","geometry":{"type":"LineString","coordinates":[[19.327511,50.112369],[19.326752,50.112596],[19.326818,50.112693],[19.329071,50.11211],[19.330376,50.111672],[19.331216,50.111283],[19.332098,50.108512],[19.332755,50.107791],[19.329608,50.106676],[19.329714,50.106519],[19.329886,50.106542],[19.33013,50.106769],[19.3303,50.106606],[19.330188,50.106441],[19.330027,50.106406],[19.329893,50.106708],[19.329704,50.106733],[19.329591,50.106622],[19.329808,50.106215],[19.330027,50.105017],[19.329715,50.102281],[19.3299,50.101916],[19.32878,50.101523],[19.326716,50.101194],[19.325708,50.100947],[19.321981,50.099675],[19.319517,50.098365],[19.319387,50.098212],[19.318658,50.096013],[19.318534,50.095265],[19.321073,50.092406],[19.321286,50.091813],[19.321229,50.09112],[19.320446,50.087385],[19.323534,50.087893],[19.325331,50.087767],[19.346304,50.083855],[19.351856,50.082533],[19.351072,50.080926],[19.350772,50.080789],[19.349761,50.080731],[19.349378,50.080455],[19.346456,50.080841],[19.346277,50.080721],[19.345533,50.080524],[19.344723,50.079944],[19.344211,50.079196],[19.343155,50.078901],[19.342726,50.078705],[19.340712,50.077121],[19.338474,50.076062],[19.337645,50.075045],[19.335969,50.074307],[19.335592,50.073928],[19.335969,50.074307],[19.337645,50.075045],[19.338597,50.076148],[19.339788,50.076666],[19.340892,50.076435],[19.340925,50.075835],[19.341115,50.075534],[19.341452,50.075508],[19.342645,50.075637],[19.343693,50.075362],[19.344544,50.07525],[19.345265,50.076198],[19.345426,50.0771],[19.345779,50.077737],[19.347657,50.078721],[19.348466,50.078961],[19.348228,50.078087],[19.348854,50.07579],[19.348957,50.075668],[19.349601,50.075494],[19.349777,50.075322],[19.351205,50.07299],[19.351568,50.071174],[19.350352,50.06737],[19.348844,50.065339],[19.349153,50.063207],[19.346355,50.059166],[19.344493,50.057882],[19.344375,50.057203],[19.344098,50.056522],[19.344375,50.057203],[19.344493,50.057882],[19.346355,50.059166],[19.349153,50.063207],[19.34949,50.062057],[19.356721,50.056588],[19.357996,50.055417],[19.358828,50.053757],[19.35844,50.052641],[19.358929,50.05191],[19.358766,50.05187],[19.358929,50.05191],[19.358897,50.051959]]},"properties":{"line":"B","dir":"Żarki Bębenki","mode":"bus"}},{"type":"Feature","geometry":{"type":"LineString","coordinates":[[19.454132,50.155317],[19.453605,50.155096],[19.453955,50.154817],[19.454566,50.155333],[19.454435,50.155638],[19.455877,50.156059],[19.456279,50.156057],[19.45641,50.156212],[19.456748,50.156354],[19.45966,50.157247],[19.460286,50.157297],[19.460299,50.157445],[19.460103,50.157499],[19.459669,50.158144],[19.459376,50.158225],[19.459669,50.158144],[19.460089,50.157547],[19.459958,50.157327],[19.460173,50.157254],[19.460542,50.157519],[19.465767,50.159116],[19.466311,50.15924],[19.466933,50.159265],[19.466627,50.159686],[19.465886,50.160132],[19.464115,50.160866],[19.462141,50.161423],[19.460667,50.162218],[19.458118,50.164598],[19.458034,50.164775],[19.458437,50.167497],[19.457942,50.16819],[19.456856,50.168932],[19.457,50.168986],[19.459499,50.168427],[19.460951,50.168243],[19.463524,50.168122],[19.464209,50.170785],[19.465332,50.172049],[19.466035,50.173252],[19.465332,50.172049],[19.464209,50.170785],[19.463524,50.168122],[19.464753,50.167912],[19.472163,50.167189],[19.473126,50.167151],[19.473198,50.166721],[19.473097,50.166388],[19.473176,50.167003],[19.472545,50.168587],[19.473296,50.173945],[19.473507,50.174012],[19.473296,50.173945],[19.473626,50.176482],[19.47433,50.177263],[19.474835,50.178106],[19.475094,50.17961],[19.475759,50.181305],[19.476231,50.181978],[19.476875,50.183675],[19.477128,50.183846],[19.479178,50.184188],[19.47957,50.184342],[19.479269,50.18482],[19.479327,50.185994],[19.479125,50.186424],[19.478586,50.186904],[19.476805,50.187836],[19.47543,50.188762],[19.471643,50.192616],[19.470287,50.194047],[19.464968,50.201202],[19.4634,50.202403],[19.461827,50.203022],[19.461608,50.202902],[19.461323,50.202879],[19.455475,50.200472],[19.450031,50.199505],[19.450098,50.19993],[19.450453,50.2007],[19.450195,50.202311],[19.45039,50.203436],[19.450238,50.204001],[19.450395,50.205098],[19.445619,50.205059],[19.44487,50.204741],[19.444395,50.204433],[19.444109,50.204044],[19.444177,50.203107],[19.444928,50.19863],[19.436651,50.197076],[19.434903,50.19652],[19.432577,50.196159],[19.432379,50.19606],[19.432235,50.195823],[19.432111,50.193793],[19.428077,50.19552],[19.426592,50.19667],[19.425548,50.197223],[19.422168,50.197935],[19.420567,50.198558],[19.418605,50.199672],[19.416982,50.199775],[19.414873,50.200326],[19.413915,50.200371],[19.412923,50.200686],[19.410091,50.200808],[19.407273,50.200683],[19.405963,50.201056],[19.403922,50.201388],[19.403744,50.201881],[19.403403,50.202154],[19.403401,50.202403],[19.404414,50.2039],[19.405535,50.204082],[19.406787,50.204092],[19.407278,50.203987],[19.408868,50.204376],[19.410131,50.204533],[19.412337,50.201243],[19.413096,50.200662],[19.413915,50.200371],[19.414873,50.200326],[19.417127,50.199756],[19.418018,50.198324],[19.421141,50.19812],[19.425548,50.197223],[19.426592,50.19667],[19.428077,50.19552],[19.432111,50.193793],[19.432235,50.195823],[19.432379,50.19606],[19.432577,50.196159],[19.434903,50.19652],[19.436651,50.197076],[19.444928,50.19863],[19.444177,50.203107],[19.444109,50.204044],[19.444395,50.204433],[19.44487,50.204741],[19.445619,50.205059],[19.450395,50.205098],[19.450238,50.204001],[19.450394,50.203522],[19.450195,50.202311],[19.450453,50.2007],[19.450098,50.19993],[19.450031,50.199505],[19.455475,50.200472],[19.461323,50.202879],[19.461608,50.202902],[19.461827,50.203022],[19.4634,50.202403],[19.464968,50.201202],[19.470287,50.194047],[19.471643,50.192616],[19.47543,50.188762],[19.476805,50.187836],[19.478586,50.186904],[19.479125,50.186424],[19.479327,50.185994],[19.479257,50.184898],[19.47943,50.18453],[19.479319,50.184475],[19.47943,50.18453],[19.47957,50.184342],[19.479178,50.184188],[19.477128,50.183846],[19.476875,50.183675],[19.476231,50.181978],[19.475759,50.181305],[19.475094,50.17961],[19.474835,50.178106],[19.47433,50.177263],[19.473626,50.176482],[19.472545,50.168587],[19.473176,50.167003],[19.473163,50.166542],[19.47298,50.166116],[19.472749,50.166145],[19.47298,50.166116],[19.473163,50.166542],[19.473126,50.167151],[19.472163,50.167189],[19.464753,50.167912],[19.463524,50.168122],[19.463771,50.169004],[19.46393,50.168988],[19.463771,50.169004],[19.464209,50.170785],[19.465332,50.172049],[19.466035,50.173252],[19.465332,50.172049],[19.464209,50.170785],[19.463524,50.168122],[19.460951,50.168243],[19.459499,50.168427],[19.456889,50.168962],[19.457942,50.16819],[19.458437,50.167497],[19.458034,50.164775],[19.458118,50.164598],[19.460667,50.162218],[19.462141,50.161423],[19.464115,50.160866],[19.465886,50.160132],[19.466765,50.159558],[19.46673,50.159274],[19.465767,50.159116],[19.460251,50.157477],[19.460103,50.157499],[19.459669,50.158144],[19.459376,50.158225],[19.459669,50.158144],[19.459947,50.157775],[19.460103,50.157499],[19.459948,50.157406],[19.45966,50.157247],[19.456748,50.156354],[19.456095,50.156295],[19.455843,50.156109],[19.454435,50.155638],[19.454552,50.155479],[19.454132,50.155317]]},"properties":{"line":"La","dir":"Trzebinia PKP","mode":"bus"}},{"type":"Feature","geometry":{"type":"LineString","coordinates":[[19.454132,50.155317],[19.453605,50.155096],[19.453955,50.154817],[19.454566,50.155333],[19.454435,50.155638],[19.455877,50.156059],[19.456279,50.156057],[19.45641,50.156212],[19.456748,50.156354],[19.45966,50.157247],[19.460227,50.157266],[19.460542,50.157519],[19.465767,50.159116],[19.466311,50.15924],[19.466933,50.159265],[19.466627,50.159686],[19.466765,50.159558],[19.46673,50.159274],[19.467683,50.159109],[19.469348,50.158476],[19.471062,50.16012],[19.471805,50.161819],[19.471719,50.164372],[19.472584,50.165188],[19.473198,50.166721],[19.473126,50.167151],[19.472595,50.168281],[19.472545,50.168587],[19.473296,50.173945],[19.473507,50.174012],[19.473296,50.173945],[19.473626,50.176482],[19.47433,50.177263],[19.474835,50.178106],[19.475094,50.17961],[19.475759,50.181305],[19.476231,50.181978],[19.476843,50.183613],[19.477041,50.183815],[19.479178,50.184188],[19.47957,50.184342],[19.479649,50.184293],[19.47957,50.184342],[19.479878,50.184486],[19.480588,50.184684],[19.482283,50.184946],[19.484177,50.185077],[19.485226,50.185064],[19.493561,50.18399],[19.494428,50.183939],[19.496788,50.184067],[19.507911,50.185413],[19.508609,50.185363],[19.509678,50.185046],[19.510248,50.18499],[19.514587,50.185426],[19.515921,50.186035],[19.521183,50.188152],[19.521777,50.188556],[19.524954,50.191741],[19.525493,50.192134],[19.530973,50.193717],[19.536482,50.194614],[19.5377,50.19474],[19.537861,50.194928],[19.537864,50.19529],[19.536753,50.195799],[19.536103,50.196338],[19.535743,50.19679],[19.535749,50.197041],[19.536129,50.197694],[19.53646,50.197993],[19.540501,50.199142],[19.544718,50.200507],[19.552601,50.202472],[19.55399,50.202744],[19.554725,50.204286],[19.554835,50.205695],[19.555754,50.207055]]},"properties":{"line":"Lb","dir":"Lgota","mode":"bus"}},{"type":"Feature","geometry":{"type":"LineString","coordinates":[[19.47069,50.193628],[19.47543,50.188762],[19.476805,50.187836],[19.478586,50.186904],[19.479125,50.186424],[19.479327,50.185994],[19.479257,50.184898],[19.47943,50.18453],[19.479319,50.184475],[19.47943,50.18453],[19.47957,50.184342],[19.479178,50.184188],[19.477128,50.183846],[19.476875,50.183675],[19.476231,50.181978],[19.475759,50.181305],[19.475094,50.17961],[19.474835,50.178106],[19.47433,50.177263],[19.473626,50.176482],[19.472545,50.168587],[19.472595,50.168281],[19.473126,50.167151],[19.473198,50.166721],[19.472584,50.165188],[19.471719,50.164372],[19.471805,50.161819],[19.471363,50.160698],[19.471062,50.16012],[19.469348,50.158476],[19.467683,50.159109],[19.46673,50.159274],[19.465767,50.159116],[19.460251,50.157477],[19.460103,50.157499],[19.459669,50.158144],[19.459376,50.158225],[19.459669,50.158144],[19.459947,50.157775],[19.460103,50.157499],[19.459948,50.157406],[19.45966,50.157247],[19.456748,50.156354],[19.456095,50.156295],[19.455843,50.156109],[19.454435,50.155638],[19.454552,50.155479],[19.454132,50.155317]]},"properties":{"line":"Lb","dir":"Trzebinia PKP","mode":"bus"}},{"type":"Feature","geometry":{"type":"LineString","coordinates":[[19.454132,50.155317],[19.453605,50.155096],[19.453955,50.154817],[19.454566,50.155333],[19.454435,50.155638],[19.455877,50.156059],[19.456279,50.156057],[19.45641,50.156212],[19.456748,50.156354],[19.45966,50.157247],[19.460227,50.157266],[19.460542,50.157519],[19.465767,50.159116],[19.466311,50.15924],[19.466933,50.159265],[19.466627,50.159686],[19.466765,50.159558],[19.46673,50.159274],[19.467683,50.159109],[19.469348,50.158476],[19.471062,50.16012],[19.471782,50.161694],[19.471719,50.164372],[19.472584,50.165188],[19.473198,50.166721],[19.473126,50.167151],[19.472595,50.168281],[19.472545,50.168587],[19.473296,50.173945],[19.473507,50.174012],[19.473296,50.173945],[19.473626,50.176482],[19.47433,50.177263],[19.474835,50.178106],[19.475094,50.17961],[19.475759,50.181305],[19.476231,50.181978],[19.476919,50.183733],[19.477241,50.183873],[19.479178,50.184188],[19.47957,50.184342],[19.479649,50.184293],[19.47957,50.184342],[19.479878,50.184486],[19.480588,50.184684],[19.482892,50.185009],[19.484917,50.185084],[19.48746,50.18643],[19.491486,50.188837],[19.49461,50.190307],[19.4993,50.192908],[19.500996,50.193963],[19.502284,50.195163],[19.510206,50.201136],[19.510611,50.201682],[19.510639,50.202416],[19.510993,50.203465]]},"properties":{"line":"Lc","dir":"Płoki Centrum","mode":"bus"}},{"type":"Feature","geometry":{"type":"LineString","coordinates":[[19.510924,50.20325],[19.510639,50.202416],[19.510611,50.201682],[19.510206,50.201136],[19.502284,50.195163],[19.500996,50.193963],[19.4993,50.192908],[19.49461,50.190307],[19.491486,50.188837],[19.48746,50.18643],[19.484917,50.185084],[19.482892,50.185009],[19.480588,50.184684],[19.479895,50.184492],[19.479178,50.184188],[19.477241,50.183873],[19.476919,50.183733],[19.476231,50.181978],[19.475759,50.181305],[19.475094,50.17961],[19.474835,50.178106],[19.47433,50.177263],[19.473626,50.176482],[19.472545,50.168587],[19.472595,50.168281],[19.473126,50.167151],[19.473198,50.166721],[19.472584,50.165188],[19.471719,50.164372],[19.471782,50.161694],[19.471062,50.16012],[19.469348,50.158476],[19.467683,50.159109],[19.46673,50.159274],[19.465767,50.159116],[19.460251,50.157477],[19.460103,50.157499],[19.459669,50.158144],[19.459376,50.158225],[19.459669,50.158144],[19.459947,50.157775],[19.460103,50.157499],[19.459948,50.157406],[19.45966,50.157247],[19.456748,50.156354],[19.456095,50.156295],[19.455843,50.156109],[19.454435,50.155638],[19.454552,50.155479],[19.454132,50.155317]]},"properties":{"line":"Lc","dir":"Trzebinia PKP","mode":"bus"}},{"type":"Feature","geometry":{"type":"LineString","coordinates":[[19.414339,50.143308],[19.413143,50.14285],[19.411663,50.141585],[19.415803,50.140126],[19.421566,50.137052],[19.422529,50.136051],[19.422542,50.13592],[19.422671,50.135868],[19.425582,50.132229],[19.426454,50.130717],[19.427862,50.129534],[19.428071,50.129161],[19.428312,50.129127],[19.428723,50.128836],[19.431841,50.125696],[19.434441,50.123406],[19.438603,50.121287],[19.439422,50.121198],[19.458425,50.120982],[19.45845,50.121627],[19.458599,50.121848],[19.461824,50.123457],[19.462012,50.123629],[19.462092,50.125685],[19.461905,50.126683],[19.461974,50.127584],[19.462249,50.127932],[19.463499,50.128627],[19.463649,50.128208],[19.465305,50.126615],[19.466071,50.123017],[19.4671,50.121523],[19.467396,50.120664],[19.469408,50.120524],[19.472502,50.120098],[19.473839,50.119817],[19.478136,50.118625],[19.480986,50.117167],[19.479549,50.115267],[19.479051,50.114243],[19.47856,50.113912],[19.478455,50.113974]]},"properties":{"line":"P","dir":"Bolęcin Szkoła","mode":"bus"}},{"type":"Feature","geometry":{"type":"LineString","coordinates":[[19.464148,50.098762],[19.464839,50.099645],[19.467608,50.100817],[19.467976,50.101044],[19.469566,50.102831],[19.471664,50.104218],[19.473133,50.105388],[19.47328,50.105313],[19.473133,50.105388],[19.473567,50.105948],[19.474385,50.106561],[19.475255,50.107382],[19.475707,50.108129],[19.475868,50.10929],[19.476163,50.109894],[19.477695,50.111464],[19.478288,50.112976],[19.478511,50.113873],[19.479051,50.114243],[19.479549,50.115267],[19.480397,50.116402],[19.480051,50.116622],[19.479902,50.117425],[19.480067,50.117611],[19.478136,50.118625],[19.473278,50.119954],[19.469408,50.120524],[19.467396,50.120664],[19.4671,50.121523],[19.466071,50.123017],[19.465305,50.126615],[19.463649,50.128208],[19.463499,50.128627],[19.462249,50.127932],[19.461974,50.127584],[19.461905,50.126683],[19.462092,50.125685],[19.462012,50.123629],[19.461824,50.123457],[19.458599,50.121848],[19.45845,50.121627],[19.458425,50.120982],[19.439422,50.121198],[19.438603,50.121287],[19.434441,50.123406],[19.431841,50.125696],[19.428594,50.128944],[19.428405,50.12929],[19.427862,50.129534],[19.426454,50.130717],[19.425824,50.131902],[19.422828,50.135636],[19.422885,50.135946],[19.423793,50.136186],[19.423907,50.136073],[19.423793,50.136186],[19.427273,50.137833],[19.426075,50.137328],[19.423943,50.136234],[19.423352,50.136077],[19.42296,50.136052],[19.422557,50.136139],[19.422171,50.1364],[19.421566,50.137052],[19.416576,50.139761],[19.414943,50.140456],[19.411663,50.141585],[19.413143,50.14285],[19.413728,50.143116],[19.415215,50.14358],[19.415365,50.143337],[19.415207,50.142812],[19.414343,50.142562],[19.414228,50.142672],[19.414646,50.142803],[19.414464,50.143072],[19.41454,50.143095]]},"properties":{"line":"P","dir":"Chrzanów Trzebińska","mode":"bus"}},{"type":"Feature","geometry":{"type":"LineString","coordinates":[[19.414339,50.143308],[19.413143,50.14285],[19.411663,50.141585],[19.415803,50.140126],[19.421566,50.137052],[19.422529,50.136051],[19.422542,50.13592],[19.422671,50.135868],[19.425582,50.132229],[19.426454,50.130717],[19.427862,50.129534],[19.428071,50.129161],[19.428312,50.129127],[19.428723,50.128836],[19.431841,50.125696],[19.434441,50.123406],[19.438603,50.121287],[19.439422,50.121198],[19.458425,50.120982],[19.45845,50.121627],[19.458599,50.121848],[19.461824,50.123457],[19.462012,50.123629],[19.462092,50.125685],[19.461905,50.126683],[19.461974,50.127584],[19.462249,50.127932],[19.463499,50.128627],[19.463649,50.128208],[19.465305,50.126615],[19.466071,50.123017],[19.4671,50.121523],[19.467396,50.120664],[19.469408,50.120524],[19.472502,50.120098],[19.473839,50.119817],[19.478136,50.118625],[19.480986,50.117167],[19.479549,50.115267],[19.479051,50.114243],[19.47856,50.113912],[19.478455,50.113974],[19.47856,50.113912],[19.477804,50.11164],[19.476163,50.109894],[19.475868,50.10929],[19.475707,50.108129],[19.475255,50.107382],[19.474385,50.106561],[19.473567,50.105948],[19.472974,50.10524],[19.471664,50.104218],[19.469566,50.102831],[19.467976,50.101044],[19.467608,50.100817],[19.464839,50.099645],[19.464148,50.098762]]},"properties":{"line":"P","dir":"Płaza Górna Kościół","mode":"bus"}},{"type":"Feature","geometry":{"type":"LineString","coordinates":[[19.454132,50.155317],[19.453605,50.155096],[19.453955,50.154817],[19.454566,50.155333],[19.454435,50.155638],[19.455877,50.156059],[19.456279,50.156057],[19.45641,50.156212],[19.456748,50.156354],[19.45966,50.157247],[19.460227,50.157266],[19.460542,50.157519],[19.465767,50.159116],[19.466311,50.15924],[19.466933,50.159265],[19.466881,50.159434],[19.466203,50.159969],[19.465177,50.160463],[19.463975,50.160912],[19.462141,50.161423],[19.461196,50.161905],[19.460378,50.162443],[19.458438,50.164355],[19.457902,50.164709],[19.455337,50.165411],[19.452899,50.165891],[19.451035,50.166464],[19.449986,50.166577],[19.446989,50.166608],[19.443348,50.167282],[19.442457,50.167637],[19.440702,50.168545],[19.437786,50.169438],[19.436195,50.170249],[19.43477,50.171135],[19.434658,50.171326],[19.434576,50.172098],[19.43483,50.172242],[19.43535,50.172363],[19.436873,50.173081],[19.438847,50.174116],[19.439865,50.174522],[19.439931,50.174456],[19.439865,50.174522],[19.441103,50.175051],[19.443709,50.175783],[19.446691,50.177032],[19.448235,50.177242],[19.453711,50.177716],[19.454033,50.177616],[19.45417,50.177649],[19.454352,50.178283],[19.454688,50.178644],[19.457519,50.179607],[19.458529,50.180201],[19.45702,50.181088],[19.456495,50.181622],[19.456358,50.182033],[19.456396,50.183487],[19.456303,50.183844],[19.455832,50.184229],[19.454173,50.184894],[19.453973,50.185241],[19.454173,50.184894],[19.42939,50.194915],[19.427908,50.195609],[19.426592,50.19667],[19.42546,50.197251],[19.426471,50.196751],[19.428077,50.19552],[19.432111,50.193793],[19.432235,50.195823],[19.432379,50.19606],[19.432577,50.196159],[19.434903,50.19652],[19.436651,50.197076],[19.444928,50.19863],[19.455475,50.200472],[19.461323,50.202879],[19.461608,50.202902],[19.461827,50.203022],[19.4634,50.202403],[19.464683,50.20148],[19.465132,50.20098],[19.468921,50.20216],[19.46937,50.202473],[19.470425,50.203914],[19.470823,50.203919],[19.472817,50.20485],[19.47393,50.205237],[19.475169,50.206345],[19.476743,50.20715],[19.476963,50.207459],[19.477013,50.207775],[19.476658,50.208945],[19.47804,50.209028],[19.481651,50.209053],[19.483045,50.209243],[19.483738,50.209232],[19.487403,50.208841],[19.490641,50.208278],[19.491589,50.20821],[19.494142,50.208567],[19.498068,50.208553],[19.500755,50.208668],[19.502689,50.208834],[19.505452,50.209205],[19.506636,50.209154],[19.507668,50.208916],[19.50933,50.208202],[19.512373,50.206538],[19.513598,50.205577],[19.514185,50.204907],[19.511875,50.204283],[19.511599,50.204175],[19.511199,50.203839],[19.510639,50.202416],[19.510611,50.201682],[19.510206,50.201136],[19.502284,50.195163],[19.500996,50.193963],[19.4993,50.192908],[19.496257,50.191193],[19.49413,50.190068],[19.491486,50.188837],[19.48746,50.18643],[19.484917,50.185084],[19.482283,50.184946],[19.4804,50.184645],[19.47957,50.184342],[19.479649,50.184293],[19.47957,50.184342],[19.479712,50.184415],[19.4804,50.184645],[19.482283,50.184946],[19.484917,50.185084],[19.493561,50.18399],[19.494428,50.183939],[19.494395,50.182588],[19.494593,50.182256],[19.496117,50.181966],[19.496825,50.181744],[19.499175,50.18069],[19.500915,50.180082],[19.504839,50.178331],[19.507702,50.177215],[19.512641,50.175141],[19.515383,50.174061],[19.516983,50.173602],[19.517816,50.173197],[19.519742,50.171779],[19.521175,50.17158],[19.52468,50.171383],[19.525535,50.171153],[19.526329,50.171283],[19.526642,50.171252],[19.526874,50.171362],[19.527582,50.171439],[19.529177,50.171173],[19.530796,50.17147],[19.531223,50.171734],[19.5315,50.172034],[19.530881,50.171507],[19.52974,50.171252],[19.529177,50.171173],[19.527582,50.171439],[19.526758,50.171315],[19.525163,50.170288],[19.523072,50.169494],[19.521059,50.168398],[19.520765,50.168116],[19.520367,50.167345],[19.519776,50.166635],[19.51953,50.166146],[19.519216,50.16461],[19.519582,50.163772],[19.51974,50.162568],[19.520331,50.161587],[19.51988,50.160822],[19.519806,50.160508],[19.520526,50.159465],[19.520697,50.157829],[19.520598,50.156768],[19.520748,50.155904],[19.521427,50.154047],[19.521824,50.150761],[19.521799,50.147535],[19.521653,50.147534],[19.521799,50.147535],[19.521759,50.142439],[19.517262,50.142438],[19.515974,50.1426],[19.495462,50.148674],[19.495098,50.148723],[19.49203,50.149729],[19.479662,50.156221],[19.473565,50.158236],[19.47294,50.158537],[19.472533,50.158399],[19.470806,50.15827],[19.470106,50.158301],[19.469348,50.158476],[19.471188,50.16032],[19.471805,50.161819],[19.471719,50.164372],[19.472584,50.165188],[19.473097,50.166388]]},"properties":{"line":"N","dir":"Trzebinia Piłsudskiego Kościół","mode":"bus"}}]}