{"type":"FeatureCollection","features":[{"type":"Feature","geometry":{"type":"Point","coordinates":[19.395759,50.131113]},"properties":{"lines":"3, 30","color":"#0059a9","mode":"bus","arr":["3","30"],"angle":-45.9}},{"type":"Feature","geometry":{"type":"Point","coordinates":[19.39313,50.129258]},"properties":{"lines":"3, 30","color":"#0059a9","mode":"bus","arr":["3","30"],"angle":-45.6,"extra":1,"ei":0}},{"type":"Feature","geometry":{"type":"Point","coordinates":[19.397151,50.132013]},"properties":{"lines":"3, 30","color":"#0059a9","mode":"bus","arr":["3","30"],"angle":-46.6,"extra":1,"ei":1}},{"type":"Feature","geometry":{"type":"Point","coordinates":[19.39912,50.133418]},"properties":{"lines":"3, 30","color":"#0059a9","mode":"bus","arr":["3","30"],"angle":-46.6,"extra":1,"ei":2}},{"type":"Feature","geometry":{"type":"Point","coordinates":[19.399995,50.133372]},"properties":{"lines":"3, 30","color":"#0059a9","mode":"bus","arr":["3","30"],"angle":34.2,"mi":1}},{"type":"Feature","geometry":{"type":"Point","coordinates":[19.400953,50.133715]},"properties":{"lines":"3, 8, 31, 38","color":"#0059a9","mode":"bus","arr":["3","8","31","38"],"angle":-67.9,"mi":2}},{"type":"Feature","geometry":{"type":"Point","coordinates":[19.401712,50.134857]},"properties":{"lines":"3, 8, 38","color":"#0059a9","mode":"bus","arr":["3","8","38"],"angle":-66.5,"side":-1}},{"type":"Feature","geometry":{"type":"Point","coordinates":[19.404393,50.136942]},"properties":{"lines":"3, 8, 9, 15, 25, 30, 32a, 32b, 38","color":"#0059a9","mode":"bus","arr":["3","8","9","15","25","30","32a","32b","38"],"angle":-45}},{"type":"Feature","geometry":{"type":"Point","coordinates":[19.409142,50.14003]},"properties":{"lines":"3, 8, 9, 15, 17b, 25, 30, 32a, 35, 38","color":"#0059a9","mode":"bus","arr":["3","8","9","15","17b","25","30","32a","35","38"],"angle":-45.5}},{"type":"Feature","geometry":{"type":"Point","coordinates":[19.407732,50.139092]},"properties":{"lines":"3, 8, 9, 15, 17b, 25, 30, 32a, 35, 38","color":"#0059a9","mode":"bus","arr":["3","8","9","15","17b","25","30","32a","35","38"],"angle":-46.1,"extra":1,"ei":0}},{"type":"Feature","geometry":{"type":"Point","coordinates":[19.411297,50.141693]},"properties":{"lines":"3, 8, 9, 15, 17a, 17b, 25, 30, 31, 31B, 32a, 32b, 35, 38","color":"#0059a9","mode":"bus","arr":["3","8","9","15","17a","17b","25","30","31","31B","32a","32b","35","38"],"angle":20.3}},{"type":"Feature","geometry":{"type":"Point","coordinates":[19.410924,50.142015]},"properties":{"lines":"3, 8, 9, 15, 17a, 17b, 25, 30, 31, 31B, 32a, 32b, 35, 38","color":"#0059a9","mode":"bus","arr":["3","8","9","15","17a","17b","25","30","31","31B","32a","32b","35","38"],"angle":-86.6,"side":-1,"mi":1}},{"type":"Feature","geometry":{"type":"Point","coordinates":[19.41141,50.142413]},"properties":{"lines":"3, 8, 9, 10, 15, 17a, 17b, 25, 29, 30, 31, 31B, 32a, 32b, 33, 35, 38","color":"#0059a9","mode":"bus","arr":["3","8","9","10","15","17a","17b","25","29","30","31","31B","32a","32b","33","35","38"],"angle":-26.2}},{"type":"Feature","geometry":{"type":"Point","coordinates":[19.410479,50.142123]},"properties":{"lines":"3, 8, 10, 15, 17a, 17b, 25, 29, 30, 31, 31B, 32a, 32b, 33, 35, 38","color":"#0059a9","mode":"bus","arr":["3","8","10","15","17a","17b","25","29","30","31","31B","32a","32b","33","35","38"],"angle":-28.2}},{"type":"Feature","geometry":{"type":"Point","coordinates":[19.408352,50.142174]},"properties":{"lines":"3, 8, 10, 15, 25, 29, 30, 31, 31B, 32a, 32b, 33, 38","color":"#0059a9","mode":"bus","arr":["3","8","10","15","25","29","30","31","31B","32a","32b","33","38"],"angle":13.4,"mi":3}},{"type":"Feature","geometry":{"type":"Point","coordinates":[19.406199,50.143097]},"properties":{"lines":"3, 8, 10, 15, 25, 29, 30, 31, 31B, 32a, 32b, 33, 38","color":"#0059a9","mode":"bus","arr":["3","8","10","15","25","29","30","31","31B","32a","32b","33","38"],"angle":27.6}},{"type":"Feature","geometry":{"type":"Point","coordinates":[19.404819,50.143678]},"properties":{"lines":"3, 8, 10, 15, 25, 29, 30, 31, 31B, 32a, 32b, 33, 38","color":"#0059a9","mode":"bus","arr":["3","8","10","15","25","29","30","31","31B","32a","32b","33","38"],"angle":19.2,"side":-1,"mi":1}},{"type":"Feature","geometry":{"type":"Point","coordinates":[19.404103,50.14381]},"properties":{"lines":"3, 8, 9, 10, 15, 25, 29, 30, 31, 31B, 32a, 32b, 33, 38","color":"#0059a9","mode":"bus","arr":["3","8","9","10","15","25","29","30","31","31B","32a","32b","33","38"],"angle":15.9}},{"type":"Feature","geometry":{"type":"Point","coordinates":[19.404396,50.144162]},"properties":{"lines":"3, 8, 10, 15, 25, 29, 30, 31, 31B, 32a, 32b, 33, 38","color":"#0059a9","mode":"bus","arr":["3","8","10","15","25","29","30","31","31B","32a","32b","33","38"],"angle":7.1,"mi":2}},{"type":"Feature","geometry":{"type":"Point","coordinates":[19.405366,50.144132]},"properties":{"lines":"3, 8, 10, 15, 25, 29, 30, 31, 32a, 32b, 33, 38","color":"#0059a9","mode":"bus","arr":["3","8","10","15","25","29","30","31","32a","32b","33","38"],"angle":-2.1}},{"type":"Feature","geometry":{"type":"Point","coordinates":[19.405147,50.143949]},"properties":{"lines":"3, 8, 9, 15, 25, 29, 30, 31, 32a, 32b, 33, 38","color":"#0059a9","mode":"bus","arr":["3","8","9","15","25","29","30","31","32a","32b","33","38"],"angle":-21,"side":-1}},{"type":"Feature","geometry":{"type":"Point","coordinates":[19.401611,50.144258]},"properties":{"lines":"3, 8, 9, 15, 25, 29, 30, 31, 32a, 32b, 33, 38","color":"#0059a9","mode":"bus","arr":["3","8","9","15","25","29","30","31","32a","32b","33","38"],"angle":4.5,"mi":1}},{"type":"Feature","geometry":{"type":"Point","coordinates":[19.399458,50.144117]},"properties":{"lines":"3, 8, 9, 15, 25, 29, 30, 31, 32a, 32b, 33, 38","color":"#0059a9","mode":"bus","arr":["3","8","9","15","25","29","30","31","32a","32b","33","38"],"angle":-8.2,"extra":1,"ei":0,"side":-1}},{"type":"Feature","geometry":{"type":"Point","coordinates":[19.397306,50.14153]},"properties":{"lines":"3, 8, 9, 15, 25, 30, 31, 32a, 32b, 38","color":"#0059a9","mode":"bus","arr":["3","8","9","15","25","30","31","32a","32b","38"],"angle":-63.6,"mi":2}},{"type":"Feature","geometry":{"type":"Point","coordinates":[19.398355,50.14296]},"properties":{"lines":"3, 8, 9, 15, 25, 30, 31, 32a, 32b, 38","color":"#0059a9","mode":"bus","arr":["3","8","9","15","25","30","31","32a","32b","38"],"angle":-65,"extra":1,"ei":0}},{"type":"Feature","geometry":{"type":"Point","coordinates":[19.395621,50.139631]},"properties":{"lines":"3, 8, 9, 15, 25, 30, 31, 32a, 32b, 38","color":"#0059a9","mode":"bus","arr":["3","8","9","15","25","30","31","32a","32b","38"],"angle":-43.5,"extra":1,"ei":1}},{"type":"Feature","geometry":{"type":"Point","coordinates":[19.395769,50.139056]},"properties":{"lines":"3, 8, 9, 15, 25, 30, 31, 32a, 32b, 38","color":"#0059a9","mode":"bus","arr":["3","8","9","15","25","30","31","32a","32b","38"],"angle":38.5,"mi":1}},{"type":"Feature","geometry":{"type":"Point","coordinates":[19.397014,50.138313]},"properties":{"lines":"3, 8, 9, 15, 25, 30, 31, 32a, 32b, 38","color":"#0059a9","mode":"bus","arr":["3","8","9","15","25","30","31","32a","32b","38"],"angle":69.6}},{"type":"Feature","geometry":{"type":"Point","coordinates":[19.399685,50.136668]},"properties":{"lines":"3, 8, 9, 15, 25, 30, 31, 32a, 32b, 38","color":"#0059a9","mode":"bus","arr":["3","8","9","15","25","30","31","32a","32b","38"],"angle":34.1,"mi":3}},{"type":"Feature","geometry":{"type":"Point","coordinates":[19.401686,50.135191]},"properties":{"lines":"3, 8, 31, 38","color":"#0059a9","mode":"bus","arr":["3","8","31","38"],"angle":-46.7,"mi":1}},{"type":"Feature","geometry":{"type":"Point","coordinates":[19.401279,50.134593]},"properties":{"lines":"3, 8, 31, 38","color":"#0059a9","mode":"bus","arr":["3","8","31","38"],"angle":86.5,"side":-1}},{"type":"Feature","geometry":{"type":"Point","coordinates":[19.400063,50.131379]},"properties":{"lines":"8, 30, 31, 38","color":"#0059a9","mode":"bus","arr":["8","30","31","38"],"angle":84.9}},{"type":"Feature","geometry":{"type":"Point","coordinates":[19.386145,50.115575]},"properties":{"lines":"8, 38","color":"#0059a9","mode":"bus","arr":["8","38"],"angle":-44.9}},{"type":"Feature","geometry":{"type":"Point","coordinates":[19.399496,50.12851]},"properties":{"lines":"8, 38","color":"#0059a9","mode":"bus","arr":["8","38"],"angle":-75.2,"extra":1,"ei":0}},{"type":"Feature","geometry":{"type":"Point","coordinates":[19.398749,50.126683]},"properties":{"lines":"8, 38","color":"#0059a9","mode":"bus","arr":["8","38"],"angle":-75.3,"extra":1,"ei":1}},{"type":"Feature","geometry":{"type":"Point","coordinates":[19.397398,50.125029]},"properties":{"lines":"8, 38","color":"#0059a9","mode":"bus","arr":["8","38"],"angle":-53.9,"extra":1,"ei":2}},{"type":"Feature","geometry":{"type":"Point","coordinates":[19.395047,50.123937]},"properties":{"lines":"8, 38","color":"#0059a9","mode":"bus","arr":["8","38"],"angle":-28.3,"extra":1,"ei":3}},{"type":"Feature","geometry":{"type":"Point","coordinates":[19.392609,50.122905]},"properties":{"lines":"8, 38","color":"#0059a9","mode":"bus","arr":["8","38"],"angle":-51.8,"extra":1,"ei":4}},{"type":"Feature","geometry":{"type":"Point","coordinates":[19.391733,50.12113]},"properties":{"lines":"8, 38","color":"#0059a9","mode":"bus","arr":["8","38"],"angle":-82.1,"extra":1,"ei":5}},{"type":"Feature","geometry":{"type":"Point","coordinates":[19.390993,50.119332]},"properties":{"lines":"8, 38","color":"#0059a9","mode":"bus","arr":["8","38"],"angle":-54.2,"extra":1,"ei":6}},{"type":"Feature","geometry":{"type":"Point","coordinates":[19.389169,50.117848]},"properties":{"lines":"8, 38","color":"#0059a9","mode":"bus","arr":["8","38"],"angle":-51.8,"extra":1,"ei":7}},{"type":"Feature","geometry":{"type":"Point","coordinates":[19.383165,50.113703]},"properties":{"lines":"8, 38","color":"#0059a9","mode":"bus","arr":["8","38"],"angle":-45,"extra":1,"ei":8}},{"type":"Feature","geometry":{"type":"Point","coordinates":[19.381476,50.112167]},"properties":{"lines":"8, 38","color":"#0059a9","mode":"bus","arr":["8","38"],"angle":-59.7,"extra":1,"ei":9}},{"type":"Feature","geometry":{"type":"Point","coordinates":[19.380002,50.110532]},"properties":{"lines":"8, 38","color":"#0059a9","mode":"bus","arr":["8","38"],"angle":-59.9,"extra":1,"ei":10}},{"type":"Feature","geometry":{"type":"Point","coordinates":[19.379123,50.108764]},"properties":{"lines":"8, 38","color":"#0059a9","mode":"bus","arr":["8","38"],"angle":-84.9,"extra":1,"ei":11}},{"type":"Feature","geometry":{"type":"Point","coordinates":[19.378835,50.106885]},"properties":{"lines":"8, 38","color":"#0059a9","mode":"bus","arr":["8","38"],"angle":-84.5,"extra":1,"ei":12}},{"type":"Feature","geometry":{"type":"Point","coordinates":[19.378883,50.105003]},"properties":{"lines":"8, 38","color":"#0059a9","mode":"bus","arr":["8","38"],"angle":81.9,"extra":1,"ei":13}},{"type":"Feature","geometry":{"type":"Point","coordinates":[19.377903,50.103409]},"properties":{"lines":"8, 38","color":"#0059a9","mode":"bus","arr":["8","38"],"angle":-53.8,"extra":1,"ei":14}},{"type":"Feature","geometry":{"type":"Point","coordinates":[19.377321,50.101575]},"properties":{"lines":"8, 38","color":"#0059a9","mode":"bus","arr":["8","38"],"angle":-84.2,"extra":1,"ei":15}},{"type":"Feature","geometry":{"type":"Point","coordinates":[19.376132,50.089874]},"properties":{"lines":"8, 38","color":"#0059a9","mode":"bus","arr":["8","38"],"angle":-86.8}},{"type":"Feature","geometry":{"type":"Point","coordinates":[19.377013,50.09938]},"properties":{"lines":"8, 38","color":"#0059a9","mode":"bus","arr":["8","38"],"angle":-86.7,"extra":1,"ei":0}},{"type":"Feature","geometry":{"type":"Point","coordinates":[19.376842,50.097495]},"properties":{"lines":"8, 38","color":"#0059a9","mode":"bus","arr":["8","38"],"angle":-86.7,"extra":1,"ei":1}},{"type":"Feature","geometry":{"type":"Point","coordinates":[19.376671,50.095609]},"properties":{"lines":"8, 38","color":"#0059a9","mode":"bus","arr":["8","38"],"angle":-86.6,"extra":1,"ei":2}},{"type":"Feature","geometry":{"type":"Point","coordinates":[19.376493,50.093724]},"properties":{"lines":"8, 38","color":"#0059a9","mode":"bus","arr":["8","38"],"angle":-86.5,"extra":1,"ei":3}},{"type":"Feature","geometry":{"type":"Point","coordinates":[19.376316,50.091839]},"properties":{"lines":"8, 38","color":"#0059a9","mode":"bus","arr":["8","38"],"angle":-86.5,"extra":1,"ei":4}},{"type":"Feature","geometry":{"type":"Point","coordinates":[19.375988,50.088068]},"properties":{"lines":"8, 38","color":"#0059a9","mode":"bus","arr":["8","38"],"angle":-87.1,"extra":1,"ei":5}},{"type":"Feature","geometry":{"type":"Point","coordinates":[19.37584,50.086182]},"properties":{"lines":"8, 38","color":"#0059a9","mode":"bus","arr":["8","38"],"angle":-87.1,"extra":1,"ei":6}},{"type":"Feature","geometry":{"type":"Point","coordinates":[19.375684,50.084296]},"properties":{"lines":"8, 38","color":"#0059a9","mode":"bus","arr":["8","38"],"angle":-86.9,"extra":1,"ei":7}},{"type":"Feature","geometry":{"type":"Point","coordinates":[19.375524,50.08241]},"properties":{"lines":"8, 38","color":"#0059a9","mode":"bus","arr":["8","38"],"angle":-86.8,"extra":1,"ei":8}},{"type":"Feature","geometry":{"type":"Point","coordinates":[19.37536,50.080524]},"properties":{"lines":"8, 38","color":"#0059a9","mode":"bus","arr":["8","38"],"angle":-86.8,"extra":1,"ei":9}},{"type":"Feature","geometry":{"type":"Point","coordinates":[19.37102,50.080918]},"properties":{"lines":"8, 38","color":"#0059a9","mode":"bus","arr":["8","38"],"angle":28.4}},{"type":"Feature","geometry":{"type":"Point","coordinates":[19.373984,50.079877]},"properties":{"lines":"8, 38","color":"#0059a9","mode":"bus","arr":["8","38"],"angle":28.8,"extra":1,"ei":0}},{"type":"Feature","geometry":{"type":"Point","coordinates":[19.368811,50.081687]},"properties":{"lines":"8, 38","color":"#0059a9","mode":"bus","arr":["8","38"],"angle":27.8,"extra":1,"ei":1}},{"type":"Feature","geometry":{"type":"Point","coordinates":[19.359368,50.081831]},"properties":{"lines":"8, 38","color":"#0059a9","mode":"bus","arr":["8","38"],"angle":7.7,"mi":1}},{"type":"Feature","geometry":{"type":"Point","coordinates":[19.353599,50.082336]},"properties":{"lines":"8, 38","color":"#0059a9","mode":"bus","arr":["8","38"],"angle":7.8,"extra":1,"ei":0}},{"type":"Feature","geometry":{"type":"Point","coordinates":[19.356519,50.08208]},"properties":{"lines":"8, 38","color":"#0059a9","mode":"bus","arr":["8","38"],"angle":7.8,"extra":1,"ei":1}},{"type":"Feature","geometry":{"type":"Point","coordinates":[19.36236,50.081575]},"properties":{"lines":"8, 38","color":"#0059a9","mode":"bus","arr":["8","38"],"angle":4.3,"extra":1,"ei":2}},{"type":"Feature","geometry":{"type":"Point","coordinates":[19.365244,50.081916]},"properties":{"lines":"8, 38","color":"#0059a9","mode":"bus","arr":["8","38"],"angle":-13.8,"extra":1,"ei":3}},{"type":"Feature","geometry":{"type":"Point","coordinates":[19.343542,50.084372]},"properties":{"lines":"8, 25, B","color":"#0059a9","mode":"bus","arr":["8","25","B"],"angle":16.6,"mi":2}},{"type":"Feature","geometry":{"type":"Point","coordinates":[19.350472,50.082857]},"properties":{"lines":"8, 25, B","color":"#0059a9","mode":"bus","arr":["8","25","B"],"angle":20.5,"extra":1,"ei":0}},{"type":"Feature","geometry":{"type":"Point","coordinates":[19.347714,50.083521]},"properties":{"lines":"8, 25, B","color":"#0059a9","mode":"bus","arr":["8","25","B"],"angle":20.7,"extra":1,"ei":1}},{"type":"Feature","geometry":{"type":"Point","coordinates":[19.339264,50.08518]},"properties":{"lines":"8, 25, B","color":"#0059a9","mode":"bus","arr":["8","25","B"],"angle":16,"extra":1,"ei":2}},{"type":"Feature","geometry":{"type":"Point","coordinates":[19.336434,50.085707]},"properties":{"lines":"8, 25, B","color":"#0059a9","mode":"bus","arr":["8","25","B"],"angle":16.2,"extra":1,"ei":3}},{"type":"Feature","geometry":{"type":"Point","coordinates":[19.326097,50.087635]},"properties":{"lines":"8, 25, B","color":"#0059a9","mode":"bus","arr":["8","25","B"],"angle":16.6,"mi":1}},{"type":"Feature","geometry":{"type":"Point","coordinates":[19.333578,50.086229]},"properties":{"lines":"8, 25, B","color":"#0059a9","mode":"bus","arr":["8","25","B"],"angle":15.2}},{"type":"Feature","geometry":{"type":"Point","coordinates":[19.330243,50.086848]},"properties":{"lines":"8, 25, B","color":"#0059a9","mode":"bus","arr":["8","25","B"],"angle":16.9,"extra":1,"ei":0}},{"type":"Feature","geometry":{"type":"Point","coordinates":[19.321677,50.08761]},"properties":{"lines":"8, 25, B","color":"#0059a9","mode":"bus","arr":["8","25","B"],"angle":-16.1,"extra":1,"ei":1}},{"type":"Feature","geometry":{"type":"Point","coordinates":[19.319607,50.094039]},"properties":{"lines":"8, 15, 25, B","color":"#0059a9","mode":"bus","arr":["8","15","25","B"],"angle":60.2}},{"type":"Feature","geometry":{"type":"Point","coordinates":[19.320624,50.08832]},"properties":{"lines":"8, 15, 25, B","color":"#0059a9","mode":"bus","arr":["8","15","25","B"],"angle":-82,"extra":1,"ei":0}},{"type":"Feature","geometry":{"type":"Point","coordinates":[19.321032,50.09019]},"properties":{"lines":"8, 15, 25, B","color":"#0059a9","mode":"bus","arr":["8","15","25","B"],"angle":-82.1,"extra":1,"ei":1}},{"type":"Feature","geometry":{"type":"Point","coordinates":[19.321248,50.092066]},"properties":{"lines":"8, 15, 25, B","color":"#0059a9","mode":"bus","arr":["8","15","25","B"],"angle":79.1,"extra":1,"ei":2}},{"type":"Feature","geometry":{"type":"Point","coordinates":[19.318521,50.095391]},"properties":{"lines":"8, 15, 25, B","color":"#0059a9","mode":"bus","arr":["8","15","25","B"],"angle":86.3,"extra":1,"ei":3}},{"type":"Feature","geometry":{"type":"Point","coordinates":[19.319091,50.097242]},"properties":{"lines":"8, 15, 25, B","color":"#0059a9","mode":"bus","arr":["8","15","25","B"],"angle":-77.3,"extra":1,"ei":4}},{"type":"Feature","geometry":{"type":"Point","coordinates":[19.320384,50.098829]},"properties":{"lines":"8, 15, 25, B","color":"#0059a9","mode":"bus","arr":["8","15","25","B"],"angle":-39.9,"extra":1,"ei":5}},{"type":"Feature","geometry":{"type":"Point","coordinates":[19.326065,50.10104]},"properties":{"lines":"8, 15, 25, A, B","color":"#0059a9","mode":"bus","arr":["8","15","25","A","B"],"angle":-21.4,"mi":2}},{"type":"Feature","geometry":{"type":"Point","coordinates":[19.323752,50.100248]},"properties":{"lines":"8, 15, 25, A, B","color":"#0059a9","mode":"bus","arr":["8","15","25","A","B"],"angle":-27.9,"extra":1,"ei":0,"side":-1}},{"type":"Feature","geometry":{"type":"Point","coordinates":[19.32917,50.10166]},"properties":{"lines":"8, 15, 25, A, B","color":"#0059a9","mode":"bus","arr":["8","15","25","A","B"],"angle":-29.4,"extra":1,"ei":1}},{"type":"Feature","geometry":{"type":"Point","coordinates":[19.329937,50.104206]},"properties":{"lines":"8, 15, 25, 38, A, B","color":"#0059a9","mode":"bus","arr":["8","15","25","38","A","B"],"angle":-86.2}},{"type":"Feature","geometry":{"type":"Point","coordinates":[19.329771,50.102835]},"properties":{"lines":"8, 15, 25, 38, A, B","color":"#0059a9","mode":"bus","arr":["8","15","25","38","A","B"],"angle":-86.1,"extra":1,"ei":0,"side":-1}},{"type":"Feature","geometry":{"type":"Point","coordinates":[19.32953,50.099105]},"properties":{"lines":"8, 15, 25, 38, A, B","color":"#0059a9","mode":"bus","arr":["8","15","25","38","A","B"],"angle":-75.1,"mi":2}},{"type":"Feature","geometry":{"type":"Point","coordinates":[19.330012,50.101001]},"properties":{"lines":"8, 15, 25, 38, A, B","color":"#0059a9","mode":"bus","arr":["8","15","25","38","A","B"],"angle":-85.2,"extra":1,"ei":0}},{"type":"Feature","geometry":{"type":"Point","coordinates":[19.329383,50.097295]},"properties":{"lines":"8, 15, 25, 38, A, B","color":"#0059a9","mode":"bus","arr":["8","15","25","38","A","B"],"angle":79.8,"extra":1,"ei":1}},{"type":"Feature","geometry":{"type":"Point","coordinates":[19.330241,50.106481]},"properties":{"lines":"8, 15, 25, 38, A, B","color":"#0059a9","mode":"bus","arr":["8","15","25","38","A","B"],"angle":-52.6,"side":-1,"mi":1}},{"type":"Feature","geometry":{"type":"Point","coordinates":[19.33142,50.107293]},"properties":{"lines":"15, A, B","color":"#0059a9","mode":"bus","arr":["15","A","B"],"angle":-30,"mi":4}},{"type":"Feature","geometry":{"type":"Point","coordinates":[19.322722,50.105716]},"properties":{"lines":"8, 25","color":"#0059a9","mode":"bus","arr":["8","25"],"angle":-11.6}},{"type":"Feature","geometry":{"type":"Point","coordinates":[19.317606,50.104446]},"properties":{"lines":"8, 25","color":"#0059a9","mode":"bus","arr":["8","25"],"angle":-31.8,"extra":1,"ei":0}},{"type":"Feature","geometry":{"type":"Point","coordinates":[19.320195,50.105338]},"properties":{"lines":"8, 25","color":"#0059a9","mode":"bus","arr":["8","25"],"angle":-18.6,"extra":1,"ei":1}},{"type":"Feature","geometry":{"type":"Point","coordinates":[19.32595,50.106144]},"properties":{"lines":"8, 25","color":"#0059a9","mode":"bus","arr":["8","25"],"angle":-11.6,"extra":1,"ei":2}},{"type":"Feature","geometry":{"type":"Point","coordinates":[19.328835,50.106529]},"properties":{"lines":"8, 25","color":"#0059a9","mode":"bus","arr":["8","25"],"angle":-10.8,"extra":1,"ei":3}},{"type":"Feature","geometry":{"type":"Point","coordinates":[19.310093,50.100474]},"properties":{"lines":"8, 15, 25, A, B","color":"#0059a9","mode":"bus","arr":["8","15","25","A","B"],"angle":-28.4,"mi":1}},{"type":"Feature","geometry":{"type":"Point","coordinates":[19.305018,50.097839]},"properties":{"lines":"8, 15, 25, A, B","color":"#0059a9","mode":"bus","arr":["8","15","25","A","B"],"angle":-45,"extra":1,"ei":0}},{"type":"Feature","geometry":{"type":"Point","coordinates":[19.306925,50.099275]},"properties":{"lines":"8, 15, 25, A, B","color":"#0059a9","mode":"bus","arr":["8","15","25","A","B"],"angle":-51.3,"extra":1,"ei":1}},{"type":"Feature","geometry":{"type":"Point","coordinates":[19.311593,50.101448]},"properties":{"lines":"8, 15, 25, A, B","color":"#0059a9","mode":"bus","arr":["8","15","25","A","B"],"angle":-52.1,"extra":1,"ei":2}},{"type":"Feature","geometry":{"type":"Point","coordinates":[19.313425,50.102926]},"properties":{"lines":"8, 15, 25, A, B","color":"#0059a9","mode":"bus","arr":["8","15","25","A","B"],"angle":-44.8,"extra":1,"ei":3}},{"type":"Feature","geometry":{"type":"Point","coordinates":[19.316047,50.103673]},"properties":{"lines":"8, 15, 25, A, B","color":"#0059a9","mode":"bus","arr":["8","15","25","A","B"],"angle":-5.4,"extra":1,"ei":4,"side":-1}},{"type":"Feature","geometry":{"type":"Point","coordinates":[19.302453,50.100647]},"properties":{"lines":"8, 25, A, B","color":"#0059a9","mode":"bus","arr":["8","25","A","B"],"angle":74,"mi":6}},{"type":"Feature","geometry":{"type":"Point","coordinates":[19.303575,50.098082]},"properties":{"lines":"8, 25, A, B","color":"#0059a9","mode":"bus","arr":["8","25","A","B"],"angle":74.2,"extra":1,"ei":0}},{"type":"Feature","geometry":{"type":"Point","coordinates":[19.301145,50.103528]},"properties":{"lines":"8, 25, A, B","color":"#0059a9","mode":"bus","arr":["8","25","A","B"],"angle":74,"extra":1,"ei":1}},{"type":"Feature","geometry":{"type":"Point","coordinates":[19.293728,50.104054]},"properties":{"lines":"8, 25, A, B","color":"#0059a9","mode":"bus","arr":["8","25","A","B"],"angle":3.3,"mi":3}},{"type":"Feature","geometry":{"type":"Point","coordinates":[19.299466,50.103838]},"properties":{"lines":"8, 25, A, B","color":"#0059a9","mode":"bus","arr":["8","25","A","B"],"angle":-16,"extra":1,"ei":0}},{"type":"Feature","geometry":{"type":"Point","coordinates":[19.2966,50.103819]},"properties":{"lines":"8, 25, A, B","color":"#0059a9","mode":"bus","arr":["8","25","A","B"],"angle":15.7,"extra":1,"ei":1}},{"type":"Feature","geometry":{"type":"Point","coordinates":[19.29074,50.10413]},"properties":{"lines":"8, 25, A, B","color":"#0059a9","mode":"bus","arr":["8","25","A","B"],"angle":2.7,"extra":1,"ei":2}},{"type":"Feature","geometry":{"type":"Point","coordinates":[19.287798,50.10423]},"properties":{"lines":"8, 25, A, B","color":"#0059a9","mode":"bus","arr":["8","25","A","B"],"angle":1.9,"extra":1,"ei":3}},{"type":"Feature","geometry":{"type":"Point","coordinates":[19.286421,50.107232]},"properties":{"lines":"8, 25, A, B","color":"#0059a9","mode":"bus","arr":["8","25","A","B"],"angle":88.9}},{"type":"Feature","geometry":{"type":"Point","coordinates":[19.286432,50.105204]},"properties":{"lines":"8, 25, A, B","color":"#0059a9","mode":"bus","arr":["8","25","A","B"],"angle":-89.2,"extra":1,"ei":0}},{"type":"Feature","geometry":{"type":"Point","coordinates":[19.286376,50.108981]},"properties":{"lines":"8, 25, A, B","color":"#0059a9","mode":"bus","arr":["8","25","A","B"],"angle":88.8,"extra":1,"ei":1}},{"type":"Feature","geometry":{"type":"Point","coordinates":[19.281774,50.110803]},"properties":{"lines":"8, 25, A, B","color":"#0059a9","mode":"bus","arr":["8","25","A","B"],"angle":11.1,"mi":2}},{"type":"Feature","geometry":{"type":"Point","coordinates":[19.284892,50.110394]},"properties":{"lines":"8, 25, A, B","color":"#0059a9","mode":"bus","arr":["8","25","A","B"],"angle":11.4,"extra":1,"ei":0}},{"type":"Feature","geometry":{"type":"Point","coordinates":[19.279116,50.111145]},"properties":{"lines":"8, 25, A, B","color":"#0059a9","mode":"bus","arr":["8","25","A","B"],"angle":11.3,"extra":1,"ei":1}},{"type":"Feature","geometry":{"type":"Point","coordinates":[19.275232,50.107566]},"properties":{"lines":"8, 25, A, B","color":"#0059a9","mode":"bus","arr":["8","25","A","B"],"angle":-73.7,"mi":1}},{"type":"Feature","geometry":{"type":"Point","coordinates":[19.276718,50.110506]},"properties":{"lines":"8, 25, A, B","color":"#0059a9","mode":"bus","arr":["8","25","A","B"],"angle":-70.6,"extra":1,"ei":0}},{"type":"Feature","geometry":{"type":"Point","coordinates":[19.275758,50.10872]},"properties":{"lines":"8, 25, A, B","color":"#0059a9","mode":"bus","arr":["8","25","A","B"],"angle":-72.7,"extra":1,"ei":1}},{"type":"Feature","geometry":{"type":"Point","coordinates":[19.273413,50.105336]},"properties":{"lines":"8, 25, A, B","color":"#0059a9","mode":"bus","arr":["8","25","A","B"],"angle":-66.3,"extra":1,"ei":2}},{"type":"Feature","geometry":{"type":"Point","coordinates":[19.271662,50.103413]},"properties":{"lines":"8, 25, A, B","color":"#0059a9","mode":"bus","arr":["8","25","A","B"],"angle":6.2,"mi":4}},{"type":"Feature","geometry":{"type":"Point","coordinates":[19.269185,50.101888]},"properties":{"lines":"8, 25, A, B","color":"#0059a9","mode":"bus","arr":["8","25","A","B"],"angle":-70,"mi":5}},{"type":"Feature","geometry":{"type":"Point","coordinates":[19.261569,50.100474]},"properties":{"lines":"8, 25","color":"#0059a9","mode":"bus","arr":["8","25"],"angle":-6.1}},{"type":"Feature","geometry":{"type":"Point","coordinates":[19.266777,50.100398]},"properties":{"lines":"8, 25","color":"#0059a9","mode":"bus","arr":["8","25"],"angle":20.4,"extra":1,"ei":0}},{"type":"Feature","geometry":{"type":"Point","coordinates":[19.263915,50.100664]},"properties":{"lines":"8, 25","color":"#0059a9","mode":"bus","arr":["8","25"],"angle":-6.3,"extra":1,"ei":1}},{"type":"Feature","geometry":{"type":"Point","coordinates":[19.258065,50.100231]},"properties":{"lines":"8, 25","color":"#0059a9","mode":"bus","arr":["8","25"],"angle":-5.8,"extra":1,"ei":2}},{"type":"Feature","geometry":{"type":"Point","coordinates":[19.255121,50.100142]},"properties":{"lines":"8, 25","color":"#0059a9","mode":"bus","arr":["8","25"],"angle":-2,"extra":1,"ei":3}},{"type":"Feature","geometry":{"type":"Point","coordinates":[19.246016,50.099835]},"properties":{"lines":"8, 25","color":"#0059a9","mode":"bus","arr":["8","25"],"angle":-23.3}},{"type":"Feature","geometry":{"type":"Point","coordinates":[19.253333,50.100097]},"properties":{"lines":"8, 25","color":"#0059a9","mode":"bus","arr":["8","25"],"angle":-2.4,"extra":1,"ei":0}},{"type":"Feature","geometry":{"type":"Point","coordinates":[19.250388,50.100028]},"properties":{"lines":"8, 25","color":"#0059a9","mode":"bus","arr":["8","25"],"angle":-2,"extra":1,"ei":1}},{"type":"Feature","geometry":{"type":"Point","coordinates":[19.242312,50.098276]},"properties":{"lines":"8, 25","color":"#0059a9","mode":"bus","arr":["8","25"],"angle":-34.9,"extra":1,"ei":2}},{"type":"Feature","geometry":{"type":"Point","coordinates":[19.239561,50.097674]},"properties":{"lines":"8, 25","color":"#0059a9","mode":"bus","arr":["8","25"],"angle":-17.1,"extra":1,"ei":3}},{"type":"Feature","geometry":{"type":"Point","coordinates":[19.249176,50.106079]},"properties":{"lines":"8, 25","color":"#0059a9","mode":"bus","arr":["8","25"],"angle":64,"mi":2}},{"type":"Feature","geometry":{"type":"Point","coordinates":[19.249082,50.100902]},"properties":{"lines":"8, 25","color":"#0059a9","mode":"bus","arr":["8","25"],"angle":-74.8,"extra":1,"ei":0}},{"type":"Feature","geometry":{"type":"Point","coordinates":[19.24932,50.102759]},"properties":{"lines":"8, 25","color":"#0059a9","mode":"bus","arr":["8","25"],"angle":-83.3,"extra":1,"ei":1}},{"type":"Feature","geometry":{"type":"Point","coordinates":[19.250141,50.104469]},"properties":{"lines":"8, 25","color":"#0059a9","mode":"bus","arr":["8","25"],"angle":68.6,"extra":1,"ei":2}},{"type":"Feature","geometry":{"type":"Point","coordinates":[19.246921,50.107491]},"properties":{"lines":"8, 25","color":"#0059a9","mode":"bus","arr":["8","25"],"angle":28.8,"extra":1,"ei":3}},{"type":"Feature","geometry":{"type":"Point","coordinates":[19.244398,50.108465]},"properties":{"lines":"8, 25","color":"#0059a9","mode":"bus","arr":["8","25"],"angle":33.7,"extra":1,"ei":4}},{"type":"Feature","geometry":{"type":"Point","coordinates":[19.242233,50.109716]},"properties":{"lines":"8, 25","color":"#0059a9","mode":"bus","arr":["8","25"],"angle":50.6,"extra":1,"ei":5}},{"type":"Feature","geometry":{"type":"Point","coordinates":[19.23697,50.106526]},"properties":{"lines":"8, 25","color":"#0059a9","mode":"bus","arr":["8","25"],"angle":-62.5,"mi":1}},{"type":"Feature","geometry":{"type":"Point","coordinates":[19.240875,50.109424]},"properties":{"lines":"8, 25","color":"#0059a9","mode":"bus","arr":["8","25"],"angle":-43.6,"extra":1,"ei":0}},{"type":"Feature","geometry":{"type":"Point","coordinates":[19.2386,50.108224]},"properties":{"lines":"8, 25","color":"#0059a9","mode":"bus","arr":["8","25"],"angle":-39.5,"extra":1,"ei":1}},{"type":"Feature","geometry":{"type":"Point","coordinates":[19.235702,50.10496]},"properties":{"lines":"8, 25","color":"#0059a9","mode":"bus","arr":["8","25"],"angle":-63.2,"extra":1,"ei":2}},{"type":"Feature","geometry":{"type":"Point","coordinates":[19.234367,50.103276]},"properties":{"lines":"8, 25","color":"#0059a9","mode":"bus","arr":["8","25"],"angle":-63.1,"extra":1,"ei":3}},{"type":"Feature","geometry":{"type":"Point","coordinates":[19.232749,50.098974]},"properties":{"lines":"8, 25","color":"#0059a9","mode":"bus","arr":["8","25"],"angle":20,"mi":3}},{"type":"Feature","geometry":{"type":"Point","coordinates":[19.232679,50.101713]},"properties":{"lines":"8, 25","color":"#0059a9","mode":"bus","arr":["8","25"],"angle":-74.8,"extra":1,"ei":0}},{"type":"Feature","geometry":{"type":"Point","coordinates":[19.236521,50.098212]},"properties":{"lines":"8, 25","color":"#0059a9","mode":"bus","arr":["8","25"],"angle":28.8,"extra":1,"ei":1}},{"type":"Feature","geometry":{"type":"Point","coordinates":[19.410532,50.141805]},"properties":{"lines":"8, 17a, 17b, 35, 38","color":"#0059a9","mode":"bus","arr":["8","17a","17b","35","38"],"angle":4}},{"type":"Feature","geometry":{"type":"Point","coordinates":[19.41115,50.14138]},"properties":{"lines":"8, 35","color":"#0059a9","mode":"bus","arr":["8","35"],"angle":-42.5}},{"type":"Feature","geometry":{"type":"Point","coordinates":[19.31339,50.102776]},"properties":{"lines":"8, 15, 25, A, B","color":"#0059a9","mode":"bus","arr":["8","15","25","A","B"],"angle":-47.4,"side":-1}},{"type":"Feature","geometry":{"type":"Point","coordinates":[19.471917,50.209214]},"properties":{"lines":"9, 42","color":"#0059a9","mode":"bus","arr":["9","42"],"angle":41.3}},{"type":"Feature","geometry":{"type":"Point","coordinates":[19.46895,50.210074]},"properties":{"lines":"9, 42","color":"#0059a9","mode":"bus","arr":["9","42"],"angle":5.1,"extra":1,"ei":0}},{"type":"Feature","geometry":{"type":"Point","coordinates":[19.474275,50.209008]},"properties":{"lines":"9, 42","color":"#0059a9","mode":"bus","arr":["9","42"],"angle":5.5,"extra":1,"ei":1}},{"type":"Feature","geometry":{"type":"Point","coordinates":[19.476936,50.208037]},"properties":{"lines":"9, 42, N","color":"#0059a9","mode":"bus","arr":["9","42","N"],"angle":78.3,"l0":"9, 42","c0":"#0059a9","l1":"\n","c1":"#000000","l2":"N","c2":"#000000","bl0":"9, 42","bc0":"#0059a9","bl1":"\n","bc1":"#000000","bl2":"N","bc2":"#000000"}},{"type":"Feature","geometry":{"type":"Point","coordinates":[19.47087,50.203941]},"properties":{"lines":"9, 42, N","color":"#0059a9","mode":"bus","arr":["9","42","N"],"angle":-21.9,"mi":1,"l0":"9, 42","c0":"#0059a9","l1":"\n","c1":"#000000","l2":"N","c2":"#000000","bl0":"9, 42","bc0":"#0059a9","bl1":"\n","bc1":"#000000","bl2":"N","bc2":"#000000"}},{"type":"Feature","geometry":{"type":"Point","coordinates":[19.475567,50.206584]},"properties":{"lines":"9, 42, N","color":"#0059a9","mode":"bus","arr":["9","42","N"],"angle":-39.7,"extra":1,"ei":0,"l0":"9, 42","c0":"#0059a9","l1":"\n","c1":"#000000","l2":"N","c2":"#000000","bl0":"9, 42","bc0":"#0059a9","bl1":"\n","bc1":"#000000","bl2":"N","bc2":"#000000"}},{"type":"Feature","geometry":{"type":"Point","coordinates":[19.473711,50.205139]},"properties":{"lines":"9, 42, N","color":"#0059a9","mode":"bus","arr":["9","42","N"],"angle":-32.3,"extra":1,"ei":1,"l0":"9, 42","c0":"#0059a9","l1":"\n","c1":"#000000","l2":"N","c2":"#000000","bl0":"9, 42","bc0":"#0059a9","bl1":"\n","bc1":"#000000","bl2":"N","bc2":"#000000"}},{"type":"Feature","geometry":{"type":"Point","coordinates":[19.469567,50.202743]},"properties":{"lines":"9, 42, N","color":"#0059a9","mode":"bus","arr":["9","42","N"],"angle":-64.9,"extra":1,"ei":2,"l0":"9, 42","c0":"#0059a9","l1":"\n","c1":"#000000","l2":"N","c2":"#000000","bl0":"9, 42","bc0":"#0059a9","bl1":"\n","bc1":"#000000","bl2":"N","bc2":"#000000"}},{"type":"Feature","geometry":{"type":"Point","coordinates":[19.467297,50.201645]},"properties":{"lines":"9, 42, N","color":"#0059a9","mode":"bus","arr":["9","42","N"],"angle":-25.6,"extra":1,"ei":3,"l0":"9, 42","c0":"#0059a9","l1":"\n","c1":"#000000","l2":"N","c2":"#000000","bl0":"9, 42","bc0":"#0059a9","bl1":"\n","bc1":"#000000","bl2":"N","bc2":"#000000"}},{"type":"Feature","geometry":{"type":"Point","coordinates":[19.463625,50.202238]},"properties":{"lines":"9, La, N","color":"#0059a9","mode":"bus","arr":["9","La","N"],"angle":47.9,"l0":"9, La","c0":"#0059a9","l1":"\n","c1":"#000000","l2":"N","c2":"#000000","bl0":"9, La","bc0":"#0059a9","bl1":"\n","bc1":"#000000","bl2":"N","bc2":"#000000"}},{"type":"Feature","geometry":{"type":"Point","coordinates":[19.462068,50.202954]},"properties":{"lines":"9, La, N","color":"#0059a9","mode":"bus","arr":["9","La","N"],"angle":19.4,"extra":1,"ei":0,"l0":"9, La","c0":"#0059a9","l1":"\n","c1":"#000000","l2":"N","c2":"#000000","bl0":"9, La","bc0":"#0059a9","bl1":"\n","bc1":"#000000","bl2":"N","bc2":"#000000"}},{"type":"Feature","geometry":{"type":"Point","coordinates":[19.436862,50.197114]},"properties":{"lines":"9, La, N","color":"#0059a9","mode":"bus","arr":["9","La","N"],"angle":-17.1,"l0":"9, La","c0":"#0059a9","l1":"\n","c1":"#000000","l2":"N","c2":"#000000","bl0":"9, La","bc0":"#0059a9","bl1":"\n","bc1":"#000000","bl2":"N","bc2":"#000000"}},{"type":"Feature","geometry":{"type":"Point","coordinates":[19.456187,50.200712]},"properties":{"lines":"9, La, N","color":"#0059a9","mode":"bus","arr":["9","La","N"],"angle":-31.4,"mi":1,"l0":"9, La","c0":"#0059a9","l1":"\n","c1":"#000000","l2":"N","c2":"#000000","bl0":"9, La","bc0":"#0059a9","bl1":"\n","bc1":"#000000","bl2":"N","bc2":"#000000"}},{"type":"Feature","geometry":{"type":"Point","coordinates":[19.46035,50.202467]},"properties":{"lines":"9, La, N","color":"#0059a9","mode":"bus","arr":["9","La","N"],"angle":-33.4,"extra":1,"ei":0,"l0":"9, La","c0":"#0059a9","l1":"\n","c1":"#000000","l2":"N","c2":"#000000","bl0":"9, La","bc0":"#0059a9","bl1":"\n","bc1":"#000000","bl2":"N","bc2":"#000000"}},{"type":"Feature","geometry":{"type":"Point","coordinates":[19.457897,50.201421]},"properties":{"lines":"9, La, N","color":"#0059a9","mode":"bus","arr":["9","La","N"],"angle":-32.7,"extra":1,"ei":1,"l0":"9, La","c0":"#0059a9","l1":"\n","c1":"#000000","l2":"N","c2":"#000000","bl0":"9, La","bc0":"#0059a9","bl1":"\n","bc1":"#000000","bl2":"N","bc2":"#000000"}},{"type":"Feature","geometry":{"type":"Point","coordinates":[19.452539,50.199941]},"properties":{"lines":"9, La, N","color":"#0059a9","mode":"bus","arr":["9","La","N"],"angle":-16.2,"extra":1,"ei":2,"l0":"9, La","c0":"#0059a9","l1":"\n","c1":"#000000","l2":"N","c2":"#000000","bl0":"9, La","bc0":"#0059a9","bl1":"\n","bc1":"#000000","bl2":"N","bc2":"#000000"}},{"type":"Feature","geometry":{"type":"Point","coordinates":[19.443516,50.198361]},"properties":{"lines":"9, La, N","color":"#0059a9","mode":"bus","arr":["9","La","N"],"angle":-16.1,"extra":1,"ei":0,"l0":"9, La","c0":"#0059a9","l1":"\n","c1":"#000000","l2":"N","c2":"#000000","bl0":"9, La","bc0":"#0059a9","bl1":"\n","bc1":"#000000","bl2":"N","bc2":"#000000"}},{"type":"Feature","geometry":{"type":"Point","coordinates":[19.440684,50.197838]},"properties":{"lines":"9, La, N","color":"#0059a9","mode":"bus","arr":["9","La","N"],"angle":-16.4,"extra":1,"ei":1,"l0":"9, La","c0":"#0059a9","l1":"\n","c1":"#000000","l2":"N","c2":"#000000","bl0":"9, La","bc0":"#0059a9","bl1":"\n","bc1":"#000000","bl2":"N","bc2":"#000000"}},{"type":"Feature","geometry":{"type":"Point","coordinates":[19.435142,50.196593]},"properties":{"lines":"9, La, N","color":"#0059a9","mode":"bus","arr":["9","La","N"],"angle":-24.8,"extra":1,"ei":2,"l0":"9, La","c0":"#0059a9","l1":"\n","c1":"#000000","l2":"N","c2":"#000000","bl0":"9, La","bc0":"#0059a9","bl1":"\n","bc1":"#000000","bl2":"N","bc2":"#000000"}},{"type":"Feature","geometry":{"type":"Point","coordinates":[19.432362,50.196042]},"properties":{"lines":"9, La, N","color":"#0059a9","mode":"bus","arr":["9","La","N"],"angle":-53.2,"extra":1,"ei":3,"l0":"9, La","c0":"#0059a9","l1":"\n","c1":"#000000","l2":"N","c2":"#000000","bl0":"9, La","bc0":"#0059a9","bl1":"\n","bc1":"#000000","bl2":"N","bc2":"#000000"}},{"type":"Feature","geometry":{"type":"Point","coordinates":[19.432195,50.194171]},"properties":{"lines":"9, La, N","color":"#0059a9","mode":"bus","arr":["9","La","N"],"angle":-88.2,"extra":1,"ei":4,"l0":"9, La","c0":"#0059a9","l1":"\n","c1":"#000000","l2":"N","c2":"#000000","bl0":"9, La","bc0":"#0059a9","bl1":"\n","bc1":"#000000","bl2":"N","bc2":"#000000"}},{"type":"Feature","geometry":{"type":"Point","coordinates":[19.447479,50.199068]},"properties":{"lines":"9, N","color":"#0059a9","mode":"bus","arr":["9","N"],"angle":-15,"l0":"9","c0":"#0059a9","l1":"\n","c1":"#000000","l2":"N","c2":"#000000","bl0":"9","bc0":"#0059a9","bl1":"\n","bc1":"#000000","bl2":"N","bc2":"#000000"}},{"type":"Feature","geometry":{"type":"Point","coordinates":[19.447047,50.187746]},"properties":{"lines":"9, 10, N","color":"#0059a9","mode":"bus","arr":["9","10","N"],"angle":32.2,"mi":1,"l0":"9, 10","c0":"#0059a9","l1":"\n","c1":"#000000","l2":"N","c2":"#000000","bl0":"9, 10","bc0":"#0059a9","bl1":"\n","bc1":"#000000","bl2":"N","bc2":"#000000"}},{"type":"Feature","geometry":{"type":"Point","coordinates":[19.433359,50.193291]},"properties":{"lines":"9, 10, N","color":"#0059a9","mode":"bus","arr":["9","10","N"],"angle":32.4,"extra":1,"ei":0,"l0":"9, 10","c0":"#0059a9","l1":"\n","c1":"#000000","l2":"N","c2":"#000000","bl0":"9, 10","bc0":"#0059a9","bl1":"\n","bc1":"#000000","bl2":"N","bc2":"#000000"}},{"type":"Feature","geometry":{"type":"Point","coordinates":[19.435852,50.192284]},"properties":{"lines":"9, 10, N","color":"#0059a9","mode":"bus","arr":["9","10","N"],"angle":31.9,"extra":1,"ei":1,"l0":"9, 10","c0":"#0059a9","l1":"\n","c1":"#000000","l2":"N","c2":"#000000","bl0":"9, 10","bc0":"#0059a9","bl1":"\n","bc1":"#000000","bl2":"N","bc2":"#000000"}},{"type":"Feature","geometry":{"type":"Point","coordinates":[19.438352,50.191285]},"properties":{"lines":"9, 10, N","color":"#0059a9","mode":"bus","arr":["9","10","N"],"angle":32.3,"extra":1,"ei":2,"l0":"9, 10","c0":"#0059a9","l1":"\n","c1":"#000000","l2":"N","c2":"#000000","bl0":"9, 10","bc0":"#0059a9","bl1":"\n","bc1":"#000000","bl2":"N","bc2":"#000000"}},{"type":"Feature","geometry":{"type":"Point","coordinates":[19.440842,50.190274]},"properties":{"lines":"9, 10, N","color":"#0059a9","mode":"bus","arr":["9","10","N"],"angle":32.4,"extra":1,"ei":3,"l0":"9, 10","c0":"#0059a9","l1":"\n","c1":"#000000","l2":"N","c2":"#000000","bl0":"9, 10","bc0":"#0059a9","bl1":"\n","bc1":"#000000","bl2":"N","bc2":"#000000"}},{"type":"Feature","geometry":{"type":"Point","coordinates":[19.443328,50.18926]},"properties":{"lines":"9, 10, N","color":"#0059a9","mode":"bus","arr":["9","10","N"],"angle":32.2,"extra":1,"ei":4,"l0":"9, 10","c0":"#0059a9","l1":"\n","c1":"#000000","l2":"N","c2":"#000000","bl0":"9, 10","bc0":"#0059a9","bl1":"\n","bc1":"#000000","bl2":"N","bc2":"#000000"}},{"type":"Feature","geometry":{"type":"Point","coordinates":[19.450806,50.186238]},"properties":{"lines":"9, 10, N","color":"#0059a9","mode":"bus","arr":["9","10","N"],"angle":32.1,"extra":1,"ei":5,"l0":"9, 10","c0":"#0059a9","l1":"\n","c1":"#000000","l2":"N","c2":"#000000","bl0":"9, 10","bc0":"#0059a9","bl1":"\n","bc1":"#000000","bl2":"N","bc2":"#000000"}},{"type":"Feature","geometry":{"type":"Point","coordinates":[19.453305,50.185237]},"properties":{"lines":"9, 10, N","color":"#0059a9","mode":"bus","arr":["9","10","N"],"angle":31.7,"extra":1,"ei":6,"l0":"9, 10","c0":"#0059a9","l1":"\n","c1":"#000000","l2":"N","c2":"#000000","bl0":"9, 10","bc0":"#0059a9","bl1":"\n","bc1":"#000000","bl2":"N","bc2":"#000000"}},{"type":"Feature","geometry":{"type":"Point","coordinates":[19.455807,50.184239]},"properties":{"lines":"9, 10, N","color":"#0059a9","mode":"bus","arr":["9","10","N"],"angle":37.6,"extra":1,"ei":7,"l0":"9, 10","c0":"#0059a9","l1":"\n","c1":"#000000","l2":"N","c2":"#000000","bl0":"9, 10","bc0":"#0059a9","bl1":"\n","bc1":"#000000","bl2":"N","bc2":"#000000"}},{"type":"Feature","geometry":{"type":"Point","coordinates":[19.456367,50.182478]},"properties":{"lines":"9, 10, N","color":"#0059a9","mode":"bus","arr":["9","10","N"],"angle":-89.1,"extra":1,"ei":8,"l0":"9, 10","c0":"#0059a9","l1":"\n","c1":"#000000","l2":"N","c2":"#000000","bl0":"9, 10","bc0":"#0059a9","bl1":"\n","bc1":"#000000","bl2":"N","bc2":"#000000"}},{"type":"Feature","geometry":{"type":"Point","coordinates":[19.457458,50.180822]},"properties":{"lines":"9, 10, N","color":"#0059a9","mode":"bus","arr":["9","10","N"],"angle":42.9,"extra":1,"ei":9,"l0":"9, 10","c0":"#0059a9","l1":"\n","c1":"#000000","l2":"N","c2":"#000000","bl0":"9, 10","bc0":"#0059a9","bl1":"\n","bc1":"#000000","bl2":"N","bc2":"#000000"}},{"type":"Feature","geometry":{"type":"Point","coordinates":[19.428545,50.195299]},"properties":{"lines":"9, 10, La, N","color":"#0059a9","mode":"bus","arr":["9","10","La","N"],"angle":35.7,"l0":"9, 10, La","c0":"#0059a9","l1":"\n","c1":"#000000","l2":"N","c2":"#000000","bl0":"9, 10, La","bc0":"#0059a9","bl1":"\n","bc1":"#000000","bl2":"N","bc2":"#000000"}},{"type":"Feature","geometry":{"type":"Point","coordinates":[19.430872,50.194304]},"properties":{"lines":"9, 10, La, N","color":"#0059a9","mode":"bus","arr":["9","10","La","N"],"angle":32.9,"extra":1,"ei":0,"l0":"9, 10, La","c0":"#0059a9","l1":"\n","c1":"#000000","l2":"N","c2":"#000000","bl0":"9, 10, La","bc0":"#0059a9","bl1":"\n","bc1":"#000000","bl2":"N","bc2":"#000000"}},{"type":"Feature","geometry":{"type":"Point","coordinates":[19.426468,50.196753]},"properties":{"lines":"9, 10, La, N","color":"#0059a9","mode":"bus","arr":["9","10","La","N"],"angle":44.9,"extra":1,"ei":1,"l0":"9, 10, La","c0":"#0059a9","l1":"\n","c1":"#000000","l2":"N","c2":"#000000","bl0":"9, 10, La","bc0":"#0059a9","bl1":"\n","bc1":"#000000","bl2":"N","bc2":"#000000"}},{"type":"Feature","geometry":{"type":"Point","coordinates":[19.423359,50.197697]},"properties":{"lines":"9, 10, La","color":"#0059a9","mode":"bus","arr":["9","10","La"],"angle":17.4}},{"type":"Feature","geometry":{"type":"Point","coordinates":[19.421346,50.19809]},"properties":{"lines":"9, 10, La","color":"#0059a9","mode":"bus","arr":["9","10","La"],"angle":15.7,"extra":1,"ei":0,"side":-1}},{"type":"Feature","geometry":{"type":"Point","coordinates":[19.421713,50.19811]},"properties":{"lines":"9, 10, La","color":"#0059a9","mode":"bus","arr":["9","10","La"],"angle":29.1,"mi":1}},{"type":"Feature","geometry":{"type":"Point","coordinates":[19.462217,50.203957]},"properties":{"lines":"9","color":"#0059a9","mode":"bus","arr":["9"],"angle":-73.6}},{"type":"Feature","geometry":{"type":"Point","coordinates":[19.453705,50.1852]},"properties":{"lines":"9, 10","color":"#0059a9","mode":"bus","arr":["9","10"],"angle":26.1}},{"type":"Feature","geometry":{"type":"Point","coordinates":[19.454122,50.185074]},"properties":{"lines":"9, 10, N","color":"#0059a9","mode":"bus","arr":["9","10","N"],"angle":71.2,"l0":"9, 10","c0":"#0059a9","l1":"\n","c1":"#000000","l2":"N","c2":"#000000","bl0":"9, 10","bc0":"#0059a9","bl1":"\n","bc1":"#000000","bl2":"N","bc2":"#000000"}},{"type":"Feature","geometry":{"type":"Point","coordinates":[19.456127,50.179155]},"properties":{"lines":"9, 10, N","color":"#0059a9","mode":"bus","arr":["9","10","N"],"angle":-26.7,"mi":2,"l0":"9, 10","c0":"#0059a9","l1":"\n","c1":"#000000","l2":"N","c2":"#000000","bl0":"9, 10","bc0":"#0059a9","bl1":"\n","bc1":"#000000","bl2":"N","bc2":"#000000"}},{"type":"Feature","geometry":{"type":"Point","coordinates":[19.443722,50.175788]},"properties":{"lines":"9, N","color":"#0059a9","mode":"bus","arr":["9","N"],"angle":-26.8,"l0":"9","c0":"#0059a9","l1":"\n","c1":"#000000","l2":"N","c2":"#000000","bl0":"9","bc0":"#0059a9","bl1":"\n","bc1":"#000000","bl2":"N","bc2":"#000000"}},{"type":"Feature","geometry":{"type":"Point","coordinates":[19.435793,50.172598]},"properties":{"lines":"9, N","color":"#0059a9","mode":"bus","arr":["9","N"],"angle":-39.7,"extra":1,"ei":0,"l0":"9","c0":"#0059a9","l1":"\n","c1":"#000000","l2":"N","c2":"#000000","bl0":"9","bc0":"#0059a9","bl1":"\n","bc1":"#000000","bl2":"N","bc2":"#000000"}},{"type":"Feature","geometry":{"type":"Point","coordinates":[19.438132,50.173742]},"properties":{"lines":"9, N","color":"#0059a9","mode":"bus","arr":["9","N"],"angle":-41.4,"extra":1,"ei":1,"l0":"9","c0":"#0059a9","l1":"\n","c1":"#000000","l2":"N","c2":"#000000","bl0":"9","bc0":"#0059a9","bl1":"\n","bc1":"#000000","bl2":"N","bc2":"#000000"}},{"type":"Feature","geometry":{"type":"Point","coordinates":[19.440541,50.174822]},"properties":{"lines":"9, N","color":"#0059a9","mode":"bus","arr":["9","N"],"angle":-32.5,"extra":1,"ei":2,"l0":"9","c0":"#0059a9","l1":"\n","c1":"#000000","l2":"N","c2":"#000000","bl0":"9","bc0":"#0059a9","bl1":"\n","bc1":"#000000","bl2":"N","bc2":"#000000"}},{"type":"Feature","geometry":{"type":"Point","coordinates":[19.445688,50.176626]},"properties":{"lines":"9, N","color":"#0059a9","mode":"bus","arr":["9","N"],"angle":-34.7,"extra":1,"ei":3,"l0":"9","c0":"#0059a9","l1":"\n","c1":"#000000","l2":"N","c2":"#000000","bl0":"9","bc0":"#0059a9","bl1":"\n","bc1":"#000000","bl2":"N","bc2":"#000000"}},{"type":"Feature","geometry":{"type":"Point","coordinates":[19.448412,50.177257]},"properties":{"lines":"9, N","color":"#0059a9","mode":"bus","arr":["9","N"],"angle":-8.3,"extra":1,"ei":4,"l0":"9","c0":"#0059a9","l1":"\n","c1":"#000000","l2":"N","c2":"#000000","bl0":"9","bc0":"#0059a9","bl1":"\n","bc1":"#000000","bl2":"N","bc2":"#000000"}},{"type":"Feature","geometry":{"type":"Point","coordinates":[19.451334,50.177504]},"properties":{"lines":"9, N","color":"#0059a9","mode":"bus","arr":["9","N"],"angle":-7.9,"extra":1,"ei":5,"l0":"9","c0":"#0059a9","l1":"\n","c1":"#000000","l2":"N","c2":"#000000","bl0":"9","bc0":"#0059a9","bl1":"\n","bc1":"#000000","bl2":"N","bc2":"#000000"}},{"type":"Feature","geometry":{"type":"Point","coordinates":[19.444991,50.166949]},"properties":{"lines":"9, N","color":"#0059a9","mode":"bus","arr":["9","N"],"angle":15.1,"mi":1,"l0":"9","c0":"#0059a9","l1":"\n","c1":"#000000","l2":"N","c2":"#000000","bl0":"9","bc0":"#0059a9","bl1":"\n","bc1":"#000000","bl2":"N","bc2":"#000000"}},{"type":"Feature","geometry":{"type":"Point","coordinates":[19.434751,50.171167]},"properties":{"lines":"9, N","color":"#0059a9","mode":"bus","arr":["9","N"],"angle":64.4,"extra":1,"ei":0,"l0":"9","c0":"#0059a9","l1":"\n","c1":"#000000","l2":"N","c2":"#000000","bl0":"9","bc0":"#0059a9","bl1":"\n","bc1":"#000000","bl2":"N","bc2":"#000000"}},{"type":"Feature","geometry":{"type":"Point","coordinates":[19.436897,50.169885]},"properties":{"lines":"9, N","color":"#0059a9","mode":"bus","arr":["9","N"],"angle":39.9,"extra":1,"ei":1,"l0":"9","c0":"#0059a9","l1":"\n","c1":"#000000","l2":"N","c2":"#000000","bl0":"9","bc0":"#0059a9","bl1":"\n","bc1":"#000000","bl2":"N","bc2":"#000000"}},{"type":"Feature","geometry":{"type":"Point","coordinates":[19.439423,50.168937]},"properties":{"lines":"9, N","color":"#0059a9","mode":"bus","arr":["9","N"],"angle":24.2,"extra":1,"ei":2,"l0":"9","c0":"#0059a9","l1":"\n","c1":"#000000","l2":"N","c2":"#000000","bl0":"9","bc0":"#0059a9","bl1":"\n","bc1":"#000000","bl2":"N","bc2":"#000000"}},{"type":"Feature","geometry":{"type":"Point","coordinates":[19.441896,50.167935]},"properties":{"lines":"9, N","color":"#0059a9","mode":"bus","arr":["9","N"],"angle":39.6,"extra":1,"ei":3,"l0":"9","c0":"#0059a9","l1":"\n","c1":"#000000","l2":"N","c2":"#000000","bl0":"9","bc0":"#0059a9","bl1":"\n","bc1":"#000000","bl2":"N","bc2":"#000000"}},{"type":"Feature","geometry":{"type":"Point","coordinates":[19.447305,50.166586]},"properties":{"lines":"9, N","color":"#0059a9","mode":"bus","arr":["9","N"],"angle":5.3,"extra":1,"ei":4,"l0":"9","c0":"#0059a9","l1":"\n","c1":"#000000","l2":"N","c2":"#000000","bl0":"9","bc0":"#0059a9","bl1":"\n","bc1":"#000000","bl2":"N","bc2":"#000000"}},{"type":"Feature","geometry":{"type":"Point","coordinates":[19.450249,50.166559]},"properties":{"lines":"9, N","color":"#0059a9","mode":"bus","arr":["9","N"],"angle":6.2,"extra":1,"ei":5,"l0":"9","c0":"#0059a9","l1":"\n","c1":"#000000","l2":"N","c2":"#000000","bl0":"9","bc0":"#0059a9","bl1":"\n","bc1":"#000000","bl2":"N","bc2":"#000000"}},{"type":"Feature","geometry":{"type":"Point","coordinates":[19.452971,50.165876]},"properties":{"lines":"9, N","color":"#0059a9","mode":"bus","arr":["9","N"],"angle":20.2,"extra":1,"ei":6,"l0":"9","c0":"#0059a9","l1":"\n","c1":"#000000","l2":"N","c2":"#000000","bl0":"9","bc0":"#0059a9","bl1":"\n","bc1":"#000000","bl2":"N","bc2":"#000000"}},{"type":"Feature","geometry":{"type":"Point","coordinates":[19.455775,50.165298]},"properties":{"lines":"9, N","color":"#0059a9","mode":"bus","arr":["9","N"],"angle":22.4,"extra":1,"ei":7,"l0":"9","c0":"#0059a9","l1":"\n","c1":"#000000","l2":"N","c2":"#000000","bl0":"9","bc0":"#0059a9","bl1":"\n","bc1":"#000000","bl2":"N","bc2":"#000000"}},{"type":"Feature","geometry":{"type":"Point","coordinates":[19.461701,50.161639]},"properties":{"lines":"9, 10, La, N","color":"#0059a9","mode":"bus","arr":["9","10","La","N"],"angle":38.6,"l0":"9, 10, La","c0":"#0059a9","l1":"\n","c1":"#000000","l2":"N","c2":"#000000","bl0":"9, 10, La","bc0":"#0059a9","bl1":"\n","bc1":"#000000","bl2":"N","bc2":"#000000"}},{"type":"Feature","geometry":{"type":"Point","coordinates":[19.458969,50.16383]},"properties":{"lines":"9, 10, La, N","color":"#0059a9","mode":"bus","arr":["9","10","La","N"],"angle":57.1,"extra":1,"ei":0,"l0":"9, 10, La","c0":"#0059a9","l1":"\n","c1":"#000000","l2":"N","c2":"#000000","bl0":"9, 10, La","bc0":"#0059a9","bl1":"\n","bc1":"#000000","bl2":"N","bc2":"#000000"}},{"type":"Feature","geometry":{"type":"Point","coordinates":[19.465568,50.160283]},"properties":{"lines":"9, 10, La, N","color":"#0059a9","mode":"bus","arr":["9","10","La","N"],"angle":36.2,"extra":1,"ei":1,"l0":"9, 10, La","c0":"#0059a9","l1":"\n","c1":"#000000","l2":"N","c2":"#000000","bl0":"9, 10, La","bc0":"#0059a9","bl1":"\n","bc1":"#000000","bl2":"N","bc2":"#000000"}},{"type":"Feature","geometry":{"type":"Point","coordinates":[19.466843,50.159478]},"properties":{"lines":"9, 10, 41, 42, La, Lb, Lc, N","color":"#0059a9","mode":"bus","arr":["9","10","41","42","La","Lb","Lc","N"],"angle":66,"l0":"9, 10, 41, 42, La, Lb, Lc","c0":"#0059a9","l1":"\n","c1":"#000000","l2":"N","c2":"#000000","bl0":"9, 10, 41, 42, La, Lb, Lc","bc0":"#0059a9","bl1":"\n","bc1":"#000000","bl2":"N","bc2":"#000000"}},{"type":"Feature","geometry":{"type":"Point","coordinates":[19.46357,50.158446]},"properties":{"lines":"9, 10, 15, 41, 42, La, Lb, Lc, N","color":"#0059a9","mode":"bus","arr":["9","10","15","41","42","La","Lb","Lc","N"],"angle":-25.6,"mi":4,"l0":"9, 10, 15, 41, 42, La, Lb, Lc","c0":"#0059a9","l1":"\n","c1":"#000000","l2":"N","c2":"#000000","bl0":"9, 10, 15, 41, 42, La, Lb, Lc","bc0":"#0059a9","bl1":"\n","bc1":"#000000","bl2":"N","bc2":"#000000"}},{"type":"Feature","geometry":{"type":"Point","coordinates":[19.458174,50.156792]},"properties":{"lines":"9, 10, 15, 41, 42, La, Lb, Lc, N","color":"#0059a9","mode":"bus","arr":["9","10","15","41","42","La","Lb","Lc","N"],"angle":-25.6,"l0":"9, 10, 15, 41, 42, La, Lb, Lc","c0":"#0059a9","l1":"\n","c1":"#000000","l2":"N","c2":"#000000","bl0":"9, 10, 15, 41, 42, La, Lb, Lc","bc0":"#0059a9","bl1":"\n","bc1":"#000000","bl2":"N","bc2":"#000000"}},{"type":"Feature","geometry":{"type":"Point","coordinates":[19.455245,50.15586]},"properties":{"lines":"9, 10, 15, 41, 42, La, Lb, Lc, N","color":"#0059a9","mode":"bus","arr":["9","10","15","41","42","La","Lb","Lc","N"],"angle":-23.5,"side":-1,"mi":1,"l0":"9, 10, 15, 41, 42, La, Lb, Lc","c0":"#0059a9","l1":"\n","c1":"#000000","l2":"N","c2":"#000000","bl0":"9, 10, 15, 41, 42, La, Lb, Lc","bc0":"#0059a9","bl1":"\n","bc1":"#000000","bl2":"N","bc2":"#000000"}},{"type":"Feature","geometry":{"type":"Point","coordinates":[19.461617,50.157848]},"properties":{"lines":"9, 10, 15, 41, 42, La, Lb, Lc, N","color":"#0059a9","mode":"bus","arr":["9","10","15","41","42","La","Lb","Lc","N"],"angle":-25.5,"extra":1,"ei":0,"l0":"9, 10, 15, 41, 42, La, Lb, Lc","c0":"#0059a9","l1":"\n","c1":"#000000","l2":"N","c2":"#000000","bl0":"9, 10, 15, 41, 42, La, Lb, Lc","bc0":"#0059a9","bl1":"\n","bc1":"#000000","bl2":"N","bc2":"#000000"}},{"type":"Feature","geometry":{"type":"Point","coordinates":[19.455452,50.155982]},"properties":{"lines":"9, 10, 15, 41, 42, La, Lb, Lc","color":"#0059a9","mode":"bus","arr":["9","10","15","41","42","La","Lb","Lc"],"angle":-26.8}},{"type":"Feature","geometry":{"type":"Point","coordinates":[19.45443,50.155198]},"properties":{"lines":"9, 10, 15, 41, 42, La, Lb, Lc, N","color":"#0059a9","mode":"bus","arr":["9","10","15","41","42","La","Lb","Lc","N"],"angle":-60.2,"side":-1,"mi":2,"l0":"9, 10, 15, 41, 42, La, Lb, Lc","c0":"#0059a9","l1":"\n","c1":"#000000","l2":"N","c2":"#000000","bl0":"9, 10, 15, 41, 42, La, Lb, Lc","bc0":"#0059a9","bl1":"\n","bc1":"#000000","bl2":"N","bc2":"#000000"}},{"type":"Feature","geometry":{"type":"Point","coordinates":[19.454071,50.155154]},"properties":{"lines":"9, 15, 41, 42","color":"#0059a9","mode":"bus","arr":["9","15","41","42"],"angle":-52.2,"mi":5}},{"type":"Feature","geometry":{"type":"Point","coordinates":[19.453653,50.155116]},"properties":{"lines":"9, 10, 15, 41, 42, La, Lb, Lc, N","color":"#0059a9","mode":"bus","arr":["9","10","15","41","42","La","Lb","Lc","N"],"angle":-71.2,"mi":3,"l0":"9, 10, 15, 41, 42, La, Lb, Lc","c0":"#0059a9","l1":"\n","c1":"#000000","l2":"N","c2":"#000000","bl0":"9, 10, 15, 41, 42, La, Lb, Lc","bc0":"#0059a9","bl1":"\n","bc1":"#000000","bl2":"N","bc2":"#000000"}},{"type":"Feature","geometry":{"type":"Point","coordinates":[19.451283,50.154672]},"properties":{"lines":"9, 15, 41, 42","color":"#0059a9","mode":"bus","arr":["9","15","41","42"],"angle":-25.6,"mi":3}},{"type":"Feature","geometry":{"type":"Point","coordinates":[19.453106,50.15523]},"properties":{"lines":"9, 15, 41, 42","color":"#0059a9","mode":"bus","arr":["9","15","41","42"],"angle":-25.6,"extra":1,"ei":0}},{"type":"Feature","geometry":{"type":"Point","coordinates":[19.438738,50.150825]},"properties":{"lines":"9, 15, 41, 42","color":"#0059a9","mode":"bus","arr":["9","15","41","42"],"angle":-25.7}},{"type":"Feature","geometry":{"type":"Point","coordinates":[19.446802,50.153298]},"properties":{"lines":"9, 15, 41, 42","color":"#0059a9","mode":"bus","arr":["9","15","41","42"],"angle":-25.5,"extra":1,"ei":0}},{"type":"Feature","geometry":{"type":"Point","coordinates":[19.444143,50.152485]},"properties":{"lines":"9, 15, 41, 42","color":"#0059a9","mode":"bus","arr":["9","15","41","42"],"angle":-25.3,"extra":1,"ei":1}},{"type":"Feature","geometry":{"type":"Point","coordinates":[19.441491,50.151665]},"properties":{"lines":"9, 15, 41, 42","color":"#0059a9","mode":"bus","arr":["9","15","41","42"],"angle":-24.4,"extra":1,"ei":2}},{"type":"Feature","geometry":{"type":"Point","coordinates":[19.436175,50.150036]},"properties":{"lines":"9, 15, 41, 42","color":"#0059a9","mode":"bus","arr":["9","15","41","42"],"angle":-27.6,"extra":1,"ei":3}},{"type":"Feature","geometry":{"type":"Point","coordinates":[19.433515,50.149224]},"properties":{"lines":"9, 15, 41, 42","color":"#0059a9","mode":"bus","arr":["9","15","41","42"],"angle":-25.5,"extra":1,"ei":4}},{"type":"Feature","geometry":{"type":"Point","coordinates":[19.430856,50.14841]},"properties":{"lines":"9, 15, 41, 42","color":"#0059a9","mode":"bus","arr":["9","15","41","42"],"angle":-25.6,"extra":1,"ei":5}},{"type":"Feature","geometry":{"type":"Point","coordinates":[19.439383,50.149273]},"properties":{"lines":"9, 15, 41","color":"#0059a9","mode":"bus","arr":["9","15","41"],"angle":-59.5,"mi":6}},{"type":"Feature","geometry":{"type":"Point","coordinates":[19.440983,50.151028]},"properties":{"lines":"9, 15, 41","color":"#0059a9","mode":"bus","arr":["9","15","41"],"angle":-68.2,"mi":8}},{"type":"Feature","geometry":{"type":"Point","coordinates":[19.439547,50.15046]},"properties":{"lines":"9, 15, 41","color":"#0059a9","mode":"bus","arr":["9","15","41"],"angle":-58.4,"mi":7}},{"type":"Feature","geometry":{"type":"Point","coordinates":[19.433645,50.144223]},"properties":{"lines":"9, 15, 41","color":"#0059a9","mode":"bus","arr":["9","15","41"],"angle":-83.4,"mi":3}},{"type":"Feature","geometry":{"type":"Point","coordinates":[19.435495,50.144875]},"properties":{"lines":"9, 15, 41","color":"#0059a9","mode":"bus","arr":["9","15","41"],"angle":35.1,"mi":1}},{"type":"Feature","geometry":{"type":"Point","coordinates":[19.434913,50.143624]},"properties":{"lines":"9, 15, 41","color":"#0059a9","mode":"bus","arr":["9","15","41"],"angle":-59.2,"extra":1,"ei":0,"side":-1}},{"type":"Feature","geometry":{"type":"Point","coordinates":[19.434419,50.143753]},"properties":{"lines":"9, 15, 41","color":"#0059a9","mode":"bus","arr":["9","15","41"],"angle":22.7,"mi":4}},{"type":"Feature","geometry":{"type":"Point","coordinates":[19.433779,50.144218]},"properties":{"lines":"9, 15, 41","color":"#0059a9","mode":"bus","arr":["9","15","41"],"angle":-89.7,"mi":2}},{"type":"Feature","geometry":{"type":"Point","coordinates":[19.436642,50.14708]},"properties":{"lines":"9, 15, 41","color":"#0059a9","mode":"bus","arr":["9","15","41"],"angle":-47.7}},{"type":"Feature","geometry":{"type":"Point","coordinates":[19.431471,50.144399]},"properties":{"lines":"9, 15, 41","color":"#0059a9","mode":"bus","arr":["9","15","41"],"angle":-1.3,"mi":5}},{"type":"Feature","geometry":{"type":"Point","coordinates":[19.424116,50.145221]},"properties":{"lines":"9, 15, 41","color":"#0059a9","mode":"bus","arr":["9","15","41"],"angle":15.1,"mi":9}},{"type":"Feature","geometry":{"type":"Point","coordinates":[19.434631,50.144799]},"properties":{"lines":"9, 15, 41","color":"#0059a9","mode":"bus","arr":["9","15","41"],"angle":-42.1,"extra":1,"ei":0}},{"type":"Feature","geometry":{"type":"Point","coordinates":[19.428898,50.144582]},"properties":{"lines":"9, 15, 41","color":"#0059a9","mode":"bus","arr":["9","15","41"],"angle":9.5,"extra":1,"ei":1}},{"type":"Feature","geometry":{"type":"Point","coordinates":[19.418623,50.144638]},"properties":{"lines":"9, 15, 41, 42","color":"#0059a9","mode":"bus","arr":["9","15","41","42"],"angle":-25.8,"mi":4}},{"type":"Feature","geometry":{"type":"Point","coordinates":[19.425512,50.146769]},"properties":{"lines":"9, 15, 41, 42","color":"#0059a9","mode":"bus","arr":["9","15","41","42"],"angle":-24.8,"mi":2}},{"type":"Feature","geometry":{"type":"Point","coordinates":[19.420673,50.145317]},"properties":{"lines":"9, 15, 41, 42","color":"#0059a9","mode":"bus","arr":["9","15","41","42"],"angle":-32,"extra":1,"ei":0}},{"type":"Feature","geometry":{"type":"Point","coordinates":[19.415399,50.143639]},"properties":{"lines":"9, 15, 41, 42","color":"#0059a9","mode":"bus","arr":["9","15","41","42"],"angle":-26.6,"extra":1,"ei":1}},{"type":"Feature","geometry":{"type":"Point","coordinates":[19.413109,50.142827]},"properties":{"lines":"9, 15, 41, 42, P","color":"#0059a9","mode":"bus","arr":["9","15","41","42","P"],"angle":-43.9}},{"type":"Feature","geometry":{"type":"Point","coordinates":[19.41193,50.141796]},"properties":{"lines":"9, 15, 41, 42, P","color":"#0059a9","mode":"bus","arr":["9","15","41","42","P"],"angle":-53.1,"extra":1,"ei":0}},{"type":"Feature","geometry":{"type":"Point","coordinates":[19.4087,50.143658]},"properties":{"lines":"9, 10, 29, 33","color":"#0059a9","mode":"bus","arr":["9","10","29","33"],"angle":21.5}},{"type":"Feature","geometry":{"type":"Point","coordinates":[19.414832,50.142669]},"properties":{"lines":"9, 15, 42, P","color":"#0059a9","mode":"bus","arr":["9","15","42","P"],"angle":-27.4,"side":-1}},{"type":"Feature","geometry":{"type":"Point","coordinates":[19.421233,50.145414]},"properties":{"lines":"9, 15, 42","color":"#0059a9","mode":"bus","arr":["9","15","42"],"angle":-27.2,"side":-1}},{"type":"Feature","geometry":{"type":"Point","coordinates":[19.422402,50.145591]},"properties":{"lines":"9, 15","color":"#0059a9","mode":"bus","arr":["9","15"],"angle":21.2,"side":-1}},{"type":"Feature","geometry":{"type":"Point","coordinates":[19.428764,50.147771]},"properties":{"lines":"9, 15, 41, 42","color":"#0059a9","mode":"bus","arr":["9","15","41","42"],"angle":-25.8,"mi":1}},{"type":"Feature","geometry":{"type":"Point","coordinates":[19.468179,50.158926]},"properties":{"lines":"10, 15, 41, 42, Lb, Lc","color":"#0059a9","mode":"bus","arr":["10","15","41","42","Lb","Lc"],"angle":30.5}},{"type":"Feature","geometry":{"type":"Point","coordinates":[19.469931,50.159069]},"properties":{"lines":"10, 41, 42, Lb, Lc, N","color":"#0059a9","mode":"bus","arr":["10","41","42","Lb","Lc","N"],"angle":-57.1,"mi":1,"l0":"10, 41, 42, Lb, Lc","c0":"#0059a9","l1":"\n","c1":"#000000","l2":"N","c2":"#000000","bl0":"10, 41, 42, Lb, Lc","bc0":"#0059a9","bl1":"\n","bc1":"#000000","bl2":"N","bc2":"#000000"}},{"type":"Feature","geometry":{"type":"Point","coordinates":[19.471741,50.162902]},"properties":{"lines":"10, 41, 42, Lb, Lc, N","color":"#0059a9","mode":"bus","arr":["10","41","42","Lb","Lc","N"],"angle":87.5,"l0":"10, 41, 42, Lb, Lc","c0":"#0059a9","l1":"\n","c1":"#000000","l2":"N","c2":"#000000","bl0":"10, 41, 42, Lb, Lc","bc0":"#0059a9","bl1":"\n","bc1":"#000000","bl2":"N","bc2":"#000000"}},{"type":"Feature","geometry":{"type":"Point","coordinates":[19.471256,50.160466]},"properties":{"lines":"10, 41, 42, Lb, Lc, N","color":"#0059a9","mode":"bus","arr":["10","41","42","Lb","Lc","N"],"angle":-72.7,"extra":1,"ei":0,"l0":"10, 41, 42, Lb, Lc","c0":"#0059a9","l1":"\n","c1":"#000000","l2":"N","c2":"#000000","bl0":"10, 41, 42, Lb, Lc","bc0":"#0059a9","bl1":"\n","bc1":"#000000","bl2":"N","bc2":"#000000"}},{"type":"Feature","geometry":{"type":"Point","coordinates":[19.471683,50.164194]},"properties":{"lines":"10, 41, 42, Lb, Lc, N","color":"#0059a9","mode":"bus","arr":["10","41","42","Lb","Lc","N"],"angle":-83.9,"extra":1,"ei":1,"l0":"10, 41, 42, Lb, Lc","c0":"#0059a9","l1":"\n","c1":"#000000","l2":"N","c2":"#000000","bl0":"10, 41, 42, Lb, Lc","bc0":"#0059a9","bl1":"\n","bc1":"#000000","bl2":"N","bc2":"#000000"}},{"type":"Feature","geometry":{"type":"Point","coordinates":[19.472879,50.165879]},"properties":{"lines":"10, 41, 42, Lb, Lc, N","color":"#0059a9","mode":"bus","arr":["10","41","42","Lb","Lc","N"],"angle":-74.7,"extra":1,"ei":2,"l0":"10, 41, 42, Lb, Lc","c0":"#0059a9","l1":"\n","c1":"#000000","l2":"N","c2":"#000000","bl0":"10, 41, 42, Lb, Lc","bc0":"#0059a9","bl1":"\n","bc1":"#000000","bl2":"N","bc2":"#000000"}},{"type":"Feature","geometry":{"type":"Point","coordinates":[19.472657,50.169538]},"properties":{"lines":"10, 41, 42, La, Lb, Lc","color":"#0059a9","mode":"bus","arr":["10","41","42","La","Lb","Lc"],"angle":-85.5}},{"type":"Feature","geometry":{"type":"Point","coordinates":[19.473058,50.167302]},"properties":{"lines":"10, 41, 42, La, Lb, Lc","color":"#0059a9","mode":"bus","arr":["10","41","42","La","Lb","Lc"],"angle":74.4,"extra":1,"ei":0}},{"type":"Feature","geometry":{"type":"Point","coordinates":[19.472894,50.171023]},"properties":{"lines":"10, 41, 42, La, Lb, Lc","color":"#0059a9","mode":"bus","arr":["10","41","42","La","Lb","Lc"],"angle":-84,"extra":1,"ei":1}},{"type":"Feature","geometry":{"type":"Point","coordinates":[19.473204,50.173277]},"properties":{"lines":"10, 15, 41, 42, La, Lb, Lc","color":"#0059a9","mode":"bus","arr":["10","15","41","42","La","Lb","Lc"],"angle":-85.4}},{"type":"Feature","geometry":{"type":"Point","coordinates":[19.465916,50.177072]},"properties":{"lines":"10","color":"#0059a9","mode":"bus","arr":["10"],"angle":28.7}},{"type":"Feature","geometry":{"type":"Point","coordinates":[19.472076,50.174341]},"properties":{"lines":"10","color":"#0059a9","mode":"bus","arr":["10"],"angle":36.6,"extra":1,"ei":0}},{"type":"Feature","geometry":{"type":"Point","coordinates":[19.469714,50.175471]},"properties":{"lines":"10","color":"#0059a9","mode":"bus","arr":["10"],"angle":37.8,"extra":1,"ei":1}},{"type":"Feature","geometry":{"type":"Point","coordinates":[19.462134,50.178271]},"properties":{"lines":"10","color":"#0059a9","mode":"bus","arr":["10"],"angle":39.4,"extra":1,"ei":2}},{"type":"Feature","geometry":{"type":"Point","coordinates":[19.459856,50.179469]},"properties":{"lines":"10","color":"#0059a9","mode":"bus","arr":["10"],"angle":39.8,"extra":1,"ei":3}},{"type":"Feature","geometry":{"type":"Point","coordinates":[19.419346,50.199277]},"properties":{"lines":"10, La","color":"#0059a9","mode":"bus","arr":["10","La"],"angle":43.8}},{"type":"Feature","geometry":{"type":"Point","coordinates":[19.417641,50.199761]},"properties":{"lines":"10, La","color":"#0059a9","mode":"bus","arr":["10","La"],"angle":5,"extra":1,"ei":0}},{"type":"Feature","geometry":{"type":"Point","coordinates":[19.417604,50.199047]},"properties":{"lines":"10, La","color":"#0059a9","mode":"bus","arr":["10","La"],"angle":66.6,"mi":2}},{"type":"Feature","geometry":{"type":"Point","coordinates":[19.417245,50.190883]},"properties":{"lines":"10","color":"#0059a9","mode":"bus","arr":["10"],"angle":-87}},{"type":"Feature","geometry":{"type":"Point","coordinates":[19.417768,50.197403]},"properties":{"lines":"10","color":"#0059a9","mode":"bus","arr":["10"],"angle":-76.8,"extra":1,"ei":0}},{"type":"Feature","geometry":{"type":"Point","coordinates":[19.417794,50.195521]},"properties":{"lines":"10","color":"#0059a9","mode":"bus","arr":["10"],"angle":88.1,"extra":1,"ei":1}},{"type":"Feature","geometry":{"type":"Point","coordinates":[19.417686,50.19364]},"properties":{"lines":"10","color":"#0059a9","mode":"bus","arr":["10"],"angle":-80.7,"extra":1,"ei":2}},{"type":"Feature","geometry":{"type":"Point","coordinates":[19.417259,50.187996]},"properties":{"lines":"10","color":"#0059a9","mode":"bus","arr":["10"],"angle":-86,"extra":1,"ei":3}},{"type":"Feature","geometry":{"type":"Point","coordinates":[19.416727,50.186148]},"properties":{"lines":"10","color":"#0059a9","mode":"bus","arr":["10"],"angle":-67.3,"extra":1,"ei":4}},{"type":"Feature","geometry":{"type":"Point","coordinates":[19.41584,50.184356]},"properties":{"lines":"10","color":"#0059a9","mode":"bus","arr":["10"],"angle":-65.3,"extra":1,"ei":5}},{"type":"Feature","geometry":{"type":"Point","coordinates":[19.409152,50.178504]},"properties":{"lines":"10","color":"#0059a9","mode":"bus","arr":["10"],"angle":-49.3}},{"type":"Feature","geometry":{"type":"Point","coordinates":[19.414373,50.182855]},"properties":{"lines":"10","color":"#0059a9","mode":"bus","arr":["10"],"angle":-55.1,"extra":1,"ei":0}},{"type":"Feature","geometry":{"type":"Point","coordinates":[19.412788,50.181263]},"properties":{"lines":"10","color":"#0059a9","mode":"bus","arr":["10"],"angle":-56.8,"extra":1,"ei":1}},{"type":"Feature","geometry":{"type":"Point","coordinates":[19.41093,50.179801]},"properties":{"lines":"10","color":"#0059a9","mode":"bus","arr":["10"],"angle":-48.2,"extra":1,"ei":2}},{"type":"Feature","geometry":{"type":"Point","coordinates":[19.407066,50.176949]},"properties":{"lines":"10","color":"#0059a9","mode":"bus","arr":["10"],"angle":-48.9,"extra":1,"ei":3}},{"type":"Feature","geometry":{"type":"Point","coordinates":[19.405115,50.175535]},"properties":{"lines":"10","color":"#0059a9","mode":"bus","arr":["10"],"angle":-48.2,"extra":1,"ei":4}},{"type":"Feature","geometry":{"type":"Point","coordinates":[19.403672,50.17395]},"properties":{"lines":"10","color":"#0059a9","mode":"bus","arr":["10"],"angle":-72.6,"extra":1,"ei":5}},{"type":"Feature","geometry":{"type":"Point","coordinates":[19.401568,50.169728]},"properties":{"lines":"10","color":"#0059a9","mode":"bus","arr":["10"],"angle":84.2}},{"type":"Feature","geometry":{"type":"Point","coordinates":[19.4036,50.167325]},"properties":{"lines":"10","color":"#0059a9","mode":"bus","arr":["10"],"angle":70.6,"extra":1,"ei":0}},{"type":"Feature","geometry":{"type":"Point","coordinates":[19.402764,50.172357]},"properties":{"lines":"10","color":"#0059a9","mode":"bus","arr":["10"],"angle":85.4,"extra":1,"ei":1}},{"type":"Feature","geometry":{"type":"Point","coordinates":[19.405779,50.163292]},"properties":{"lines":"10, 29","color":"#0059a9","mode":"bus","arr":["10","29"],"angle":73.6}},{"type":"Feature","geometry":{"type":"Point","coordinates":[19.404563,50.16554]},"properties":{"lines":"10, 29","color":"#0059a9","mode":"bus","arr":["10","29"],"angle":71.4,"extra":1,"ei":0}},{"type":"Feature","geometry":{"type":"Point","coordinates":[19.406046,50.161908]},"properties":{"lines":"10, 29","color":"#0059a9","mode":"bus","arr":["10","29"],"angle":83.2,"extra":1,"ei":1}},{"type":"Feature","geometry":{"type":"Point","coordinates":[19.406362,50.160041]},"properties":{"lines":"10, 29","color":"#0059a9","mode":"bus","arr":["10","29"],"angle":-81.7,"extra":1,"ei":2}},{"type":"Feature","geometry":{"type":"Point","coordinates":[19.404619,50.153934]},"properties":{"lines":"10, 29","color":"#0059a9","mode":"bus","arr":["10","29"],"angle":90,"mi":1}},{"type":"Feature","geometry":{"type":"Point","coordinates":[19.405942,50.159]},"properties":{"lines":"10, 29","color":"#0059a9","mode":"bus","arr":["10","29"],"angle":-75.4,"extra":1,"ei":0}},{"type":"Feature","geometry":{"type":"Point","coordinates":[19.405198,50.157173]},"properties":{"lines":"10, 29","color":"#0059a9","mode":"bus","arr":["10","29"],"angle":-74.5,"extra":1,"ei":1}},{"type":"Feature","geometry":{"type":"Point","coordinates":[19.404711,50.155315]},"properties":{"lines":"10, 29","color":"#0059a9","mode":"bus","arr":["10","29"],"angle":-85.7,"extra":1,"ei":2}},{"type":"Feature","geometry":{"type":"Point","coordinates":[19.404647,50.151655]},"properties":{"lines":"10, 29","color":"#0059a9","mode":"bus","arr":["10","29"],"angle":33,"extra":1,"ei":3}},{"type":"Feature","geometry":{"type":"Point","coordinates":[19.407565,50.151417]},"properties":{"lines":"10, 29","color":"#0059a9","mode":"bus","arr":["10","29"],"angle":3.9,"extra":1,"ei":4}},{"type":"Feature","geometry":{"type":"Point","coordinates":[19.409159,50.150121]},"properties":{"lines":"10, 29","color":"#0059a9","mode":"bus","arr":["10","29"],"angle":-53.6}},{"type":"Feature","geometry":{"type":"Point","coordinates":[19.407431,50.148973]},"properties":{"lines":"10, 29, 31B","color":"#0059a9","mode":"bus","arr":["10","29","31B"],"angle":-8.5,"mi":2}},{"type":"Feature","geometry":{"type":"Point","coordinates":[19.405438,50.147119]},"properties":{"lines":"10, 29, 31B","color":"#0059a9","mode":"bus","arr":["10","29","31B"],"angle":-63.1}},{"type":"Feature","geometry":{"type":"Point","coordinates":[19.404553,50.145869]},"properties":{"lines":"10, 29, 31B","color":"#0059a9","mode":"bus","arr":["10","29","31B"],"angle":-67.2,"mi":1}},{"type":"Feature","geometry":{"type":"Point","coordinates":[19.403891,50.14461]},"properties":{"lines":"10, 29","color":"#0059a9","mode":"bus","arr":["10","29"],"angle":-88.3,"mi":2}},{"type":"Feature","geometry":{"type":"Point","coordinates":[19.40396,50.144609]},"properties":{"lines":"10, 31B","color":"#0059a9","mode":"bus","arr":["10","31B"],"angle":-88.3,"side":-1}},{"type":"Feature","geometry":{"type":"Point","coordinates":[19.419577,50.198212]},"properties":{"lines":"10, La","color":"#0059a9","mode":"bus","arr":["10","La"],"angle":5.2,"mi":1}},{"type":"Feature","geometry":{"type":"Point","coordinates":[19.452423,50.173058]},"properties":{"lines":"10","color":"#0059a9","mode":"bus","arr":["10"],"angle":64.2}},{"type":"Feature","geometry":{"type":"Point","coordinates":[19.45332,50.176798]},"properties":{"lines":"10","color":"#0059a9","mode":"bus","arr":["10"],"angle":-67.8,"extra":1,"ei":0}},{"type":"Feature","geometry":{"type":"Point","coordinates":[19.452114,50.175082]},"properties":{"lines":"10","color":"#0059a9","mode":"bus","arr":["10"],"angle":-60.6,"extra":1,"ei":1}},{"type":"Feature","geometry":{"type":"Point","coordinates":[19.453512,50.171648]},"properties":{"lines":"10","color":"#0059a9","mode":"bus","arr":["10"],"angle":60.4,"extra":1,"ei":2}},{"type":"Feature","geometry":{"type":"Point","coordinates":[19.455273,50.170137]},"properties":{"lines":"10","color":"#0059a9","mode":"bus","arr":["10"],"angle":51.4,"extra":1,"ei":3}},{"type":"Feature","geometry":{"type":"Point","coordinates":[19.458404,50.166928]},"properties":{"lines":"10, La","color":"#0059a9","mode":"bus","arr":["10","La"],"angle":-85.1}},{"type":"Feature","geometry":{"type":"Point","coordinates":[19.458207,50.165522]},"properties":{"lines":"10, La","color":"#0059a9","mode":"bus","arr":["10","La"],"angle":-83.5,"extra":1,"ei":0}},{"type":"Feature","geometry":{"type":"Point","coordinates":[19.485529,50.153149]},"properties":{"lines":"10, 15, 41, N","color":"#0059a9","mode":"bus","arr":["10","15","41","N"],"angle":39.6,"l0":"10, 15, 41","c0":"#0059a9","l1":"\n","c1":"#000000","l2":"N","c2":"#000000","bl0":"10, 15, 41","bc0":"#0059a9","bl1":"\n","bc1":"#000000","bl2":"N","bc2":"#000000"}},{"type":"Feature","geometry":{"type":"Point","coordinates":[19.471305,50.158299]},"properties":{"lines":"10, 15, 41, N","color":"#0059a9","mode":"bus","arr":["10","15","41","N"],"angle":-5.4,"l0":"10, 15, 41","c0":"#0059a9","l1":"\n","c1":"#000000","l2":"N","c2":"#000000","bl0":"10, 15, 41","bc0":"#0059a9","bl1":"\n","bc1":"#000000","bl2":"N","bc2":"#000000"}},{"type":"Feature","geometry":{"type":"Point","coordinates":[19.481001,50.15554]},"properties":{"lines":"10, 15, 41, N","color":"#0059a9","mode":"bus","arr":["10","15","41","N"],"angle":39.6,"extra":1,"ei":0,"l0":"10, 15, 41","c0":"#0059a9","l1":"\n","c1":"#000000","l2":"N","c2":"#000000","bl0":"10, 15, 41","bc0":"#0059a9","bl1":"\n","bc1":"#000000","bl2":"N","bc2":"#000000"}},{"type":"Feature","geometry":{"type":"Point","coordinates":[19.483273,50.154337]},"properties":{"lines":"10, 15, 41, N","color":"#0059a9","mode":"bus","arr":["10","15","41","N"],"angle":39.4,"extra":1,"ei":1,"l0":"10, 15, 41","c0":"#0059a9","l1":"\n","c1":"#000000","l2":"N","c2":"#000000","bl0":"10, 15, 41","bc0":"#0059a9","bl1":"\n","bc1":"#000000","bl2":"N","bc2":"#000000"}},{"type":"Feature","geometry":{"type":"Point","coordinates":[19.487819,50.151934]},"properties":{"lines":"10, 15, 41, N","color":"#0059a9","mode":"bus","arr":["10","15","41","N"],"angle":39.6,"extra":1,"ei":2,"l0":"10, 15, 41","c0":"#0059a9","l1":"\n","c1":"#000000","l2":"N","c2":"#000000","bl0":"10, 15, 41","bc0":"#0059a9","bl1":"\n","bc1":"#000000","bl2":"N","bc2":"#000000"}},{"type":"Feature","geometry":{"type":"Point","coordinates":[19.490093,50.150732]},"properties":{"lines":"10, 15, 41, N","color":"#0059a9","mode":"bus","arr":["10","15","41","N"],"angle":39.2,"extra":1,"ei":3,"l0":"10, 15, 41","c0":"#0059a9","l1":"\n","c1":"#000000","l2":"N","c2":"#000000","bl0":"10, 15, 41","bc0":"#0059a9","bl1":"\n","bc1":"#000000","bl2":"N","bc2":"#000000"}},{"type":"Feature","geometry":{"type":"Point","coordinates":[19.470159,50.158222]},"properties":{"lines":"10, 15, 41","color":"#0059a9","mode":"bus","arr":["10","15","41"],"angle":9.8,"side":-1}},{"type":"Feature","geometry":{"type":"Point","coordinates":[19.472389,50.158353]},"properties":{"lines":"10, 15, 41","color":"#0059a9","mode":"bus","arr":["10","15","41"],"angle":0.8,"mi":1}},{"type":"Feature","geometry":{"type":"Point","coordinates":[19.473291,50.158291]},"properties":{"lines":"10, 41","color":"#0059a9","mode":"bus","arr":["10","41"],"angle":10.1}},{"type":"Feature","geometry":{"type":"Point","coordinates":[19.476726,50.157203]},"properties":{"lines":"10, 41, N","color":"#0059a9","mode":"bus","arr":["10","41","N"],"angle":27,"l0":"10, 41","c0":"#0059a9","l1":"\n","c1":"#000000","l2":"N","c2":"#000000","bl0":"10, 41","bc0":"#0059a9","bl1":"\n","bc1":"#000000","bl2":"N","bc2":"#000000"}},{"type":"Feature","geometry":{"type":"Point","coordinates":[19.474878,50.157807]},"properties":{"lines":"10, 41, N","color":"#0059a9","mode":"bus","arr":["10","41","N"],"angle":27,"extra":1,"ei":0,"l0":"10, 41","c0":"#0059a9","l1":"\n","c1":"#000000","l2":"N","c2":"#000000","bl0":"10, 41","bc0":"#0059a9","bl1":"\n","bc1":"#000000","bl2":"N","bc2":"#000000"}},{"type":"Feature","geometry":{"type":"Point","coordinates":[19.49214,50.158145]},"properties":{"lines":"15","color":"#0059a9","mode":"bus","arr":["15"],"angle":80}},{"type":"Feature","geometry":{"type":"Point","coordinates":[19.4921,50.15115]},"properties":{"lines":"15","color":"#0059a9","mode":"bus","arr":["15"],"angle":-62.9,"extra":1,"ei":0}},{"type":"Feature","geometry":{"type":"Point","coordinates":[19.493545,50.152786]},"properties":{"lines":"15","color":"#0059a9","mode":"bus","arr":["15"],"angle":-54.9,"extra":1,"ei":1}},{"type":"Feature","geometry":{"type":"Point","coordinates":[19.493713,50.154564]},"properties":{"lines":"15","color":"#0059a9","mode":"bus","arr":["15"],"angle":68.6,"extra":1,"ei":2}},{"type":"Feature","geometry":{"type":"Point","coordinates":[19.493019,50.156396]},"properties":{"lines":"15","color":"#0059a9","mode":"bus","arr":["15"],"angle":76.5,"extra":1,"ei":3}},{"type":"Feature","geometry":{"type":"Point","coordinates":[19.49256,50.160036]},"properties":{"lines":"15","color":"#0059a9","mode":"bus","arr":["15"],"angle":-72.6,"extra":1,"ei":4}},{"type":"Feature","geometry":{"type":"Point","coordinates":[19.493563,50.161777]},"properties":{"lines":"15","color":"#0059a9","mode":"bus","arr":["15"],"angle":-38.7,"extra":1,"ei":5}},{"type":"Feature","geometry":{"type":"Point","coordinates":[19.495936,50.162888]},"properties":{"lines":"15","color":"#0059a9","mode":"bus","arr":["15"],"angle":-41.8,"extra":1,"ei":6}},{"type":"Feature","geometry":{"type":"Point","coordinates":[19.497631,50.164403]},"properties":{"lines":"15","color":"#0059a9","mode":"bus","arr":["15"],"angle":-72.9,"extra":1,"ei":7}},{"type":"Feature","geometry":{"type":"Point","coordinates":[19.284589,50.054125]},"properties":{"lines":"15","color":"#0059a9","mode":"bus","arr":["15"],"angle":-29.1}},{"type":"Feature","geometry":{"type":"Point","coordinates":[19.274302,50.051535]},"properties":{"lines":"15","color":"#0059a9","mode":"bus","arr":["15"],"angle":9.4,"extra":1,"ei":0}},{"type":"Feature","geometry":{"type":"Point","coordinates":[19.277223,50.051284]},"properties":{"lines":"15","color":"#0059a9","mode":"bus","arr":["15"],"angle":8,"extra":1,"ei":1}},{"type":"Feature","geometry":{"type":"Point","coordinates":[19.280143,50.05103]},"properties":{"lines":"15","color":"#0059a9","mode":"bus","arr":["15"],"angle":6.3,"extra":1,"ei":2}},{"type":"Feature","geometry":{"type":"Point","coordinates":[19.282285,50.051854]},"properties":{"lines":"15","color":"#0059a9","mode":"bus","arr":["15"],"angle":-80.1,"extra":1,"ei":3}},{"type":"Feature","geometry":{"type":"Point","coordinates":[19.288729,50.054713]},"properties":{"lines":"15","color":"#0059a9","mode":"bus","arr":["15"],"angle":2.7,"extra":1,"ei":4}},{"type":"Feature","geometry":{"type":"Point","coordinates":[19.290904,50.055815]},"properties":{"lines":"15","color":"#0059a9","mode":"bus","arr":["15"],"angle":-57.2,"extra":1,"ei":5}},{"type":"Feature","geometry":{"type":"Point","coordinates":[19.291435,50.057591]},"properties":{"lines":"15","color":"#0059a9","mode":"bus","arr":["15"],"angle":89.3,"extra":1,"ei":6}},{"type":"Feature","geometry":{"type":"Point","coordinates":[19.290818,50.059397]},"properties":{"lines":"15","color":"#0059a9","mode":"bus","arr":["15"],"angle":85.5,"extra":1,"ei":7}},{"type":"Feature","geometry":{"type":"Point","coordinates":[19.296588,50.068012]},"properties":{"lines":"15","color":"#0059a9","mode":"bus","arr":["15"],"angle":-44.5}},{"type":"Feature","geometry":{"type":"Point","coordinates":[19.291589,50.061262]},"properties":{"lines":"15","color":"#0059a9","mode":"bus","arr":["15"],"angle":-55.2,"extra":1,"ei":0}},{"type":"Feature","geometry":{"type":"Point","coordinates":[19.293042,50.06288]},"properties":{"lines":"15","color":"#0059a9","mode":"bus","arr":["15"],"angle":-78,"extra":1,"ei":1}},{"type":"Feature","geometry":{"type":"Point","coordinates":[19.293588,50.064736]},"properties":{"lines":"15","color":"#0059a9","mode":"bus","arr":["15"],"angle":-73.3,"extra":1,"ei":2}},{"type":"Feature","geometry":{"type":"Point","coordinates":[19.294674,50.066491]},"properties":{"lines":"15","color":"#0059a9","mode":"bus","arr":["15"],"angle":-67.6,"extra":1,"ei":3}},{"type":"Feature","geometry":{"type":"Point","coordinates":[19.297707,50.069618]},"properties":{"lines":"15","color":"#0059a9","mode":"bus","arr":["15"],"angle":-75.5,"extra":1,"ei":4}},{"type":"Feature","geometry":{"type":"Point","coordinates":[19.299368,50.071092]},"properties":{"lines":"15","color":"#0059a9","mode":"bus","arr":["15"],"angle":-33.3,"extra":1,"ei":5}},{"type":"Feature","geometry":{"type":"Point","coordinates":[19.30185,50.07211]},"properties":{"lines":"15","color":"#0059a9","mode":"bus","arr":["15"],"angle":-33.5,"extra":1,"ei":6}},{"type":"Feature","geometry":{"type":"Point","coordinates":[19.304283,50.073175]},"properties":{"lines":"15","color":"#0059a9","mode":"bus","arr":["15"],"angle":-34.7,"extra":1,"ei":7}},{"type":"Feature","geometry":{"type":"Point","coordinates":[19.314352,50.080145]},"properties":{"lines":"15","color":"#0059a9","mode":"bus","arr":["15"],"angle":-40.8}},{"type":"Feature","geometry":{"type":"Point","coordinates":[19.306601,50.07458]},"properties":{"lines":"15","color":"#0059a9","mode":"bus","arr":["15"],"angle":-56.1,"extra":1,"ei":0}},{"type":"Feature","geometry":{"type":"Point","coordinates":[19.308246,50.076148]},"properties":{"lines":"15","color":"#0059a9","mode":"bus","arr":["15"],"angle":-56.1,"extra":1,"ei":1}},{"type":"Feature","geometry":{"type":"Point","coordinates":[19.309989,50.077666]},"properties":{"lines":"15","color":"#0059a9","mode":"bus","arr":["15"],"angle":-44.6,"extra":1,"ei":2}},{"type":"Feature","geometry":{"type":"Point","coordinates":[19.312178,50.07893]},"properties":{"lines":"15","color":"#0059a9","mode":"bus","arr":["15"],"angle":-41.5,"extra":1,"ei":3}},{"type":"Feature","geometry":{"type":"Point","coordinates":[19.316628,50.081406]},"properties":{"lines":"15","color":"#0059a9","mode":"bus","arr":["15"],"angle":-44.2,"extra":1,"ei":4}},{"type":"Feature","geometry":{"type":"Point","coordinates":[19.317882,50.083089]},"properties":{"lines":"15","color":"#0059a9","mode":"bus","arr":["15"],"angle":-73.5,"extra":1,"ei":5}},{"type":"Feature","geometry":{"type":"Point","coordinates":[19.319102,50.084793]},"properties":{"lines":"15","color":"#0059a9","mode":"bus","arr":["15"],"angle":-58.2,"extra":1,"ei":6}},{"type":"Feature","geometry":{"type":"Point","coordinates":[19.320126,50.086555]},"properties":{"lines":"15","color":"#0059a9","mode":"bus","arr":["15"],"angle":-72.1,"extra":1,"ei":7}},{"type":"Feature","geometry":{"type":"Point","coordinates":[19.312653,50.086708]},"properties":{"lines":"15","color":"#0059a9","mode":"bus","arr":["15"],"angle":2.5,"mi":1}},{"type":"Feature","geometry":{"type":"Point","coordinates":[19.319033,50.087118]},"properties":{"lines":"15","color":"#0059a9","mode":"bus","arr":["15"],"angle":-16.1,"extra":1,"ei":0}},{"type":"Feature","geometry":{"type":"Point","coordinates":[19.316199,50.086618]},"properties":{"lines":"15","color":"#0059a9","mode":"bus","arr":["15"],"angle":-3.4,"extra":1,"ei":1}},{"type":"Feature","geometry":{"type":"Point","coordinates":[19.310333,50.086868]},"properties":{"lines":"15","color":"#0059a9","mode":"bus","arr":["15"],"angle":20.4,"extra":1,"ei":2}},{"type":"Feature","geometry":{"type":"Point","coordinates":[19.308269,50.088166]},"properties":{"lines":"15","color":"#0059a9","mode":"bus","arr":["15"],"angle":52.6,"extra":1,"ei":3}},{"type":"Feature","geometry":{"type":"Point","coordinates":[19.301989,50.09104]},"properties":{"lines":"15, A, B","color":"#0059a9","mode":"bus","arr":["15","A","B"],"angle":33.2}},{"type":"Feature","geometry":{"type":"Point","coordinates":[19.304992,50.089776]},"properties":{"lines":"15, A, B","color":"#0059a9","mode":"bus","arr":["15","A","B"],"angle":33.7,"extra":1,"ei":0}},{"type":"Feature","geometry":{"type":"Point","coordinates":[19.300076,50.091859]},"properties":{"lines":"15, A, B","color":"#0059a9","mode":"bus","arr":["15","A","B"],"angle":33.7,"extra":1,"ei":1}},{"type":"Feature","geometry":{"type":"Point","coordinates":[19.383946,50.134704]},"properties":{"lines":"15","color":"#0059a9","mode":"bus","arr":["15"],"angle":-38.7}},{"type":"Feature","geometry":{"type":"Point","coordinates":[19.29802,50.09314]},"properties":{"lines":"15","color":"#0059a9","mode":"bus","arr":["15"],"angle":-51.1}},{"type":"Feature","geometry":{"type":"Point","coordinates":[19.394152,50.138776]},"properties":{"lines":"15","color":"#0059a9","mode":"bus","arr":["15"],"angle":-42.1,"extra":1,"ei":0}},{"type":"Feature","geometry":{"type":"Point","coordinates":[19.39192,50.13755]},"properties":{"lines":"15","color":"#0059a9","mode":"bus","arr":["15"],"angle":-28.7,"extra":1,"ei":1}},{"type":"Feature","geometry":{"type":"Point","coordinates":[19.389228,50.136783]},"properties":{"lines":"15","color":"#0059a9","mode":"bus","arr":["15"],"angle":-24,"extra":1,"ei":2}},{"type":"Feature","geometry":{"type":"Point","coordinates":[19.386551,50.135994]},"properties":{"lines":"15","color":"#0059a9","mode":"bus","arr":["15"],"angle":-30.3,"extra":1,"ei":3}},{"type":"Feature","geometry":{"type":"Point","coordinates":[19.381887,50.133688]},"properties":{"lines":"15","color":"#0059a9","mode":"bus","arr":["15"],"angle":-37.2,"extra":1,"ei":4}},{"type":"Feature","geometry":{"type":"Point","coordinates":[19.379527,50.132557]},"properties":{"lines":"15","color":"#0059a9","mode":"bus","arr":["15"],"angle":-34,"extra":1,"ei":5}},{"type":"Feature","geometry":{"type":"Point","coordinates":[19.376886,50.131728]},"properties":{"lines":"15","color":"#0059a9","mode":"bus","arr":["15"],"angle":-22.5,"extra":1,"ei":6}},{"type":"Feature","geometry":{"type":"Point","coordinates":[19.374153,50.131021]},"properties":{"lines":"15","color":"#0059a9","mode":"bus","arr":["15"],"angle":-21.9,"extra":1,"ei":7}},{"type":"Feature","geometry":{"type":"Point","coordinates":[19.300833,50.095081]},"properties":{"lines":"15, A, B","color":"#0059a9","mode":"bus","arr":["15","A","B"],"angle":-46.7,"mi":2}},{"type":"Feature","geometry":{"type":"Point","coordinates":[19.302943,50.096499]},"properties":{"lines":"15, A, B","color":"#0059a9","mode":"bus","arr":["15","A","B"],"angle":-46.1,"extra":1,"ei":0}},{"type":"Feature","geometry":{"type":"Point","coordinates":[19.298898,50.093752]},"properties":{"lines":"15, A, B","color":"#0059a9","mode":"bus","arr":["15","A","B"],"angle":-47.1,"extra":1,"ei":1}},{"type":"Feature","geometry":{"type":"Point","coordinates":[19.317368,50.101718]},"properties":{"lines":"15, A, B","color":"#0059a9","mode":"bus","arr":["15","A","B"],"angle":75.2,"mi":3}},{"type":"Feature","geometry":{"type":"Point","coordinates":[19.32909,50.102707]},"properties":{"lines":"15, A, B","color":"#0059a9","mode":"bus","arr":["15","A","B"],"angle":-0.6,"mi":1}},{"type":"Feature","geometry":{"type":"Point","coordinates":[19.320429,50.09993]},"properties":{"lines":"15, A, B","color":"#0059a9","mode":"bus","arr":["15","A","B"],"angle":-6.4,"mi":2}},{"type":"Feature","geometry":{"type":"Point","coordinates":[19.323517,50.100803]},"properties":{"lines":"15, A, B","color":"#0059a9","mode":"bus","arr":["15","A","B"],"angle":62.3}},{"type":"Feature","geometry":{"type":"Point","coordinates":[19.323142,50.101778]},"properties":{"lines":"15, B","color":"#0059a9","mode":"bus","arr":["15","B"],"angle":-29.9}},{"type":"Feature","geometry":{"type":"Point","coordinates":[19.326965,50.102605]},"properties":{"lines":"15, B","color":"#0059a9","mode":"bus","arr":["15","B"],"angle":-13.7,"extra":1,"ei":0}},{"type":"Feature","geometry":{"type":"Point","coordinates":[19.321639,50.101089]},"properties":{"lines":"15, B","color":"#0059a9","mode":"bus","arr":["15","B"],"angle":-36.7,"extra":1,"ei":1}},{"type":"Feature","geometry":{"type":"Point","coordinates":[19.319003,50.100261]},"properties":{"lines":"15, B","color":"#0059a9","mode":"bus","arr":["15","B"],"angle":-21.4,"extra":1,"ei":2}},{"type":"Feature","geometry":{"type":"Point","coordinates":[19.338266,50.109839]},"properties":{"lines":"15","color":"#0059a9","mode":"bus","arr":["15"],"angle":-28.8}},{"type":"Feature","geometry":{"type":"Point","coordinates":[19.334037,50.108256]},"properties":{"lines":"15","color":"#0059a9","mode":"bus","arr":["15"],"angle":-29.6,"extra":1,"ei":0}},{"type":"Feature","geometry":{"type":"Point","coordinates":[19.336572,50.109219]},"properties":{"lines":"15","color":"#0059a9","mode":"bus","arr":["15"],"angle":-30.7,"extra":1,"ei":1}},{"type":"Feature","geometry":{"type":"Point","coordinates":[19.341841,50.1109]},"properties":{"lines":"15","color":"#0059a9","mode":"bus","arr":["15"],"angle":-23.4,"extra":1,"ei":2}},{"type":"Feature","geometry":{"type":"Point","coordinates":[19.35473,50.115687]},"properties":{"lines":"15","color":"#0059a9","mode":"bus","arr":["15"],"angle":-39.8}},{"type":"Feature","geometry":{"type":"Point","coordinates":[19.362348,50.120783]},"properties":{"lines":"15","color":"#0059a9","mode":"bus","arr":["15"],"angle":-46.5,"extra":1,"ei":0}},{"type":"Feature","geometry":{"type":"Point","coordinates":[19.360318,50.119414]},"properties":{"lines":"15","color":"#0059a9","mode":"bus","arr":["15"],"angle":-46.5,"extra":1,"ei":1}},{"type":"Feature","geometry":{"type":"Point","coordinates":[19.358289,50.118045]},"properties":{"lines":"15","color":"#0059a9","mode":"bus","arr":["15"],"angle":-46.6,"extra":1,"ei":2}},{"type":"Feature","geometry":{"type":"Point","coordinates":[19.356265,50.116672]},"properties":{"lines":"15","color":"#0059a9","mode":"bus","arr":["15"],"angle":-46.5,"extra":1,"ei":3}},{"type":"Feature","geometry":{"type":"Point","coordinates":[19.351583,50.114419]},"properties":{"lines":"15","color":"#0059a9","mode":"bus","arr":["15"],"angle":-30.7,"extra":1,"ei":4}},{"type":"Feature","geometry":{"type":"Point","coordinates":[19.34905,50.113454]},"properties":{"lines":"15","color":"#0059a9","mode":"bus","arr":["15"],"angle":-30.8,"extra":1,"ei":5}},{"type":"Feature","geometry":{"type":"Point","coordinates":[19.346518,50.112488]},"properties":{"lines":"15","color":"#0059a9","mode":"bus","arr":["15"],"angle":-30.8,"extra":1,"ei":6}},{"type":"Feature","geometry":{"type":"Point","coordinates":[19.36875,50.127508]},"properties":{"lines":"15","color":"#0059a9","mode":"bus","arr":["15"],"angle":-62.9,"mi":2}},{"type":"Feature","geometry":{"type":"Point","coordinates":[19.36539,50.123389]},"properties":{"lines":"15","color":"#0059a9","mode":"bus","arr":["15"],"angle":-64.7,"mi":1}},{"type":"Feature","geometry":{"type":"Point","coordinates":[19.364283,50.122206]},"properties":{"lines":"15","color":"#0059a9","mode":"bus","arr":["15"],"angle":-53.9,"extra":1,"ei":0}},{"type":"Feature","geometry":{"type":"Point","coordinates":[19.367118,50.125473]},"properties":{"lines":"15","color":"#0059a9","mode":"bus","arr":["15"],"angle":-65.9,"extra":1,"ei":0}},{"type":"Feature","geometry":{"type":"Point","coordinates":[19.369811,50.128833]},"properties":{"lines":"15","color":"#0059a9","mode":"bus","arr":["15"],"angle":-62.8,"extra":1,"ei":1}},{"type":"Feature","geometry":{"type":"Point","coordinates":[19.365883,50.123871]},"properties":{"lines":"15","color":"#0059a9","mode":"bus","arr":["15"],"angle":-62,"side":-1}},{"type":"Feature","geometry":{"type":"Point","coordinates":[19.529241,50.171182]},"properties":{"lines":"15, 41, N","color":"#0059a9","mode":"bus","arr":["15","41","N"],"angle":-2.6,"l0":"15, 41","c0":"#0059a9","l1":"\n","c1":"#000000","l2":"N","c2":"#000000","bl0":"15, 41","bc0":"#0059a9","bl1":"\n","bc1":"#000000","bl2":"N","bc2":"#000000"}},{"type":"Feature","geometry":{"type":"Point","coordinates":[19.520079,50.162013]},"properties":{"lines":"15, 41, N","color":"#0059a9","mode":"bus","arr":["15","41","N"],"angle":66.9,"l0":"15, 41","c0":"#0059a9","l1":"\n","c1":"#000000","l2":"N","c2":"#000000","bl0":"15, 41","bc0":"#0059a9","bl1":"\n","bc1":"#000000","bl2":"N","bc2":"#000000"}},{"type":"Feature","geometry":{"type":"Point","coordinates":[19.525627,50.170568]},"properties":{"lines":"15, 41, N","color":"#0059a9","mode":"bus","arr":["15","41","N"],"angle":-44.3,"extra":1,"ei":0,"l0":"15, 41","c0":"#0059a9","l1":"\n","c1":"#000000","l2":"N","c2":"#000000","bl0":"15, 41","bc0":"#0059a9","bl1":"\n","bc1":"#000000","bl2":"N","bc2":"#000000"}},{"type":"Feature","geometry":{"type":"Point","coordinates":[19.523174,50.169537]},"properties":{"lines":"15, 41, N","color":"#0059a9","mode":"bus","arr":["15","41","N"],"angle":-34.3,"extra":1,"ei":1,"l0":"15, 41","c0":"#0059a9","l1":"\n","c1":"#000000","l2":"N","c2":"#000000","bl0":"15, 41","bc0":"#0059a9","bl1":"\n","bc1":"#000000","bl2":"N","bc2":"#000000"}},{"type":"Feature","geometry":{"type":"Point","coordinates":[19.520944,50.168309]},"properties":{"lines":"15, 41, N","color":"#0059a9","mode":"bus","arr":["15","41","N"],"angle":-54.5,"extra":1,"ei":2,"l0":"15, 41","c0":"#0059a9","l1":"\n","c1":"#000000","l2":"N","c2":"#000000","bl0":"15, 41","bc0":"#0059a9","bl1":"\n","bc1":"#000000","bl2":"N","bc2":"#000000"}},{"type":"Feature","geometry":{"type":"Point","coordinates":[19.519747,50.166592]},"properties":{"lines":"15, 41, N","color":"#0059a9","mode":"bus","arr":["15","41","N"],"angle":-66.4,"extra":1,"ei":3,"l0":"15, 41","c0":"#0059a9","l1":"\n","c1":"#000000","l2":"N","c2":"#000000","bl0":"15, 41","bc0":"#0059a9","bl1":"\n","bc1":"#000000","bl2":"N","bc2":"#000000"}},{"type":"Feature","geometry":{"type":"Point","coordinates":[19.519198,50.164743]},"properties":{"lines":"15, 41, N","color":"#0059a9","mode":"bus","arr":["15","41","N"],"angle":88.5,"extra":1,"ei":4,"l0":"15, 41","c0":"#0059a9","l1":"\n","c1":"#000000","l2":"N","c2":"#000000","bl0":"15, 41","bc0":"#0059a9","bl1":"\n","bc1":"#000000","bl2":"N","bc2":"#000000"}},{"type":"Feature","geometry":{"type":"Point","coordinates":[19.52054,50.15936]},"properties":{"lines":"15, 41, N","color":"#0059a9","mode":"bus","arr":["15","41","N"],"angle":84.9,"extra":1,"ei":5,"l0":"15, 41","c0":"#0059a9","l1":"\n","c1":"#000000","l2":"N","c2":"#000000","bl0":"15, 41","bc0":"#0059a9","bl1":"\n","bc1":"#000000","bl2":"N","bc2":"#000000"}},{"type":"Feature","geometry":{"type":"Point","coordinates":[19.520634,50.15748]},"properties":{"lines":"15, 41, N","color":"#0059a9","mode":"bus","arr":["15","41","N"],"angle":-83.5,"extra":1,"ei":6,"l0":"15, 41","c0":"#0059a9","l1":"\n","c1":"#000000","l2":"N","c2":"#000000","bl0":"15, 41","bc0":"#0059a9","bl1":"\n","bc1":"#000000","bl2":"N","bc2":"#000000"}},{"type":"Feature","geometry":{"type":"Point","coordinates":[19.520851,50.155607]},"properties":{"lines":"15, 41, N","color":"#0059a9","mode":"bus","arr":["15","41","N"],"angle":77,"extra":1,"ei":7,"l0":"15, 41","c0":"#0059a9","l1":"\n","c1":"#000000","l2":"N","c2":"#000000","bl0":"15, 41","bc0":"#0059a9","bl1":"\n","bc1":"#000000","bl2":"N","bc2":"#000000"}},{"type":"Feature","geometry":{"type":"Point","coordinates":[19.521469,50.153764]},"properties":{"lines":"15, 41, N","color":"#0059a9","mode":"bus","arr":["15","41","N"],"angle":85.7,"extra":1,"ei":8,"l0":"15, 41","c0":"#0059a9","l1":"\n","c1":"#000000","l2":"N","c2":"#000000","bl0":"15, 41","bc0":"#0059a9","bl1":"\n","bc1":"#000000","bl2":"N","bc2":"#000000"}},{"type":"Feature","geometry":{"type":"Point","coordinates":[19.521675,50.151881]},"properties":{"lines":"15, 41, N","color":"#0059a9","mode":"bus","arr":["15","41","N"],"angle":85,"extra":1,"ei":9,"l0":"15, 41","c0":"#0059a9","l1":"\n","c1":"#000000","l2":"N","c2":"#000000","bl0":"15, 41","bc0":"#0059a9","bl1":"\n","bc1":"#000000","bl2":"N","bc2":"#000000"}},{"type":"Feature","geometry":{"type":"Point","coordinates":[19.521793,50.146709]},"properties":{"lines":"15, 41, N","color":"#0059a9","mode":"bus","arr":["15","41","N"],"angle":-89.7,"l0":"15, 41","c0":"#0059a9","l1":"\n","c1":"#000000","l2":"N","c2":"#000000","bl0":"15, 41","bc0":"#0059a9","bl1":"\n","bc1":"#000000","bl2":"N","bc2":"#000000"}},{"type":"Feature","geometry":{"type":"Point","coordinates":[19.521818,50.150034]},"properties":{"lines":"15, 41, N","color":"#0059a9","mode":"bus","arr":["15","41","N"],"angle":-89.7,"extra":1,"ei":0,"l0":"15, 41","c0":"#0059a9","l1":"\n","c1":"#000000","l2":"N","c2":"#000000","bl0":"15, 41","bc0":"#0059a9","bl1":"\n","bc1":"#000000","bl2":"N","bc2":"#000000"}},{"type":"Feature","geometry":{"type":"Point","coordinates":[19.521804,50.148146]},"properties":{"lines":"15, 41, N","color":"#0059a9","mode":"bus","arr":["15","41","N"],"angle":-89.7,"extra":1,"ei":1,"l0":"15, 41","c0":"#0059a9","l1":"\n","c1":"#000000","l2":"N","c2":"#000000","bl0":"15, 41","bc0":"#0059a9","bl1":"\n","bc1":"#000000","bl2":"N","bc2":"#000000"}},{"type":"Feature","geometry":{"type":"Point","coordinates":[19.521775,50.144369]},"properties":{"lines":"15, 41, N","color":"#0059a9","mode":"bus","arr":["15","41","N"],"angle":-89.7,"extra":1,"ei":2,"l0":"15, 41","c0":"#0059a9","l1":"\n","c1":"#000000","l2":"N","c2":"#000000","bl0":"15, 41","bc0":"#0059a9","bl1":"\n","bc1":"#000000","bl2":"N","bc2":"#000000"}},{"type":"Feature","geometry":{"type":"Point","coordinates":[19.521759,50.14248]},"properties":{"lines":"15, 41, N","color":"#0059a9","mode":"bus","arr":["15","41","N"],"angle":-89.7,"extra":1,"ei":3,"l0":"15, 41","c0":"#0059a9","l1":"\n","c1":"#000000","l2":"N","c2":"#000000","bl0":"15, 41","bc0":"#0059a9","bl1":"\n","bc1":"#000000","bl2":"N","bc2":"#000000"}},{"type":"Feature","geometry":{"type":"Point","coordinates":[19.508143,50.144907]},"properties":{"lines":"15, 41, N","color":"#0059a9","mode":"bus","arr":["15","41","N"],"angle":24.7,"mi":1,"l0":"15, 41","c0":"#0059a9","l1":"\n","c1":"#000000","l2":"N","c2":"#000000","bl0":"15, 41","bc0":"#0059a9","bl1":"\n","bc1":"#000000","bl2":"N","bc2":"#000000"}},{"type":"Feature","geometry":{"type":"Point","coordinates":[19.492936,50.149404]},"properties":{"lines":"15, 41, N","color":"#0059a9","mode":"bus","arr":["15","41","N"],"angle":24.7,"l0":"15, 41","c0":"#0059a9","l1":"\n","c1":"#000000","l2":"N","c2":"#000000","bl0":"15, 41","bc0":"#0059a9","bl1":"\n","bc1":"#000000","bl2":"N","bc2":"#000000"}},{"type":"Feature","geometry":{"type":"Point","coordinates":[19.470178,50.158293]},"properties":{"lines":"15, 41, N","color":"#0059a9","mode":"bus","arr":["15","41","N"],"angle":9.8,"l0":"15, 41","c0":"#0059a9","l1":"\n","c1":"#000000","l2":"N","c2":"#000000","bl0":"15, 41","bc0":"#0059a9","bl1":"\n","bc1":"#000000","bl2":"N","bc2":"#000000"}},{"type":"Feature","geometry":{"type":"Point","coordinates":[19.472383,50.158383]},"properties":{"lines":"15, 41, N","color":"#0059a9","mode":"bus","arr":["15","41","N"],"angle":-13.1,"mi":1,"l0":"15, 41","c0":"#0059a9","l1":"\n","c1":"#000000","l2":"N","c2":"#000000","bl0":"15, 41","bc0":"#0059a9","bl1":"\n","bc1":"#000000","bl2":"N","bc2":"#000000"}},{"type":"Feature","geometry":{"type":"Point","coordinates":[19.520286,50.142441]},"properties":{"lines":"15, 41, N","color":"#0059a9","mode":"bus","arr":["15","41","N"],"angle":-0.2,"extra":1,"ei":0,"l0":"15, 41","c0":"#0059a9","l1":"\n","c1":"#000000","l2":"N","c2":"#000000","bl0":"15, 41","bc0":"#0059a9","bl1":"\n","bc1":"#000000","bl2":"N","bc2":"#000000"}},{"type":"Feature","geometry":{"type":"Point","coordinates":[19.517339,50.142438]},"properties":{"lines":"15, 41, N","color":"#0059a9","mode":"bus","arr":["15","41","N"],"angle":1.2,"extra":1,"ei":1,"l0":"15, 41","c0":"#0059a9","l1":"\n","c1":"#000000","l2":"N","c2":"#000000","bl0":"15, 41","bc0":"#0059a9","bl1":"\n","bc1":"#000000","bl2":"N","bc2":"#000000"}},{"type":"Feature","geometry":{"type":"Point","coordinates":[19.514567,50.143014]},"properties":{"lines":"15, 41, N","color":"#0059a9","mode":"bus","arr":["15","41","N"],"angle":24.7,"extra":1,"ei":2,"l0":"15, 41","c0":"#0059a9","l1":"\n","c1":"#000000","l2":"N","c2":"#000000","bl0":"15, 41","bc0":"#0059a9","bl1":"\n","bc1":"#000000","bl2":"N","bc2":"#000000"}},{"type":"Feature","geometry":{"type":"Point","coordinates":[19.511888,50.143801]},"properties":{"lines":"15, 41, N","color":"#0059a9","mode":"bus","arr":["15","41","N"],"angle":24.6,"extra":1,"ei":3,"l0":"15, 41","c0":"#0059a9","l1":"\n","c1":"#000000","l2":"N","c2":"#000000","bl0":"15, 41","bc0":"#0059a9","bl1":"\n","bc1":"#000000","bl2":"N","bc2":"#000000"}},{"type":"Feature","geometry":{"type":"Point","coordinates":[19.503858,50.14617]},"properties":{"lines":"15, 41, N","color":"#0059a9","mode":"bus","arr":["15","41","N"],"angle":24.9,"extra":1,"ei":4,"l0":"15, 41","c0":"#0059a9","l1":"\n","c1":"#000000","l2":"N","c2":"#000000","bl0":"15, 41","bc0":"#0059a9","bl1":"\n","bc1":"#000000","bl2":"N","bc2":"#000000"}},{"type":"Feature","geometry":{"type":"Point","coordinates":[19.501185,50.146966]},"properties":{"lines":"15, 41, N","color":"#0059a9","mode":"bus","arr":["15","41","N"],"angle":24.9,"extra":1,"ei":5,"l0":"15, 41","c0":"#0059a9","l1":"\n","c1":"#000000","l2":"N","c2":"#000000","bl0":"15, 41","bc0":"#0059a9","bl1":"\n","bc1":"#000000","bl2":"N","bc2":"#000000"}},{"type":"Feature","geometry":{"type":"Point","coordinates":[19.49851,50.147757]},"properties":{"lines":"15, 41, N","color":"#0059a9","mode":"bus","arr":["15","41","N"],"angle":24.7,"extra":1,"ei":6,"l0":"15, 41","c0":"#0059a9","l1":"\n","c1":"#000000","l2":"N","c2":"#000000","bl0":"15, 41","bc0":"#0059a9","bl1":"\n","bc1":"#000000","bl2":"N","bc2":"#000000"}},{"type":"Feature","geometry":{"type":"Point","coordinates":[19.495832,50.148547]},"properties":{"lines":"15, 41, N","color":"#0059a9","mode":"bus","arr":["15","41","N"],"angle":26.4,"extra":1,"ei":7,"l0":"15, 41","c0":"#0059a9","l1":"\n","c1":"#000000","l2":"N","c2":"#000000","bl0":"15, 41","bc0":"#0059a9","bl1":"\n","bc1":"#000000","bl2":"N","bc2":"#000000"}},{"type":"Feature","geometry":{"type":"Point","coordinates":[19.478874,50.161447]},"properties":{"lines":"15","color":"#0059a9","mode":"bus","arr":["15"],"angle":34.8}},{"type":"Feature","geometry":{"type":"Point","coordinates":[19.473175,50.159437]},"properties":{"lines":"15","color":"#0059a9","mode":"bus","arr":["15"],"angle":-82.3,"extra":1,"ei":0}},{"type":"Feature","geometry":{"type":"Point","coordinates":[19.473933,50.161226]},"properties":{"lines":"15","color":"#0059a9","mode":"bus","arr":["15"],"angle":-53,"extra":1,"ei":1}},{"type":"Feature","geometry":{"type":"Point","coordinates":[19.476357,50.162225]},"properties":{"lines":"15","color":"#0059a9","mode":"bus","arr":["15"],"angle":-21.4,"extra":1,"ei":2}},{"type":"Feature","geometry":{"type":"Point","coordinates":[19.481167,50.160423]},"properties":{"lines":"15","color":"#0059a9","mode":"bus","arr":["15"],"angle":36.5,"extra":1,"ei":3}},{"type":"Feature","geometry":{"type":"Point","coordinates":[19.481704,50.158886]},"properties":{"lines":"15","color":"#0059a9","mode":"bus","arr":["15"],"angle":-70.3,"extra":1,"ei":4}},{"type":"Feature","geometry":{"type":"Point","coordinates":[19.480678,50.157116]},"properties":{"lines":"15","color":"#0059a9","mode":"bus","arr":["15"],"angle":-68,"extra":1,"ei":5}},{"type":"Feature","geometry":{"type":"Point","coordinates":[19.302283,50.084966]},"properties":{"lines":"15, A, B","color":"#0059a9","mode":"bus","arr":["15","A","B"],"angle":-66.2,"mi":1}},{"type":"Feature","geometry":{"type":"Point","coordinates":[19.305559,50.088412]},"properties":{"lines":"15, A, B","color":"#0059a9","mode":"bus","arr":["15","A","B"],"angle":-62.6,"extra":1,"ei":0}},{"type":"Feature","geometry":{"type":"Point","coordinates":[19.304131,50.086763]},"properties":{"lines":"15, A, B","color":"#0059a9","mode":"bus","arr":["15","A","B"],"angle":-55.1,"extra":1,"ei":1}},{"type":"Feature","geometry":{"type":"Point","coordinates":[19.301348,50.083461]},"properties":{"lines":"15, A, B","color":"#0059a9","mode":"bus","arr":["15","A","B"],"angle":-68,"extra":1,"ei":2}},{"type":"Feature","geometry":{"type":"Point","coordinates":[19.30011,50.081753]},"properties":{"lines":"15, A, B","color":"#0059a9","mode":"bus","arr":["15","A","B"],"angle":-47.4,"extra":1,"ei":3}},{"type":"Feature","geometry":{"type":"Point","coordinates":[19.297463,50.081378]},"properties":{"lines":"15, A, B","color":"#0059a9","mode":"bus","arr":["15","A","B"],"angle":40.9,"mi":3}},{"type":"Feature","geometry":{"type":"Point","coordinates":[19.294015,50.084551]},"properties":{"lines":"A, B","color":"#0059a9","mode":"bus","arr":["A","B"],"angle":34.2,"mi":1}},{"type":"Feature","geometry":{"type":"Point","coordinates":[19.296279,50.082245]},"properties":{"lines":"A, B","color":"#0059a9","mode":"bus","arr":["A","B"],"angle":68,"extra":1,"ei":0}},{"type":"Feature","geometry":{"type":"Point","coordinates":[19.290091,50.085831]},"properties":{"lines":"A, B","color":"#0059a9","mode":"bus","arr":["A","B"],"angle":25.9,"extra":1,"ei":1}},{"type":"Feature","geometry":{"type":"Point","coordinates":[19.495315,50.148619]},"properties":{"lines":"15, 41","color":"#0059a9","mode":"bus","arr":["15","41"],"angle":-5.5,"side":-1}},{"type":"Feature","geometry":{"type":"Point","coordinates":[19.513946,50.174631]},"properties":{"lines":"15, 41, N","color":"#0059a9","mode":"bus","arr":["15","41","N"],"angle":31.7,"l0":"15, 41","c0":"#0059a9","l1":"\n","c1":"#000000","l2":"N","c2":"#000000","bl0":"15, 41","bc0":"#0059a9","bl1":"\n","bc1":"#000000","bl2":"N","bc2":"#000000"}},{"type":"Feature","geometry":{"type":"Point","coordinates":[19.525231,50.171224]},"properties":{"lines":"15, 41, N","color":"#0059a9","mode":"bus","arr":["15","41","N"],"angle":20.3,"extra":1,"ei":0,"l0":"15, 41","c0":"#0059a9","l1":"\n","c1":"#000000","l2":"N","c2":"#000000","bl0":"15, 41","bc0":"#0059a9","bl1":"\n","bc1":"#000000","bl2":"N","bc2":"#000000"}},{"type":"Feature","geometry":{"type":"Point","coordinates":[19.522357,50.171534]},"properties":{"lines":"15, 41, N","color":"#0059a9","mode":"bus","arr":["15","41","N"],"angle":2,"extra":1,"ei":1,"l0":"15, 41","c0":"#0059a9","l1":"\n","c1":"#000000","l2":"N","c2":"#000000","bl0":"15, 41","bc0":"#0059a9","bl1":"\n","bc1":"#000000","bl2":"N","bc2":"#000000"}},{"type":"Feature","geometry":{"type":"Point","coordinates":[19.519522,50.171899]},"properties":{"lines":"15, 41, N","color":"#0059a9","mode":"bus","arr":["15","41","N"],"angle":45.7,"extra":1,"ei":2,"l0":"15, 41","c0":"#0059a9","l1":"\n","c1":"#000000","l2":"N","c2":"#000000","bl0":"15, 41","bc0":"#0059a9","bl1":"\n","bc1":"#000000","bl2":"N","bc2":"#000000"}},{"type":"Feature","geometry":{"type":"Point","coordinates":[19.517605,50.173325]},"properties":{"lines":"15, 41, N","color":"#0059a9","mode":"bus","arr":["15","41","N"],"angle":40.3,"extra":1,"ei":3,"l0":"15, 41","c0":"#0059a9","l1":"\n","c1":"#000000","l2":"N","c2":"#000000","bl0":"15, 41","bc0":"#0059a9","bl1":"\n","bc1":"#000000","bl2":"N","bc2":"#000000"}},{"type":"Feature","geometry":{"type":"Point","coordinates":[19.510041,50.176231]},"properties":{"lines":"15, 41, N","color":"#0059a9","mode":"bus","arr":["15","41","N"],"angle":34.2,"extra":1,"ei":4,"l0":"15, 41","c0":"#0059a9","l1":"\n","c1":"#000000","l2":"N","c2":"#000000","bl0":"15, 41","bc0":"#0059a9","bl1":"\n","bc1":"#000000","bl2":"N","bc2":"#000000"}},{"type":"Feature","geometry":{"type":"Point","coordinates":[19.507575,50.177265]},"properties":{"lines":"15, 41, N","color":"#0059a9","mode":"bus","arr":["15","41","N"],"angle":31.9,"extra":1,"ei":5,"l0":"15, 41","c0":"#0059a9","l1":"\n","c1":"#000000","l2":"N","c2":"#000000","bl0":"15, 41","bc0":"#0059a9","bl1":"\n","bc1":"#000000","bl2":"N","bc2":"#000000"}},{"type":"Feature","geometry":{"type":"Point","coordinates":[19.505053,50.178241]},"properties":{"lines":"15, 41, N","color":"#0059a9","mode":"bus","arr":["15","41","N"],"angle":33,"extra":1,"ei":6,"l0":"15, 41","c0":"#0059a9","l1":"\n","c1":"#000000","l2":"N","c2":"#000000","bl0":"15, 41","bc0":"#0059a9","bl1":"\n","bc1":"#000000","bl2":"N","bc2":"#000000"}},{"type":"Feature","geometry":{"type":"Point","coordinates":[19.50261,50.179296]},"properties":{"lines":"15, 41, N","color":"#0059a9","mode":"bus","arr":["15","41","N"],"angle":33.4,"extra":1,"ei":7,"l0":"15, 41","c0":"#0059a9","l1":"\n","c1":"#000000","l2":"N","c2":"#000000","bl0":"15, 41","bc0":"#0059a9","bl1":"\n","bc1":"#000000","bl2":"N","bc2":"#000000"}},{"type":"Feature","geometry":{"type":"Point","coordinates":[19.497168,50.18159]},"properties":{"lines":"15, 41, N","color":"#0059a9","mode":"bus","arr":["15","41","N"],"angle":35.1,"l0":"15, 41","c0":"#0059a9","l1":"\n","c1":"#000000","l2":"N","c2":"#000000","bl0":"15, 41","bc0":"#0059a9","bl1":"\n","bc1":"#000000","bl2":"N","bc2":"#000000"}},{"type":"Feature","geometry":{"type":"Point","coordinates":[19.500556,50.180226]},"properties":{"lines":"15, 41, N","color":"#0059a9","mode":"bus","arr":["15","41","N"],"angle":30.3,"extra":1,"ei":0,"l0":"15, 41","c0":"#0059a9","l1":"\n","c1":"#000000","l2":"N","c2":"#000000","bl0":"15, 41","bc0":"#0059a9","bl1":"\n","bc1":"#000000","bl2":"N","bc2":"#000000"}},{"type":"Feature","geometry":{"type":"Point","coordinates":[19.495467,50.18208]},"properties":{"lines":"15, 41, N","color":"#0059a9","mode":"bus","arr":["15","41","N"],"angle":14.4,"extra":1,"ei":1,"l0":"15, 41","c0":"#0059a9","l1":"\n","c1":"#000000","l2":"N","c2":"#000000","bl0":"15, 41","bc0":"#0059a9","bl1":"\n","bc1":"#000000","bl2":"N","bc2":"#000000"}},{"type":"Feature","geometry":{"type":"Point","coordinates":[19.494432,50.183519]},"properties":{"lines":"15, 41, N","color":"#0059a9","mode":"bus","arr":["15","41","N"],"angle":-89.4,"extra":1,"ei":2,"l0":"15, 41","c0":"#0059a9","l1":"\n","c1":"#000000","l2":"N","c2":"#000000","bl0":"15, 41","bc0":"#0059a9","bl1":"\n","bc1":"#000000","bl2":"N","bc2":"#000000"}},{"type":"Feature","geometry":{"type":"Point","coordinates":[19.489662,50.184474]},"properties":{"lines":"15, 41, Lb, N","color":"#0059a9","mode":"bus","arr":["15","41","Lb","N"],"angle":11.8,"l0":"15, 41, Lb","c0":"#0059a9","l1":"\n","c1":"#000000","l2":"N","c2":"#000000","bl0":"15, 41, Lb","bc0":"#0059a9","bl1":"\n","bc1":"#000000","bl2":"N","bc2":"#000000"}},{"type":"Feature","geometry":{"type":"Point","coordinates":[19.49297,50.184063]},"properties":{"lines":"15, 41, Lb, N","color":"#0059a9","mode":"bus","arr":["15","41","Lb","N"],"angle":11,"extra":1,"ei":0,"l0":"15, 41, Lb","c0":"#0059a9","l1":"\n","c1":"#000000","l2":"N","c2":"#000000","bl0":"15, 41, Lb","bc0":"#0059a9","bl1":"\n","bc1":"#000000","bl2":"N","bc2":"#000000"}},{"type":"Feature","geometry":{"type":"Point","coordinates":[19.487199,50.184828]},"properties":{"lines":"15, 41, Lb, N","color":"#0059a9","mode":"bus","arr":["15","41","Lb","N"],"angle":11.9,"extra":1,"ei":1,"l0":"15, 41, Lb","c0":"#0059a9","l1":"\n","c1":"#000000","l2":"N","c2":"#000000","bl0":"15, 41, Lb","bc0":"#0059a9","bl1":"\n","bc1":"#000000","bl2":"N","bc2":"#000000"}},{"type":"Feature","geometry":{"type":"Point","coordinates":[19.482159,50.184927]},"properties":{"lines":"15, 41, 42, Lb, Lc, N","color":"#0059a9","mode":"bus","arr":["15","41","42","Lb","Lc","N"],"angle":-12.2,"l0":"15, 41, 42, Lb, Lc","c0":"#0059a9","l1":"\n","c1":"#000000","l2":"N","c2":"#000000","bl0":"15, 41, 42, Lb, Lc","bc0":"#0059a9","bl1":"\n","bc1":"#000000","bl2":"N","bc2":"#000000"}},{"type":"Feature","geometry":{"type":"Point","coordinates":[19.476087,50.181754]},"properties":{"lines":"15, 41, 42, La, Lb, Lc","color":"#0059a9","mode":"bus","arr":["15","41","42","La","Lb","Lc"],"angle":-65.6}},{"type":"Feature","geometry":{"type":"Point","coordinates":[19.478195,50.184036]},"properties":{"lines":"15, 41, 42, La, Lb, Lc","color":"#0059a9","mode":"bus","arr":["15","41","42","La","Lb","Lc"],"angle":-13.6,"extra":1,"ei":0}},{"type":"Feature","geometry":{"type":"Point","coordinates":[19.475,50.179137]},"properties":{"lines":"15, 41, 42, La, Lb, Lc","color":"#0059a9","mode":"bus","arr":["15","41","42","La","Lb","Lc"],"angle":-85.1,"extra":1,"ei":1}},{"type":"Feature","geometry":{"type":"Point","coordinates":[19.473547,50.175981]},"properties":{"lines":"15, 41, 42, La, Lb, Lc","color":"#0059a9","mode":"bus","arr":["15","41","42","La","Lb","Lc"],"angle":-85.4,"mi":1}},{"type":"Feature","geometry":{"type":"Point","coordinates":[19.474212,50.177116]},"properties":{"lines":"15, 41, 42, La, Lb, Lc","color":"#0059a9","mode":"bus","arr":["15","41","42","La","Lb","Lc"],"angle":-60.9,"extra":1,"ei":0}},{"type":"Feature","geometry":{"type":"Point","coordinates":[19.438308,50.078892]},"properties":{"lines":"17a, 32a","color":"#0059a9","mode":"bus","arr":["17a","32a"],"angle":-50.6}},{"type":"Feature","geometry":{"type":"Point","coordinates":[19.436748,50.076924]},"properties":{"lines":"17a, 32a","color":"#0059a9","mode":"bus","arr":["17a","32a"],"angle":-81.5,"extra":1,"ei":0}},{"type":"Feature","geometry":{"type":"Point","coordinates":[19.439434,50.080195]},"properties":{"lines":"17a, 32a","color":"#0059a9","mode":"bus","arr":["17a","32a"],"angle":-64,"extra":1,"ei":1}},{"type":"Feature","geometry":{"type":"Point","coordinates":[19.45864,50.091964]},"properties":{"lines":"17a, 32a, 42","color":"#0059a9","mode":"bus","arr":["17a","32a","42"],"angle":-76.2}},{"type":"Feature","geometry":{"type":"Point","coordinates":[19.447057,50.082288]},"properties":{"lines":"17a, 32a, 42","color":"#0059a9","mode":"bus","arr":["17a","32a","42"],"angle":-1.7,"mi":2}},{"type":"Feature","geometry":{"type":"Point","coordinates":[19.441838,50.08229]},"properties":{"lines":"17a, 32a, 42","color":"#0059a9","mode":"bus","arr":["17a","32a","42"],"angle":-20.2,"extra":1,"ei":0}},{"type":"Feature","geometry":{"type":"Point","coordinates":[19.444751,50.082255]},"properties":{"lines":"17a, 32a, 42","color":"#0059a9","mode":"bus","arr":["17a","32a","42"],"angle":-1,"extra":1,"ei":1}},{"type":"Feature","geometry":{"type":"Point","coordinates":[19.450467,50.082923]},"properties":{"lines":"17a, 32a, 42","color":"#0059a9","mode":"bus","arr":["17a","32a","42"],"angle":-27,"extra":1,"ei":2}},{"type":"Feature","geometry":{"type":"Point","coordinates":[19.452775,50.084074]},"properties":{"lines":"17a, 32a, 42","color":"#0059a9","mode":"bus","arr":["17a","32a","42"],"angle":-48.2,"extra":1,"ei":3}},{"type":"Feature","geometry":{"type":"Point","coordinates":[19.454466,50.08525]},"properties":{"lines":"17a, 32a, 42","color":"#0059a9","mode":"bus","arr":["17a","32a","42"],"angle":-46.8,"extra":1,"ei":0}},{"type":"Feature","geometry":{"type":"Point","coordinates":[19.456439,50.086651]},"properties":{"lines":"17a, 32a, 42","color":"#0059a9","mode":"bus","arr":["17a","32a","42"],"angle":-59.1,"extra":1,"ei":1}},{"type":"Feature","geometry":{"type":"Point","coordinates":[19.457569,50.088395]},"properties":{"lines":"17a, 32a, 42","color":"#0059a9","mode":"bus","arr":["17a","32a","42"],"angle":-68.5,"extra":1,"ei":2}},{"type":"Feature","geometry":{"type":"Point","coordinates":[19.457991,50.090237]},"properties":{"lines":"17a, 32a, 42","color":"#0059a9","mode":"bus","arr":["17a","32a","42"],"angle":-80.2,"extra":1,"ei":3}},{"type":"Feature","geometry":{"type":"Point","coordinates":[19.460538,50.093396]},"properties":{"lines":"17a, 32a, 42","color":"#0059a9","mode":"bus","arr":["17a","32a","42"],"angle":-18.9,"extra":1,"ei":4}},{"type":"Feature","geometry":{"type":"Point","coordinates":[19.461647,50.094844]},"properties":{"lines":"17a, 32a, 42","color":"#0059a9","mode":"bus","arr":["17a","32a","42"],"angle":87.4,"extra":1,"ei":5}},{"type":"Feature","geometry":{"type":"Point","coordinates":[19.462296,50.096526]},"properties":{"lines":"17a, 32a, 42","color":"#0059a9","mode":"bus","arr":["17a","32a","42"],"angle":-37.9,"extra":1,"ei":6}},{"type":"Feature","geometry":{"type":"Point","coordinates":[19.463723,50.098132]},"properties":{"lines":"17a, 32a, 42","color":"#0059a9","mode":"bus","arr":["17a","32a","42"],"angle":-60.2,"extra":1,"ei":7}},{"type":"Feature","geometry":{"type":"Point","coordinates":[19.453187,50.08436]},"properties":{"lines":"17a, 32a, 42","color":"#0059a9","mode":"bus","arr":["17a","32a","42"],"angle":-47.3,"mi":1}},{"type":"Feature","geometry":{"type":"Point","coordinates":[19.462833,50.099681]},"properties":{"lines":"17a, 32a, 42","color":"#0059a9","mode":"bus","arr":["17a","32a","42"],"angle":32.4,"mi":3}},{"type":"Feature","geometry":{"type":"Point","coordinates":[19.460773,50.100282]},"properties":{"lines":"17a, 17b, 32b, 42","color":"#0059a9","mode":"bus","arr":["17a","17b","32b","42"],"angle":21.4}},{"type":"Feature","geometry":{"type":"Point","coordinates":[19.446917,50.104606]},"properties":{"lines":"17a, 17b, 32b","color":"#0059a9","mode":"bus","arr":["17a","17b","32b"],"angle":23.1}},{"type":"Feature","geometry":{"type":"Point","coordinates":[19.45902,50.100821]},"properties":{"lines":"17a, 17b, 32b","color":"#0059a9","mode":"bus","arr":["17a","17b","32b"],"angle":29.5,"extra":1,"ei":0}},{"type":"Feature","geometry":{"type":"Point","coordinates":[19.45646,50.101757]},"properties":{"lines":"17a, 17b, 32b","color":"#0059a9","mode":"bus","arr":["17a","17b","32b"],"angle":29.5,"extra":1,"ei":1}},{"type":"Feature","geometry":{"type":"Point","coordinates":[19.453853,50.102636]},"properties":{"lines":"17a, 17b, 32b","color":"#0059a9","mode":"bus","arr":["17a","17b","32b"],"angle":24.6,"extra":1,"ei":2}},{"type":"Feature","geometry":{"type":"Point","coordinates":[19.451165,50.10341]},"properties":{"lines":"17a, 17b, 32b","color":"#0059a9","mode":"bus","arr":["17a","17b","32b"],"angle":23.9,"extra":1,"ei":3}},{"type":"Feature","geometry":{"type":"Point","coordinates":[19.444905,50.106722]},"properties":{"lines":"17a, 17b, 32b","color":"#0059a9","mode":"bus","arr":["17a","17b","32b"],"angle":76.1,"extra":1,"ei":4}},{"type":"Feature","geometry":{"type":"Point","coordinates":[19.444211,50.108558]},"properties":{"lines":"17a, 17b, 32b","color":"#0059a9","mode":"bus","arr":["17a","17b","32b"],"angle":75.8,"extra":1,"ei":5}},{"type":"Feature","geometry":{"type":"Point","coordinates":[19.443514,50.110392]},"properties":{"lines":"17a, 17b, 32b","color":"#0059a9","mode":"bus","arr":["17a","17b","32b"],"angle":76.9,"extra":1,"ei":6}},{"type":"Feature","geometry":{"type":"Point","coordinates":[19.442835,50.11223]},"properties":{"lines":"17a, 17b, 32b","color":"#0059a9","mode":"bus","arr":["17a","17b","32b"],"angle":76.8,"extra":1,"ei":7}},{"type":"Feature","geometry":{"type":"Point","coordinates":[19.441595,50.115536]},"properties":{"lines":"17a, 17b, 32b","color":"#0059a9","mode":"bus","arr":["17a","17b","32b"],"angle":76.5}},{"type":"Feature","geometry":{"type":"Point","coordinates":[19.442053,50.114341]},"properties":{"lines":"17a, 17b, 32b","color":"#0059a9","mode":"bus","arr":["17a","17b","32b"],"angle":76.2,"extra":1,"ei":0}},{"type":"Feature","geometry":{"type":"Point","coordinates":[19.436636,50.120196]},"properties":{"lines":"17a, 17b, 32b","color":"#0059a9","mode":"bus","arr":["17a","17b","32b"],"angle":57.6,"mi":1}},{"type":"Feature","geometry":{"type":"Point","coordinates":[19.439062,50.11816]},"properties":{"lines":"17a, 17b, 32b","color":"#0059a9","mode":"bus","arr":["17a","17b","32b"],"angle":49.8,"extra":1,"ei":0}},{"type":"Feature","geometry":{"type":"Point","coordinates":[19.435854,50.121297]},"properties":{"lines":"17a, 17b, 32b","color":"#0059a9","mode":"bus","arr":["17a","17b","32b"],"angle":68.1,"extra":1,"ei":1}},{"type":"Feature","geometry":{"type":"Point","coordinates":[19.434698,50.123034]},"properties":{"lines":"17a, 17b, 32b","color":"#0059a9","mode":"bus","arr":["17a","17b","32b"],"angle":66.5,"extra":1,"ei":2,"side":-1}},{"type":"Feature","geometry":{"type":"Point","coordinates":[19.431397,50.126123]},"properties":{"lines":"17a, 17b, 32b, P","color":"#0059a9","mode":"bus","arr":["17a","17b","32b","P"],"angle":57.1}},{"type":"Feature","geometry":{"type":"Point","coordinates":[19.433574,50.12417]},"properties":{"lines":"17a, 17b, 32b, P","color":"#0059a9","mode":"bus","arr":["17a","17b","32b","P"],"angle":53.9,"extra":1,"ei":0}},{"type":"Feature","geometry":{"type":"Point","coordinates":[19.430252,50.127287]},"properties":{"lines":"17a, 17b, 32b, P","color":"#0059a9","mode":"bus","arr":["17a","17b","32b","P"],"angle":58.1,"extra":1,"ei":1}},{"type":"Feature","geometry":{"type":"Point","coordinates":[19.42867,50.12888]},"properties":{"lines":"17a, 17b, 32b, P","color":"#0059a9","mode":"bus","arr":["17a","17b","32b","P"],"angle":55.2,"extra":1,"ei":2}},{"type":"Feature","geometry":{"type":"Point","coordinates":[19.42625,50.128115]},"properties":{"lines":"17a, 32b","color":"#0059a9","mode":"bus","arr":["17a","32b"],"angle":-42.7,"mi":1}},{"type":"Feature","geometry":{"type":"Point","coordinates":[19.424272,50.129437]},"properties":{"lines":"17a, 32b","color":"#0059a9","mode":"bus","arr":["17a","32b"],"angle":89.6}},{"type":"Feature","geometry":{"type":"Point","coordinates":[19.424541,50.128175]},"properties":{"lines":"17a, 32b","color":"#0059a9","mode":"bus","arr":["17a","32b"],"angle":-89.4,"extra":1,"ei":0}},{"type":"Feature","geometry":{"type":"Point","coordinates":[19.424801,50.131726]},"properties":{"lines":"17a","color":"#0059a9","mode":"bus","arr":["17a"],"angle":-15.2}},{"type":"Feature","geometry":{"type":"Point","coordinates":[19.425329,50.13255]},"properties":{"lines":"17a, 17b, P","color":"#0059a9","mode":"bus","arr":["17a","17b","P"],"angle":63.3}},{"type":"Feature","geometry":{"type":"Point","coordinates":[19.423314,50.13502]},"properties":{"lines":"17a, 17b, P","color":"#0059a9","mode":"bus","arr":["17a","17b","P"],"angle":62.3,"extra":1,"ei":0}},{"type":"Feature","geometry":{"type":"Point","coordinates":[19.427294,50.129993]},"properties":{"lines":"17a, 17b, P","color":"#0059a9","mode":"bus","arr":["17a","17b","P"],"angle":51.6,"extra":1,"ei":1}},{"type":"Feature","geometry":{"type":"Point","coordinates":[19.424702,50.136584]},"properties":{"lines":"17a, 31, 31B, 32b, 38, 41, 42, P","color":"#0059a9","mode":"bus","arr":["17a","31","31B","32b","38","41","42","P"],"angle":-37.8}},{"type":"Feature","geometry":{"type":"Point","coordinates":[19.426895,50.137654]},"properties":{"lines":"17a, 31, 31B, 32b, 38, 41, 42, P","color":"#0059a9","mode":"bus","arr":["17a","31","31B","32b","38","41","42","P"],"angle":-36.2,"mi":1}},{"type":"Feature","geometry":{"type":"Point","coordinates":[19.426302,50.137343]},"properties":{"lines":"17a, 31, 32b, 38, 41, P","color":"#0059a9","mode":"bus","arr":["17a","31","32b","38","41","P"],"angle":-35,"side":-1}},{"type":"Feature","geometry":{"type":"Point","coordinates":[19.426242,50.137398]},"properties":{"lines":"17a, 31, 31B, 32b, 38, 42, P","color":"#0059a9","mode":"bus","arr":["17a","31","31B","32b","38","42","P"],"angle":-34.8}},{"type":"Feature","geometry":{"type":"Point","coordinates":[19.417428,50.139264]},"properties":{"lines":"17a, 17b, 31, 31B, 32b, 38, 41, 42, P","color":"#0059a9","mode":"bus","arr":["17a","17b","31","31B","32b","38","41","42","P"],"angle":41.8}},{"type":"Feature","geometry":{"type":"Point","coordinates":[19.421548,50.137063]},"properties":{"lines":"17a, 17b, 31, 31B, 32b, 38, 41, 42, P","color":"#0059a9","mode":"bus","arr":["17a","17b","31","31B","32b","38","41","42","P"],"angle":47,"extra":1,"ei":0}},{"type":"Feature","geometry":{"type":"Point","coordinates":[19.419269,50.13826]},"properties":{"lines":"17a, 17b, 31, 31B, 32b, 38, 41, 42, P","color":"#0059a9","mode":"bus","arr":["17a","17b","31","31B","32b","38","41","42","P"],"angle":39.7,"extra":1,"ei":1}},{"type":"Feature","geometry":{"type":"Point","coordinates":[19.414624,50.140564]},"properties":{"lines":"17a, 17b, 31, 31B, 32b, 38, 41, 42, P","color":"#0059a9","mode":"bus","arr":["17a","17b","31","31B","32b","38","41","42","P"],"angle":28,"extra":1,"ei":2}},{"type":"Feature","geometry":{"type":"Point","coordinates":[19.412025,50.141454]},"properties":{"lines":"17a, 17b, 31, 31B, 32b, 38, 41, 42, P","color":"#0059a9","mode":"bus","arr":["17a","17b","31","31B","32b","38","41","42","P"],"angle":29.2,"extra":1,"ei":3}},{"type":"Feature","geometry":{"type":"Point","coordinates":[19.450238,50.097749]},"properties":{"lines":"17b, 32a, 32b","color":"#0059a9","mode":"bus","arr":["17b","32a","32b"],"angle":21.9}},{"type":"Feature","geometry":{"type":"Point","coordinates":[19.460355,50.099406]},"properties":{"lines":"17b, 32a, 32b","color":"#0059a9","mode":"bus","arr":["17b","32a","32b"],"angle":-50.2,"extra":1,"ei":0}},{"type":"Feature","geometry":{"type":"Point","coordinates":[19.457842,50.098476]},"properties":{"lines":"17b, 32a, 32b","color":"#0059a9","mode":"bus","arr":["17b","32a","32b"],"angle":-25.1,"extra":1,"ei":1}},{"type":"Feature","geometry":{"type":"Point","coordinates":[19.45506,50.097874]},"properties":{"lines":"17b, 32a, 32b","color":"#0059a9","mode":"bus","arr":["17b","32a","32b"],"angle":-19.4,"extra":1,"ei":2}},{"type":"Feature","geometry":{"type":"Point","coordinates":[19.452141,50.097673]},"properties":{"lines":"17b, 32a, 32b","color":"#0059a9","mode":"bus","arr":["17b","32a","32b"],"angle":-4.1,"extra":1,"ei":3}},{"type":"Feature","geometry":{"type":"Point","coordinates":[19.446408,50.098337]},"properties":{"lines":"17b, 32a, 32b","color":"#0059a9","mode":"bus","arr":["17b","32a","32b"],"angle":9.6,"extra":1,"ei":4}},{"type":"Feature","geometry":{"type":"Point","coordinates":[19.44357,50.098825]},"properties":{"lines":"17b, 32a, 32b","color":"#0059a9","mode":"bus","arr":["17b","32a","32b"],"angle":20.4,"extra":1,"ei":5}},{"type":"Feature","geometry":{"type":"Point","coordinates":[19.440676,50.098969]},"properties":{"lines":"17b, 32a, 32b","color":"#0059a9","mode":"bus","arr":["17b","32a","32b"],"angle":-3.6,"extra":1,"ei":6}},{"type":"Feature","geometry":{"type":"Point","coordinates":[19.419443,50.102159]},"properties":{"lines":"17b, 32a, 32b","color":"#0059a9","mode":"bus","arr":["17b","32a","32b"],"angle":19.1}},{"type":"Feature","geometry":{"type":"Point","coordinates":[19.437205,50.098199]},"properties":{"lines":"17b, 32a, 32b","color":"#0059a9","mode":"bus","arr":["17b","32a","32b"],"angle":-47.8,"extra":1,"ei":0}},{"type":"Feature","geometry":{"type":"Point","coordinates":[19.434771,50.097447]},"properties":{"lines":"17b, 32a, 32b","color":"#0059a9","mode":"bus","arr":["17b","32a","32b"],"angle":14,"extra":1,"ei":1}},{"type":"Feature","geometry":{"type":"Point","coordinates":[19.431925,50.097936]},"properties":{"lines":"17b, 32a, 32b","color":"#0059a9","mode":"bus","arr":["17b","32a","32b"],"angle":15.1,"extra":1,"ei":2}},{"type":"Feature","geometry":{"type":"Point","coordinates":[19.429075,50.098417]},"properties":{"lines":"17b, 32a, 32b","color":"#0059a9","mode":"bus","arr":["17b","32a","32b"],"angle":14.8,"extra":1,"ei":3}},{"type":"Feature","geometry":{"type":"Point","coordinates":[19.426304,50.099042]},"properties":{"lines":"17b, 32a, 32b","color":"#0059a9","mode":"bus","arr":["17b","32a","32b"],"angle":28.9,"extra":1,"ei":4}},{"type":"Feature","geometry":{"type":"Point","coordinates":[19.424023,50.10016]},"properties":{"lines":"17b, 32a, 32b","color":"#0059a9","mode":"bus","arr":["17b","32a","32b"],"angle":70,"extra":1,"ei":5}},{"type":"Feature","geometry":{"type":"Point","coordinates":[19.422793,50.101704]},"properties":{"lines":"17b, 32a, 32b","color":"#0059a9","mode":"bus","arr":["17b","32a","32b"],"angle":4.8,"extra":1,"ei":6}},{"type":"Feature","geometry":{"type":"Point","coordinates":[19.417231,50.10282]},"properties":{"lines":"17b, 32a, 32b","color":"#0059a9","mode":"bus","arr":["17b","32a","32b"],"angle":33.8,"extra":1,"ei":7}},{"type":"Feature","geometry":{"type":"Point","coordinates":[19.41573,50.104336]},"properties":{"lines":"17b, 32a, 32b","color":"#0059a9","mode":"bus","arr":["17b","32a","32b"],"angle":84.3,"extra":1,"ei":8}},{"type":"Feature","geometry":{"type":"Point","coordinates":[19.415936,50.106203]},"properties":{"lines":"17b, 32a, 32b","color":"#0059a9","mode":"bus","arr":["17b","32a","32b"],"angle":81,"extra":1,"ei":9}},{"type":"Feature","geometry":{"type":"Point","coordinates":[19.415287,50.108045]},"properties":{"lines":"17b, 32a, 32b","color":"#0059a9","mode":"bus","arr":["17b","32a","32b"],"angle":77.2,"extra":1,"ei":10}},{"type":"Feature","geometry":{"type":"Point","coordinates":[19.414647,50.109888]},"properties":{"lines":"17b, 32a, 32b","color":"#0059a9","mode":"bus","arr":["17b","32a","32b"],"angle":77.1,"extra":1,"ei":11}},{"type":"Feature","geometry":{"type":"Point","coordinates":[19.413985,50.111729]},"properties":{"lines":"17b, 32a, 32b","color":"#0059a9","mode":"bus","arr":["17b","32a","32b"],"angle":77.1,"extra":1,"ei":12}},{"type":"Feature","geometry":{"type":"Point","coordinates":[19.413335,50.113571]},"properties":{"lines":"17b, 32a, 32b","color":"#0059a9","mode":"bus","arr":["17b","32a","32b"],"angle":76.8,"extra":1,"ei":13}},{"type":"Feature","geometry":{"type":"Point","coordinates":[19.41266,50.11555]},"properties":{"lines":"17b, 32a, 32b","color":"#0059a9","mode":"bus","arr":["17b","32a","32b"],"angle":81.5}},{"type":"Feature","geometry":{"type":"Point","coordinates":[19.410712,50.121458]},"properties":{"lines":"17b, 32a, 32b, 35","color":"#0059a9","mode":"bus","arr":["17b","32a","32b","35"],"angle":76.7}},{"type":"Feature","geometry":{"type":"Point","coordinates":[19.412599,50.116942]},"properties":{"lines":"17b, 32a, 32b, 35","color":"#0059a9","mode":"bus","arr":["17b","32a","32b","35"],"angle":-89.5,"extra":1,"ei":0}},{"type":"Feature","geometry":{"type":"Point","coordinates":[19.411915,50.118759]},"properties":{"lines":"17b, 32a, 32b, 35","color":"#0059a9","mode":"bus","arr":["17b","32a","32b","35"],"angle":70.8,"extra":1,"ei":1}},{"type":"Feature","geometry":{"type":"Point","coordinates":[19.410396,50.124279]},"properties":{"lines":"17b, 32a, 32b, 35","color":"#0059a9","mode":"bus","arr":["17b","32a","32b","35"],"angle":-85,"extra":1,"ei":2}},{"type":"Feature","geometry":{"type":"Point","coordinates":[19.410662,50.126159]},"properties":{"lines":"17b, 32a, 32b, 35","color":"#0059a9","mode":"bus","arr":["17b","32a","32b","35"],"angle":-84.8,"extra":1,"ei":3}},{"type":"Feature","geometry":{"type":"Point","coordinates":[19.408242,50.130788]},"properties":{"lines":"17b, 30, 31, 32a, 32b, 35","color":"#0059a9","mode":"bus","arr":["17b","30","31","32a","32b","35"],"angle":74.4}},{"type":"Feature","geometry":{"type":"Point","coordinates":[19.409896,50.12852]},"properties":{"lines":"17b, 30, 31, 32a, 32b, 35","color":"#0059a9","mode":"bus","arr":["17b","30","31","32a","32b","35"],"angle":70.8,"extra":1,"ei":0}},{"type":"Feature","geometry":{"type":"Point","coordinates":[19.408348,50.132039]},"properties":{"lines":"17b, 30, 31, 32a, 32b, 35","color":"#0059a9","mode":"bus","arr":["17b","30","31","32a","32b","35"],"angle":-81.8,"extra":1,"ei":1}},{"type":"Feature","geometry":{"type":"Point","coordinates":[19.40879,50.133906]},"properties":{"lines":"17b, 30, 31, 32a, 32b, 35","color":"#0059a9","mode":"bus","arr":["17b","30","31","32a","32b","35"],"angle":-79.6,"extra":1,"ei":2}},{"type":"Feature","geometry":{"type":"Point","coordinates":[19.409046,50.135328]},"properties":{"lines":"17b, 30, 32a, 32b, 35","color":"#0059a9","mode":"bus","arr":["17b","30","32a","32b","35"],"angle":78.8}},{"type":"Feature","geometry":{"type":"Point","coordinates":[19.407193,50.137392]},"properties":{"lines":"17b, 30, 32a, 32b, 35","color":"#0059a9","mode":"bus","arr":["17b","30","32a","32b","35"],"angle":51.5,"mi":1}},{"type":"Feature","geometry":{"type":"Point","coordinates":[19.398966,50.135628]},"properties":{"lines":"25","color":"#0059a9","mode":"bus","arr":["25"],"angle":-71.2}},{"type":"Feature","geometry":{"type":"Point","coordinates":[19.389944,50.132598]},"properties":{"lines":"25","color":"#0059a9","mode":"bus","arr":["25"],"angle":-7,"mi":1}},{"type":"Feature","geometry":{"type":"Point","coordinates":[19.397065,50.134126]},"properties":{"lines":"25","color":"#0059a9","mode":"bus","arr":["25"],"angle":-23,"extra":1,"ei":0}},{"type":"Feature","geometry":{"type":"Point","coordinates":[19.394297,50.13348]},"properties":{"lines":"25","color":"#0059a9","mode":"bus","arr":["25"],"angle":-19.2,"extra":1,"ei":1}},{"type":"Feature","geometry":{"type":"Point","coordinates":[19.385747,50.132849]},"properties":{"lines":"25","color":"#0059a9","mode":"bus","arr":["25"],"angle":-16.2,"extra":1,"ei":2}},{"type":"Feature","geometry":{"type":"Point","coordinates":[19.382899,50.132397]},"properties":{"lines":"25","color":"#0059a9","mode":"bus","arr":["25"],"angle":-6.1,"extra":1,"ei":3}},{"type":"Feature","geometry":{"type":"Point","coordinates":[19.378547,50.119939]},"properties":{"lines":"25","color":"#0059a9","mode":"bus","arr":["25"],"angle":-43.8}},{"type":"Feature","geometry":{"type":"Point","coordinates":[19.380998,50.131355]},"properties":{"lines":"25","color":"#0059a9","mode":"bus","arr":["25"],"angle":-80.7,"extra":1,"ei":0}},{"type":"Feature","geometry":{"type":"Point","coordinates":[19.380211,50.129554]},"properties":{"lines":"25","color":"#0059a9","mode":"bus","arr":["25"],"angle":-55.8,"extra":1,"ei":1}},{"type":"Feature","geometry":{"type":"Point","coordinates":[19.37927,50.127916]},"properties":{"lines":"25","color":"#0059a9","mode":"bus","arr":["25"],"angle":65.5,"extra":1,"ei":2}},{"type":"Feature","geometry":{"type":"Point","coordinates":[19.380468,50.126193]},"properties":{"lines":"25","color":"#0059a9","mode":"bus","arr":["25"],"angle":65.3,"extra":1,"ei":3}},{"type":"Feature","geometry":{"type":"Point","coordinates":[19.381704,50.124478]},"properties":{"lines":"25","color":"#0059a9","mode":"bus","arr":["25"],"angle":65.2,"extra":1,"ei":4}},{"type":"Feature","geometry":{"type":"Point","coordinates":[19.382327,50.122792]},"properties":{"lines":"25","color":"#0059a9","mode":"bus","arr":["25"],"angle":-47.1,"extra":1,"ei":5}},{"type":"Feature","geometry":{"type":"Point","coordinates":[19.380581,50.121344]},"properties":{"lines":"25","color":"#0059a9","mode":"bus","arr":["25"],"angle":-75,"extra":1,"ei":6}},{"type":"Feature","geometry":{"type":"Point","coordinates":[19.376472,50.118668]},"properties":{"lines":"25","color":"#0059a9","mode":"bus","arr":["25"],"angle":-43.9,"extra":1,"ei":7}},{"type":"Feature","geometry":{"type":"Point","coordinates":[19.375035,50.117039]},"properties":{"lines":"25","color":"#0059a9","mode":"bus","arr":["25"],"angle":-65,"extra":1,"ei":8}},{"type":"Feature","geometry":{"type":"Point","coordinates":[19.373763,50.115336]},"properties":{"lines":"25","color":"#0059a9","mode":"bus","arr":["25"],"angle":-64.8,"extra":1,"ei":9}},{"type":"Feature","geometry":{"type":"Point","coordinates":[19.372502,50.113629]},"properties":{"lines":"25","color":"#0059a9","mode":"bus","arr":["25"],"angle":-64.3,"extra":1,"ei":10}},{"type":"Feature","geometry":{"type":"Point","coordinates":[19.37126,50.111916]},"properties":{"lines":"25","color":"#0059a9","mode":"bus","arr":["25"],"angle":-65.2,"extra":1,"ei":11}},{"type":"Feature","geometry":{"type":"Point","coordinates":[19.37018,50.110162]},"properties":{"lines":"25","color":"#0059a9","mode":"bus","arr":["25"],"angle":-66.1,"extra":1,"ei":12}},{"type":"Feature","geometry":{"type":"Point","coordinates":[19.368908,50.108458]},"properties":{"lines":"25","color":"#0059a9","mode":"bus","arr":["25"],"angle":-64.4,"extra":1,"ei":13}},{"type":"Feature","geometry":{"type":"Point","coordinates":[19.366566,50.106728]},"properties":{"lines":"25","color":"#0059a9","mode":"bus","arr":["25"],"angle":-58.7}},{"type":"Feature","geometry":{"type":"Point","coordinates":[19.365399,50.105558]},"properties":{"lines":"25","color":"#0059a9","mode":"bus","arr":["25"],"angle":-51.2,"extra":1,"ei":0}},{"type":"Feature","geometry":{"type":"Point","coordinates":[19.347089,50.103979]},"properties":{"lines":"25, 38","color":"#0059a9","mode":"bus","arr":["25","38"],"angle":-0.2}},{"type":"Feature","geometry":{"type":"Point","coordinates":[19.363906,50.105393]},"properties":{"lines":"25, 38","color":"#0059a9","mode":"bus","arr":["25","38"],"angle":-11.9,"extra":1,"ei":0}},{"type":"Feature","geometry":{"type":"Point","coordinates":[19.361022,50.105005]},"properties":{"lines":"25, 38","color":"#0059a9","mode":"bus","arr":["25","38"],"angle":-11.9,"extra":1,"ei":1}},{"type":"Feature","geometry":{"type":"Point","coordinates":[19.358138,50.104617]},"properties":{"lines":"25, 38","color":"#0059a9","mode":"bus","arr":["25","38"],"angle":-11.9,"extra":1,"ei":2}},{"type":"Feature","geometry":{"type":"Point","coordinates":[19.355254,50.10423]},"properties":{"lines":"25, 38","color":"#0059a9","mode":"bus","arr":["25","38"],"angle":-12.8,"extra":1,"ei":3}},{"type":"Feature","geometry":{"type":"Point","coordinates":[19.352327,50.104065]},"properties":{"lines":"25, 38","color":"#0059a9","mode":"bus","arr":["25","38"],"angle":-1.4,"extra":1,"ei":4}},{"type":"Feature","geometry":{"type":"Point","coordinates":[19.349381,50.104017]},"properties":{"lines":"25, 38","color":"#0059a9","mode":"bus","arr":["25","38"],"angle":-1.6,"extra":1,"ei":5}},{"type":"Feature","geometry":{"type":"Point","coordinates":[19.343576,50.104454]},"properties":{"lines":"25, 38","color":"#0059a9","mode":"bus","arr":["25","38"],"angle":13.9,"extra":1,"ei":6}},{"type":"Feature","geometry":{"type":"Point","coordinates":[19.340705,50.104879]},"properties":{"lines":"25, 38","color":"#0059a9","mode":"bus","arr":["25","38"],"angle":12.3,"extra":1,"ei":7}},{"type":"Feature","geometry":{"type":"Point","coordinates":[19.337787,50.105018]},"properties":{"lines":"25, 38","color":"#0059a9","mode":"bus","arr":["25","38"],"angle":-11.1,"extra":1,"ei":8}},{"type":"Feature","geometry":{"type":"Point","coordinates":[19.334972,50.104463]},"properties":{"lines":"25, 38","color":"#0059a9","mode":"bus","arr":["25","38"],"angle":-27.3,"extra":1,"ei":9}},{"type":"Feature","geometry":{"type":"Point","coordinates":[19.33266,50.103296]},"properties":{"lines":"25, 38","color":"#0059a9","mode":"bus","arr":["25","38"],"angle":-39,"extra":1,"ei":10}},{"type":"Feature","geometry":{"type":"Point","coordinates":[19.330375,50.102104]},"properties":{"lines":"25, 38","color":"#0059a9","mode":"bus","arr":["25","38"],"angle":-40.7,"extra":1,"ei":11}},{"type":"Feature","geometry":{"type":"Point","coordinates":[19.36414,50.101466]},"properties":{"lines":"25, 38","color":"#0059a9","mode":"bus","arr":["25","38"],"angle":-81.3}},{"type":"Feature","geometry":{"type":"Point","coordinates":[19.363382,50.098288]},"properties":{"lines":"25, 38","color":"#0059a9","mode":"bus","arr":["25","38"],"angle":-81.4,"extra":1,"ei":0}},{"type":"Feature","geometry":{"type":"Point","coordinates":[19.363826,50.100155]},"properties":{"lines":"25, 38","color":"#0059a9","mode":"bus","arr":["25","38"],"angle":-81.3,"extra":1,"ei":1}},{"type":"Feature","geometry":{"type":"Point","coordinates":[19.364702,50.103889]},"properties":{"lines":"25, 38","color":"#0059a9","mode":"bus","arr":["25","38"],"angle":-80.7,"extra":1,"ei":2}},{"type":"Feature","geometry":{"type":"Point","coordinates":[19.360163,50.08924]},"properties":{"lines":"25, 38","color":"#0059a9","mode":"bus","arr":["25","38"],"angle":-67.5}},{"type":"Feature","geometry":{"type":"Point","coordinates":[19.352645,50.083367]},"properties":{"lines":"25, 38","color":"#0059a9","mode":"bus","arr":["25","38"],"angle":-59.8,"extra":1,"ei":0}},{"type":"Feature","geometry":{"type":"Point","coordinates":[19.354358,50.084902]},"properties":{"lines":"25, 38","color":"#0059a9","mode":"bus","arr":["25","38"],"angle":-53.9,"extra":1,"ei":1}},{"type":"Feature","geometry":{"type":"Point","coordinates":[19.356232,50.086355]},"properties":{"lines":"25, 38","color":"#0059a9","mode":"bus","arr":["25","38"],"angle":-44.5,"extra":1,"ei":2}},{"type":"Feature","geometry":{"type":"Point","coordinates":[19.358409,50.087625]},"properties":{"lines":"25, 38","color":"#0059a9","mode":"bus","arr":["25","38"],"angle":-45.6,"extra":1,"ei":3}},{"type":"Feature","geometry":{"type":"Point","coordinates":[19.360485,50.091]},"properties":{"lines":"25, 38","color":"#0059a9","mode":"bus","arr":["25","38"],"angle":83.3,"extra":1,"ei":4}},{"type":"Feature","geometry":{"type":"Point","coordinates":[19.360167,50.092876]},"properties":{"lines":"25, 38","color":"#0059a9","mode":"bus","arr":["25","38"],"angle":-89.6,"extra":1,"ei":5}},{"type":"Feature","geometry":{"type":"Point","coordinates":[19.360977,50.094672]},"properties":{"lines":"25, 38","color":"#0059a9","mode":"bus","arr":["25","38"],"angle":-66.4,"extra":1,"ei":6}},{"type":"Feature","geometry":{"type":"Point","coordinates":[19.362197,50.09639]},"properties":{"lines":"25, 38","color":"#0059a9","mode":"bus","arr":["25","38"],"angle":-61.1,"extra":1,"ei":7}},{"type":"Feature","geometry":{"type":"Point","coordinates":[19.277135,50.111619]},"properties":{"lines":"25","color":"#0059a9","mode":"bus","arr":["25"],"angle":77.3}},{"type":"Feature","geometry":{"type":"Point","coordinates":[19.399765,50.145845]},"properties":{"lines":"29, 33","color":"#0059a9","mode":"bus","arr":["29","33"],"angle":-74.6}},{"type":"Feature","geometry":{"type":"Point","coordinates":[19.398596,50.150178]},"properties":{"lines":"29","color":"#0059a9","mode":"bus","arr":["29"],"angle":86.4}},{"type":"Feature","geometry":{"type":"Point","coordinates":[19.399709,50.148564]},"properties":{"lines":"29","color":"#0059a9","mode":"bus","arr":["29"],"angle":59.5,"extra":1,"ei":0}},{"type":"Feature","geometry":{"type":"Point","coordinates":[19.398871,50.152163]},"properties":{"lines":"29","color":"#0059a9","mode":"bus","arr":["29"],"angle":-84,"extra":1,"ei":1}},{"type":"Feature","geometry":{"type":"Point","coordinates":[19.402008,50.152698]},"properties":{"lines":"29","color":"#0059a9","mode":"bus","arr":["29"],"angle":13.2,"mi":1}},{"type":"Feature","geometry":{"type":"Point","coordinates":[19.397172,50.166115]},"properties":{"lines":"29","color":"#0059a9","mode":"bus","arr":["29"],"angle":6.5,"mi":5}},{"type":"Feature","geometry":{"type":"Point","coordinates":[19.402658,50.166195]},"properties":{"lines":"29","color":"#0059a9","mode":"bus","arr":["29"],"angle":-14.7,"extra":1,"ei":0}},{"type":"Feature","geometry":{"type":"Point","coordinates":[19.399769,50.165927]},"properties":{"lines":"29","color":"#0059a9","mode":"bus","arr":["29"],"angle":5.7,"extra":1,"ei":1}},{"type":"Feature","geometry":{"type":"Point","coordinates":[19.393911,50.166346]},"properties":{"lines":"29","color":"#0059a9","mode":"bus","arr":["29"],"angle":6.3,"extra":1,"ei":2}},{"type":"Feature","geometry":{"type":"Point","coordinates":[19.391378,50.165808]},"properties":{"lines":"29","color":"#0059a9","mode":"bus","arr":["29"],"angle":-34.7,"extra":1,"ei":3}},{"type":"Feature","geometry":{"type":"Point","coordinates":[19.389997,50.164268]},"properties":{"lines":"29","color":"#0059a9","mode":"bus","arr":["29"],"angle":-80.7,"mi":3}},{"type":"Feature","geometry":{"type":"Point","coordinates":[19.377294,50.166249]},"properties":{"lines":"29","color":"#0059a9","mode":"bus","arr":["29"],"angle":46.8,"mi":2}},{"type":"Feature","geometry":{"type":"Point","coordinates":[19.388593,50.163184]},"properties":{"lines":"29","color":"#0059a9","mode":"bus","arr":["29"],"angle":14.6,"extra":1,"ei":0}},{"type":"Feature","geometry":{"type":"Point","coordinates":[19.385715,50.162956]},"properties":{"lines":"29","color":"#0059a9","mode":"bus","arr":["29"],"angle":-23.2,"extra":1,"ei":1}},{"type":"Feature","geometry":{"type":"Point","coordinates":[19.382845,50.16265]},"properties":{"lines":"29","color":"#0059a9","mode":"bus","arr":["29"],"angle":2.7,"extra":1,"ei":2}},{"type":"Feature","geometry":{"type":"Point","coordinates":[19.38098,50.163956]},"properties":{"lines":"29","color":"#0059a9","mode":"bus","arr":["29"],"angle":60.3,"extra":1,"ei":3}},{"type":"Feature","geometry":{"type":"Point","coordinates":[19.378916,50.165292]},"properties":{"lines":"29","color":"#0059a9","mode":"bus","arr":["29"],"angle":41.8,"extra":1,"ei":4}},{"type":"Feature","geometry":{"type":"Point","coordinates":[19.374862,50.168025]},"properties":{"lines":"29","color":"#0059a9","mode":"bus","arr":["29"],"angle":50.2,"extra":1,"ei":5}},{"type":"Feature","geometry":{"type":"Point","coordinates":[19.373094,50.169529]},"properties":{"lines":"29","color":"#0059a9","mode":"bus","arr":["29"],"angle":60.4,"extra":1,"ei":6}},{"type":"Feature","geometry":{"type":"Point","coordinates":[19.371072,50.170874]},"properties":{"lines":"29","color":"#0059a9","mode":"bus","arr":["29"],"angle":43.4,"extra":1,"ei":7}},{"type":"Feature","geometry":{"type":"Point","coordinates":[19.368761,50.172031]},"properties":{"lines":"29","color":"#0059a9","mode":"bus","arr":["29"],"angle":33.9,"extra":1,"ei":8}},{"type":"Feature","geometry":{"type":"Point","coordinates":[19.381025,50.167833]},"properties":{"lines":"29","color":"#0059a9","mode":"bus","arr":["29"],"angle":53.1}},{"type":"Feature","geometry":{"type":"Point","coordinates":[19.369591,50.172691]},"properties":{"lines":"29","color":"#0059a9","mode":"bus","arr":["29"],"angle":29.3,"mi":4}},{"type":"Feature","geometry":{"type":"Point","coordinates":[19.371211,50.172104]},"properties":{"lines":"29","color":"#0059a9","mode":"bus","arr":["29"],"angle":29.6,"extra":1,"ei":0}},{"type":"Feature","geometry":{"type":"Point","coordinates":[19.374223,50.171343]},"properties":{"lines":"29","color":"#0059a9","mode":"bus","arr":["29"],"angle":19.7,"extra":1,"ei":0}},{"type":"Feature","geometry":{"type":"Point","coordinates":[19.376905,50.170577]},"properties":{"lines":"29","color":"#0059a9","mode":"bus","arr":["29"],"angle":25,"extra":1,"ei":1}},{"type":"Feature","geometry":{"type":"Point","coordinates":[19.379106,50.169426]},"properties":{"lines":"29","color":"#0059a9","mode":"bus","arr":["29"],"angle":68.9,"extra":1,"ei":2}},{"type":"Feature","geometry":{"type":"Point","coordinates":[19.383325,50.166952]},"properties":{"lines":"29","color":"#0059a9","mode":"bus","arr":["29"],"angle":22.3,"extra":1,"ei":3}},{"type":"Feature","geometry":{"type":"Point","coordinates":[19.386152,50.166483]},"properties":{"lines":"29","color":"#0059a9","mode":"bus","arr":["29"],"angle":17.3,"extra":1,"ei":4}},{"type":"Feature","geometry":{"type":"Point","coordinates":[19.389055,50.166192]},"properties":{"lines":"29","color":"#0059a9","mode":"bus","arr":["29"],"angle":10.7,"extra":1,"ei":5}},{"type":"Feature","geometry":{"type":"Point","coordinates":[19.382176,50.173934]},"properties":{"lines":"29","color":"#0059a9","mode":"bus","arr":["29"],"angle":-88.7,"mi":1}},{"type":"Feature","geometry":{"type":"Point","coordinates":[19.382426,50.168215]},"properties":{"lines":"29","color":"#0059a9","mode":"bus","arr":["29"],"angle":-77,"extra":1,"ei":0}},{"type":"Feature","geometry":{"type":"Point","coordinates":[19.382458,50.170082]},"properties":{"lines":"29","color":"#0059a9","mode":"bus","arr":["29"],"angle":82.5,"extra":1,"ei":1}},{"type":"Feature","geometry":{"type":"Point","coordinates":[19.382091,50.171955]},"properties":{"lines":"29","color":"#0059a9","mode":"bus","arr":["29"],"angle":88.2,"extra":1,"ei":2}},{"type":"Feature","geometry":{"type":"Point","coordinates":[19.38207,50.175728]},"properties":{"lines":"29","color":"#0059a9","mode":"bus","arr":["29"],"angle":84,"extra":1,"ei":3}},{"type":"Feature","geometry":{"type":"Point","coordinates":[19.381362,50.177558]},"properties":{"lines":"29","color":"#0059a9","mode":"bus","arr":["29"],"angle":74,"extra":1,"ei":4}},{"type":"Feature","geometry":{"type":"Point","coordinates":[19.380619,50.179385]},"properties":{"lines":"29","color":"#0059a9","mode":"bus","arr":["29"],"angle":71.8,"extra":1,"ei":5}},{"type":"Feature","geometry":{"type":"Point","coordinates":[19.378723,50.182018]},"properties":{"lines":"29","color":"#0059a9","mode":"bus","arr":["29"],"angle":-78.8,"mi":6}},{"type":"Feature","geometry":{"type":"Point","coordinates":[19.40252,50.12723]},"properties":{"lines":"30, 31","color":"#0059a9","mode":"bus","arr":["30","31"],"angle":69,"mi":1}},{"type":"Feature","geometry":{"type":"Point","coordinates":[19.403269,50.125958]},"properties":{"lines":"30, 31","color":"#0059a9","mode":"bus","arr":["30","31"],"angle":70.7,"extra":1,"ei":0}},{"type":"Feature","geometry":{"type":"Point","coordinates":[19.403882,50.124774]},"properties":{"lines":"30, 31","color":"#0059a9","mode":"bus","arr":["30","31"],"angle":31.7,"side":-1}},{"type":"Feature","geometry":{"type":"Point","coordinates":[19.407604,50.12587]},"properties":{"lines":"30, 31","color":"#0059a9","mode":"bus","arr":["30","31"],"angle":-39.4,"mi":2}},{"type":"Feature","geometry":{"type":"Point","coordinates":[19.405731,50.125147]},"properties":{"lines":"30, 31","color":"#0059a9","mode":"bus","arr":["30","31"],"angle":-19,"extra":1,"ei":0}},{"type":"Feature","geometry":{"type":"Point","coordinates":[19.400151,50.129311]},"properties":{"lines":"30","color":"#0059a9","mode":"bus","arr":["30"],"angle":55.2,"mi":1}},{"type":"Feature","geometry":{"type":"Point","coordinates":[19.403985,50.124882]},"properties":{"lines":"30","color":"#0059a9","mode":"bus","arr":["30"],"angle":31.3}},{"type":"Feature","geometry":{"type":"Point","coordinates":[19.400087,50.129214]},"properties":{"lines":"31","color":"#0059a9","mode":"bus","arr":["31"],"angle":43.7,"mi":2}},{"type":"Feature","geometry":{"type":"Point","coordinates":[19.411114,50.133479]},"properties":{"lines":"31","color":"#0059a9","mode":"bus","arr":["31"],"angle":32.9}},{"type":"Feature","geometry":{"type":"Point","coordinates":[19.412809,50.132975]},"properties":{"lines":"31","color":"#0059a9","mode":"bus","arr":["31"],"angle":13.9,"extra":1,"ei":0}},{"type":"Feature","geometry":{"type":"Point","coordinates":[19.415173,50.133075]},"properties":{"lines":"31","color":"#0059a9","mode":"bus","arr":["31"],"angle":-25.5,"mi":1}},{"type":"Feature","geometry":{"type":"Point","coordinates":[19.416234,50.133877]},"properties":{"lines":"31, 32b","color":"#0059a9","mode":"bus","arr":["31","32b"],"angle":71.6,"mi":3}},{"type":"Feature","geometry":{"type":"Point","coordinates":[19.419004,50.134569]},"properties":{"lines":"31, 32b","color":"#0059a9","mode":"bus","arr":["31","32b"],"angle":-11.5}},{"type":"Feature","geometry":{"type":"Point","coordinates":[19.421566,50.135433]},"properties":{"lines":"31, 32b","color":"#0059a9","mode":"bus","arr":["31","32b"],"angle":66.5,"mi":1}},{"type":"Feature","geometry":{"type":"Point","coordinates":[19.421982,50.135854]},"properties":{"lines":"31, 32b","color":"#0059a9","mode":"bus","arr":["31","32b"],"angle":-0.1,"mi":2}},{"type":"Feature","geometry":{"type":"Point","coordinates":[19.412713,50.149199]},"properties":{"lines":"31B","color":"#0059a9","mode":"bus","arr":["31B"],"angle":2.1,"mi":2}},{"type":"Feature","geometry":{"type":"Point","coordinates":[19.409723,50.149077]},"properties":{"lines":"31B","color":"#0059a9","mode":"bus","arr":["31B"],"angle":-4,"extra":1,"ei":0}},{"type":"Feature","geometry":{"type":"Point","coordinates":[19.41479,50.148207]},"properties":{"lines":"31B","color":"#0059a9","mode":"bus","arr":["31B"],"angle":88,"extra":1,"ei":1}},{"type":"Feature","geometry":{"type":"Point","coordinates":[19.417616,50.146643]},"properties":{"lines":"31B","color":"#0059a9","mode":"bus","arr":["31B"],"angle":8.8}},{"type":"Feature","geometry":{"type":"Point","coordinates":[19.423833,50.14607]},"properties":{"lines":"31B","color":"#0059a9","mode":"bus","arr":["31B"],"angle":10.9,"side":-1,"mi":1}},{"type":"Feature","geometry":{"type":"Point","coordinates":[19.426334,50.141463]},"properties":{"lines":"31B, 41","color":"#0059a9","mode":"bus","arr":["31B","41"],"angle":84.9}},{"type":"Feature","geometry":{"type":"Point","coordinates":[19.426386,50.143638]},"properties":{"lines":"31B, 41","color":"#0059a9","mode":"bus","arr":["31B","41"],"angle":85.5,"extra":1,"ei":0}},{"type":"Feature","geometry":{"type":"Point","coordinates":[19.426773,50.139892]},"properties":{"lines":"31B, 41","color":"#0059a9","mode":"bus","arr":["31B","41"],"angle":76.1,"extra":1,"ei":1}},{"type":"Feature","geometry":{"type":"Point","coordinates":[19.423747,50.131778]},"properties":{"lines":"32b","color":"#0059a9","mode":"bus","arr":["32b"],"angle":83.1,"mi":1}},{"type":"Feature","geometry":{"type":"Point","coordinates":[19.420867,50.132477]},"properties":{"lines":"32b","color":"#0059a9","mode":"bus","arr":["32b"],"angle":-3.3}},{"type":"Feature","geometry":{"type":"Point","coordinates":[19.417093,50.132923]},"properties":{"lines":"32b","color":"#0059a9","mode":"bus","arr":["32b"],"angle":55.8,"mi":2}},{"type":"Feature","geometry":{"type":"Point","coordinates":[19.383476,50.146471]},"properties":{"lines":"33","color":"#0059a9","mode":"bus","arr":["33"],"angle":15.7}},{"type":"Feature","geometry":{"type":"Point","coordinates":[19.370083,50.149496]},"properties":{"lines":"33","color":"#0059a9","mode":"bus","arr":["33"],"angle":6,"extra":1,"ei":0}},{"type":"Feature","geometry":{"type":"Point","coordinates":[19.372991,50.149193]},"properties":{"lines":"33","color":"#0059a9","mode":"bus","arr":["33"],"angle":10.9,"extra":1,"ei":1}},{"type":"Feature","geometry":{"type":"Point","coordinates":[19.375876,50.148808]},"properties":{"lines":"33","color":"#0059a9","mode":"bus","arr":["33"],"angle":12.8,"extra":1,"ei":2}},{"type":"Feature","geometry":{"type":"Point","coordinates":[19.378681,50.148251]},"properties":{"lines":"33","color":"#0059a9","mode":"bus","arr":["33"],"angle":27.2,"extra":1,"ei":3}},{"type":"Feature","geometry":{"type":"Point","coordinates":[19.381205,50.14728]},"properties":{"lines":"33","color":"#0059a9","mode":"bus","arr":["33"],"angle":34.1,"extra":1,"ei":4}},{"type":"Feature","geometry":{"type":"Point","coordinates":[19.386629,50.145905]},"properties":{"lines":"33","color":"#0059a9","mode":"bus","arr":["33"],"angle":15.3,"extra":1,"ei":5}},{"type":"Feature","geometry":{"type":"Point","coordinates":[19.389475,50.145414]},"properties":{"lines":"33","color":"#0059a9","mode":"bus","arr":["33"],"angle":15.2,"extra":1,"ei":6}},{"type":"Feature","geometry":{"type":"Point","coordinates":[19.392319,50.14492]},"properties":{"lines":"33","color":"#0059a9","mode":"bus","arr":["33"],"angle":15.1,"extra":1,"ei":7}},{"type":"Feature","geometry":{"type":"Point","coordinates":[19.395169,50.144442]},"properties":{"lines":"33","color":"#0059a9","mode":"bus","arr":["33"],"angle":9.6,"extra":1,"ei":8}},{"type":"Feature","geometry":{"type":"Point","coordinates":[19.398095,50.144239]},"properties":{"lines":"33","color":"#0059a9","mode":"bus","arr":["33"],"angle":18.5,"extra":1,"ei":9}},{"type":"Feature","geometry":{"type":"Point","coordinates":[19.401924,50.145748]},"properties":{"lines":"33","color":"#0059a9","mode":"bus","arr":["33"],"angle":63.4}},{"type":"Feature","geometry":{"type":"Point","coordinates":[19.411127,50.116023]},"properties":{"lines":"35","color":"#0059a9","mode":"bus","arr":["35"],"angle":2.2}},{"type":"Feature","geometry":{"type":"Point","coordinates":[19.473316,50.158328]},"properties":{"lines":"41, N","color":"#0059a9","mode":"bus","arr":["41","N"],"angle":33.8,"l0":"41","c0":"#0059a9","l1":"\n","c1":"#000000","l2":"N","c2":"#000000","bl0":"41","bc0":"#0059a9","bl1":"\n","bc1":"#000000","bl2":"N","bc2":"#000000"}},{"type":"Feature","geometry":{"type":"Point","coordinates":[19.422666,50.145981]},"properties":{"lines":"41, 42","color":"#0059a9","mode":"bus","arr":["41","42"],"angle":-10.3}},{"type":"Feature","geometry":{"type":"Point","coordinates":[19.52656,50.142446]},"properties":{"lines":"41","color":"#0059a9","mode":"bus","arr":["41"],"angle":-0.1}},{"type":"Feature","geometry":{"type":"Point","coordinates":[19.523232,50.142441]},"properties":{"lines":"41","color":"#0059a9","mode":"bus","arr":["41"],"angle":-0.2,"extra":1,"ei":0}},{"type":"Feature","geometry":{"type":"Point","coordinates":[19.529126,50.142451]},"properties":{"lines":"41","color":"#0059a9","mode":"bus","arr":["41"],"angle":-0.2,"extra":1,"ei":1}},{"type":"Feature","geometry":{"type":"Point","coordinates":[19.530204,50.144432]},"properties":{"lines":"41","color":"#0059a9","mode":"bus","arr":["41"],"angle":48.9,"mi":1}},{"type":"Feature","geometry":{"type":"Point","coordinates":[19.531154,50.143393]},"properties":{"lines":"41","color":"#0059a9","mode":"bus","arr":["41"],"angle":73.3,"extra":1,"ei":0}},{"type":"Feature","geometry":{"type":"Point","coordinates":[19.422577,50.145756]},"properties":{"lines":"41","color":"#0059a9","mode":"bus","arr":["41"],"angle":-80,"side":-1}},{"type":"Feature","geometry":{"type":"Point","coordinates":[19.459852,50.157901]},"properties":{"lines":"41, 42, La, Lb, Lc","color":"#0059a9","mode":"bus","arr":["41","42","La","Lb","Lc"],"angle":64.9}},{"type":"Feature","geometry":{"type":"Point","coordinates":[19.490162,50.18806]},"properties":{"lines":"41, 42, Lc, N","color":"#0059a9","mode":"bus","arr":["41","42","Lc","N"],"angle":-42.2,"mi":3,"l0":"41, 42, Lc","c0":"#0059a9","l1":"\n","c1":"#000000","l2":"N","c2":"#000000","bl0":"41, 42, Lc","bc0":"#0059a9","bl1":"\n","bc1":"#000000","bl2":"N","bc2":"#000000"}},{"type":"Feature","geometry":{"type":"Point","coordinates":[19.48604,50.185682]},"properties":{"lines":"41, 42, Lc, N","color":"#0059a9","mode":"bus","arr":["41","42","Lc","N"],"angle":-37.5,"extra":1,"ei":0,"l0":"41, 42, Lc","c0":"#0059a9","l1":"\n","c1":"#000000","l2":"N","c2":"#000000","bl0":"41, 42, Lc","bc0":"#0059a9","bl1":"\n","bc1":"#000000","bl2":"N","bc2":"#000000"}},{"type":"Feature","geometry":{"type":"Point","coordinates":[19.488265,50.186918]},"properties":{"lines":"41, 42, Lc, N","color":"#0059a9","mode":"bus","arr":["41","42","Lc","N"],"angle":-43.5,"extra":1,"ei":1,"l0":"41, 42, Lc","c0":"#0059a9","l1":"\n","c1":"#000000","l2":"N","c2":"#000000","bl0":"41, 42, Lc","bc0":"#0059a9","bl1":"\n","bc1":"#000000","bl2":"N","bc2":"#000000"}},{"type":"Feature","geometry":{"type":"Point","coordinates":[19.492687,50.189408]},"properties":{"lines":"41, 42, Lc, N","color":"#0059a9","mode":"bus","arr":["41","42","Lc","N"],"angle":-35.4,"extra":1,"ei":2,"l0":"41, 42, Lc","c0":"#0059a9","l1":"\n","c1":"#000000","l2":"N","c2":"#000000","bl0":"41, 42, Lc","bc0":"#0059a9","bl1":"\n","bc1":"#000000","bl2":"N","bc2":"#000000"}},{"type":"Feature","geometry":{"type":"Point","coordinates":[19.495041,50.190542]},"properties":{"lines":"41, 42, Lc, N","color":"#0059a9","mode":"bus","arr":["41","42","Lc","N"],"angle":-40.4,"extra":1,"ei":3,"l0":"41, 42, Lc","c0":"#0059a9","l1":"\n","c1":"#000000","l2":"N","c2":"#000000","bl0":"41, 42, Lc","bc0":"#0059a9","bl1":"\n","bc1":"#000000","bl2":"N","bc2":"#000000"}},{"type":"Feature","geometry":{"type":"Point","coordinates":[19.49922,50.192863]},"properties":{"lines":"41, 42, Lc, N","color":"#0059a9","mode":"bus","arr":["41","42","Lc","N"],"angle":-41.8,"l0":"41, 42, Lc","c0":"#0059a9","l1":"\n","c1":"#000000","l2":"N","c2":"#000000","bl0":"41, 42, Lc","bc0":"#0059a9","bl1":"\n","bc1":"#000000","bl2":"N","bc2":"#000000"}},{"type":"Feature","geometry":{"type":"Point","coordinates":[19.496764,50.191479]},"properties":{"lines":"41, 42, Lc, N","color":"#0059a9","mode":"bus","arr":["41","42","Lc","N"],"angle":-41.3,"extra":1,"ei":0,"l0":"41, 42, Lc","c0":"#0059a9","l1":"\n","c1":"#000000","l2":"N","c2":"#000000","bl0":"41, 42, Lc","bc0":"#0059a9","bl1":"\n","bc1":"#000000","bl2":"N","bc2":"#000000"}},{"type":"Feature","geometry":{"type":"Point","coordinates":[19.501082,50.194043]},"properties":{"lines":"41, 42, Lc, N","color":"#0059a9","mode":"bus","arr":["41","42","Lc","N"],"angle":-52.3,"extra":1,"ei":1,"l0":"41, 42, Lc","c0":"#0059a9","l1":"\n","c1":"#000000","l2":"N","c2":"#000000","bl0":"41, 42, Lc","bc0":"#0059a9","bl1":"\n","bc1":"#000000","bl2":"N","bc2":"#000000"}},{"type":"Feature","geometry":{"type":"Point","coordinates":[19.50631,50.198209]},"properties":{"lines":"41, 42, Lc, N","color":"#0059a9","mode":"bus","arr":["41","42","Lc","N"],"angle":-49.5,"mi":1,"l0":"41, 42, Lc","c0":"#0059a9","l1":"\n","c1":"#000000","l2":"N","c2":"#000000","bl0":"41, 42, Lc","bc0":"#0059a9","bl1":"\n","bc1":"#000000","bl2":"N","bc2":"#000000"}},{"type":"Feature","geometry":{"type":"Point","coordinates":[19.503241,50.195881]},"properties":{"lines":"41, 42, Lc, N","color":"#0059a9","mode":"bus","arr":["41","42","Lc","N"],"angle":-50,"extra":1,"ei":0,"l0":"41, 42, Lc","c0":"#0059a9","l1":"\n","c1":"#000000","l2":"N","c2":"#000000","bl0":"41, 42, Lc","bc0":"#0059a9","bl1":"\n","bc1":"#000000","bl2":"N","bc2":"#000000"}},{"type":"Feature","geometry":{"type":"Point","coordinates":[19.508945,50.200209]},"properties":{"lines":"41, 42, Lc, N","color":"#0059a9","mode":"bus","arr":["41","42","Lc","N"],"angle":-49.7,"extra":1,"ei":1,"l0":"41, 42, Lc","c0":"#0059a9","l1":"\n","c1":"#000000","l2":"N","c2":"#000000","bl0":"41, 42, Lc","bc0":"#0059a9","bl1":"\n","bc1":"#000000","bl2":"N","bc2":"#000000"}},{"type":"Feature","geometry":{"type":"Point","coordinates":[19.510623,50.202335]},"properties":{"lines":"41, 42, Lc, N","color":"#0059a9","mode":"bus","arr":["41","42","Lc","N"],"angle":-83.9,"mi":2,"l0":"41, 42, Lc","c0":"#0059a9","l1":"\n","c1":"#000000","l2":"N","c2":"#000000","bl0":"41, 42, Lc","bc0":"#0059a9","bl1":"\n","bc1":"#000000","bl2":"N","bc2":"#000000"}},{"type":"Feature","geometry":{"type":"Point","coordinates":[19.51226,50.204398]},"properties":{"lines":"42, N","color":"#0059a9","mode":"bus","arr":["42","N"],"angle":-23.4,"l0":"42","c0":"#0059a9","l1":"\n","c1":"#000000","l2":"N","c2":"#000000","bl0":"42","bc0":"#0059a9","bl1":"\n","bc1":"#000000","bl2":"N","bc2":"#000000"}},{"type":"Feature","geometry":{"type":"Point","coordinates":[19.438275,50.137118]},"properties":{"lines":"42","color":"#0059a9","mode":"bus","arr":["42"],"angle":16.6}},{"type":"Feature","geometry":{"type":"Point","coordinates":[19.4459,50.134161]},"properties":{"lines":"42","color":"#0059a9","mode":"bus","arr":["42"],"angle":42.4,"extra":1,"ei":0}},{"type":"Feature","geometry":{"type":"Point","coordinates":[19.443519,50.13525]},"properties":{"lines":"42","color":"#0059a9","mode":"bus","arr":["42"],"angle":27.1,"extra":1,"ei":1}},{"type":"Feature","geometry":{"type":"Point","coordinates":[19.440896,50.136111]},"properties":{"lines":"42","color":"#0059a9","mode":"bus","arr":["42"],"angle":30.7,"extra":1,"ei":2}},{"type":"Feature","geometry":{"type":"Point","coordinates":[19.435569,50.137625]},"properties":{"lines":"42","color":"#0059a9","mode":"bus","arr":["42"],"angle":21.2,"extra":1,"ei":3}},{"type":"Feature","geometry":{"type":"Point","coordinates":[19.432746,50.138129]},"properties":{"lines":"42","color":"#0059a9","mode":"bus","arr":["42"],"angle":6.5,"extra":1,"ei":4}},{"type":"Feature","geometry":{"type":"Point","coordinates":[19.429815,50.138295]},"properties":{"lines":"42","color":"#0059a9","mode":"bus","arr":["42"],"angle":1,"extra":1,"ei":5}},{"type":"Feature","geometry":{"type":"Point","coordinates":[19.455021,50.13105]},"properties":{"lines":"42","color":"#0059a9","mode":"bus","arr":["42"],"angle":19.6}},{"type":"Feature","geometry":{"type":"Point","coordinates":[19.448326,50.133103]},"properties":{"lines":"42","color":"#0059a9","mode":"bus","arr":["42"],"angle":28.4,"extra":1,"ei":0}},{"type":"Feature","geometry":{"type":"Point","coordinates":[19.450967,50.132266]},"properties":{"lines":"42","color":"#0059a9","mode":"bus","arr":["42"],"angle":25.7,"extra":1,"ei":1}},{"type":"Feature","geometry":{"type":"Point","coordinates":[19.459106,50.131744]},"properties":{"lines":"42","color":"#0059a9","mode":"bus","arr":["42"],"angle":-26.4,"extra":1,"ei":2}},{"type":"Feature","geometry":{"type":"Point","coordinates":[19.461866,50.131886]},"properties":{"lines":"42","color":"#0059a9","mode":"bus","arr":["42"],"angle":18.3,"extra":1,"ei":3}},{"type":"Feature","geometry":{"type":"Point","coordinates":[19.464143,50.130214]},"properties":{"lines":"42","color":"#0059a9","mode":"bus","arr":["42"],"angle":-82.8,"mi":1}},{"type":"Feature","geometry":{"type":"Point","coordinates":[19.463629,50.129074]},"properties":{"lines":"42","color":"#0059a9","mode":"bus","arr":["42"],"angle":-74.3,"extra":1,"ei":0}},{"type":"Feature","geometry":{"type":"Point","coordinates":[19.465712,50.124736]},"properties":{"lines":"42, P","color":"#0059a9","mode":"bus","arr":["42","P"],"angle":83.3,"mi":3}},{"type":"Feature","geometry":{"type":"Point","coordinates":[19.464095,50.127786]},"properties":{"lines":"42, P","color":"#0059a9","mode":"bus","arr":["42","P"],"angle":54.5,"extra":1,"ei":0}},{"type":"Feature","geometry":{"type":"Point","coordinates":[19.465451,50.126145]},"properties":{"lines":"42, P","color":"#0059a9","mode":"bus","arr":["42","P"],"angle":82.4,"extra":1,"ei":1}},{"type":"Feature","geometry":{"type":"Point","coordinates":[19.466447,50.122443]},"properties":{"lines":"42, P","color":"#0059a9","mode":"bus","arr":["42","P"],"angle":65.2,"extra":1,"ei":2}},{"type":"Feature","geometry":{"type":"Point","coordinates":[19.467396,50.120668]},"properties":{"lines":"42, P","color":"#0059a9","mode":"bus","arr":["42","P"],"angle":82.2,"extra":1,"ei":3}},{"type":"Feature","geometry":{"type":"Point","coordinates":[19.474638,50.119598]},"properties":{"lines":"42, P","color":"#0059a9","mode":"bus","arr":["42","P"],"angle":23.2}},{"type":"Feature","geometry":{"type":"Point","coordinates":[19.468861,50.120567]},"properties":{"lines":"42, P","color":"#0059a9","mode":"bus","arr":["42","P"],"angle":7.1,"extra":1,"ei":0}},{"type":"Feature","geometry":{"type":"Point","coordinates":[19.471754,50.120212]},"properties":{"lines":"42, P","color":"#0059a9","mode":"bus","arr":["42","P"],"angle":12.6,"extra":1,"ei":1}},{"type":"Feature","geometry":{"type":"Point","coordinates":[19.477261,50.118887]},"properties":{"lines":"42, P","color":"#0059a9","mode":"bus","arr":["42","P"],"angle":24.1,"extra":1,"ei":2}},{"type":"Feature","geometry":{"type":"Point","coordinates":[19.479671,50.117828]},"properties":{"lines":"42, P","color":"#0059a9","mode":"bus","arr":["42","P"],"angle":41.7,"extra":1,"ei":3}},{"type":"Feature","geometry":{"type":"Point","coordinates":[19.487909,50.113209]},"properties":{"lines":"42","color":"#0059a9","mode":"bus","arr":["42"],"angle":29.1}},{"type":"Feature","geometry":{"type":"Point","coordinates":[19.481999,50.116482]},"properties":{"lines":"42","color":"#0059a9","mode":"bus","arr":["42"],"angle":47,"extra":1,"ei":0}},{"type":"Feature","geometry":{"type":"Point","coordinates":[19.484025,50.11511]},"properties":{"lines":"42","color":"#0059a9","mode":"bus","arr":["42"],"angle":46.5,"extra":1,"ei":1}},{"type":"Feature","geometry":{"type":"Point","coordinates":[19.486193,50.113843]},"properties":{"lines":"42","color":"#0059a9","mode":"bus","arr":["42"],"angle":32,"extra":1,"ei":2}},{"type":"Feature","geometry":{"type":"Point","coordinates":[19.491317,50.111977]},"properties":{"lines":"42","color":"#0059a9","mode":"bus","arr":["42"],"angle":28.7,"extra":1,"ei":3}},{"type":"Feature","geometry":{"type":"Point","coordinates":[19.493922,50.111094]},"properties":{"lines":"42","color":"#0059a9","mode":"bus","arr":["42"],"angle":27.9,"extra":1,"ei":4}},{"type":"Feature","geometry":{"type":"Point","coordinates":[19.477776,50.111595]},"properties":{"lines":"42, P","color":"#0059a9","mode":"bus","arr":["42","P"],"angle":-70,"mi":2}},{"type":"Feature","geometry":{"type":"Point","coordinates":[19.480335,50.11632]},"properties":{"lines":"42, P","color":"#0059a9","mode":"bus","arr":["42","P"],"angle":-64.6,"extra":1,"ei":0}},{"type":"Feature","geometry":{"type":"Point","coordinates":[19.479202,50.114582]},"properties":{"lines":"42, P","color":"#0059a9","mode":"bus","arr":["42","P"],"angle":-75,"extra":1,"ei":1}},{"type":"Feature","geometry":{"type":"Point","coordinates":[19.478244,50.112863]},"properties":{"lines":"42, P","color":"#0059a9","mode":"bus","arr":["42","P"],"angle":-77.8,"extra":1,"ei":2}},{"type":"Feature","geometry":{"type":"Point","coordinates":[19.475933,50.109441]},"properties":{"lines":"42, P","color":"#0059a9","mode":"bus","arr":["42","P"],"angle":-75.7,"extra":1,"ei":3}},{"type":"Feature","geometry":{"type":"Point","coordinates":[19.475404,50.1076]},"properties":{"lines":"42, P","color":"#0059a9","mode":"bus","arr":["42","P"],"angle":-66.3,"extra":1,"ei":4}},{"type":"Feature","geometry":{"type":"Point","coordinates":[19.479994,50.116973]},"properties":{"lines":"42, P","color":"#0059a9","mode":"bus","arr":["42","P"],"angle":83.3,"mi":1}},{"type":"Feature","geometry":{"type":"Point","coordinates":[19.512053,50.206725]},"properties":{"lines":"42, N","color":"#0059a9","mode":"bus","arr":["42","N"],"angle":41.2,"mi":1,"l0":"42","c0":"#0059a9","l1":"\n","c1":"#000000","l2":"N","c2":"#000000","bl0":"42","bc0":"#0059a9","bl1":"\n","bc1":"#000000","bl2":"N","bc2":"#000000"}},{"type":"Feature","geometry":{"type":"Point","coordinates":[19.513429,50.205715]},"properties":{"lines":"42, N","color":"#0059a9","mode":"bus","arr":["42","N"],"angle":53.7,"extra":1,"ei":0,"l0":"42","c0":"#0059a9","l1":"\n","c1":"#000000","l2":"N","c2":"#000000","bl0":"42","bc0":"#0059a9","bl1":"\n","bc1":"#000000","bl2":"N","bc2":"#000000"}},{"type":"Feature","geometry":{"type":"Point","coordinates":[19.498094,50.208554]},"properties":{"lines":"42, N","color":"#0059a9","mode":"bus","arr":["42","N"],"angle":-0.8,"l0":"42","c0":"#0059a9","l1":"\n","c1":"#000000","l2":"N","c2":"#000000","bl0":"42","bc0":"#0059a9","bl1":"\n","bc1":"#000000","bl2":"N","bc2":"#000000"}},{"type":"Feature","geometry":{"type":"Point","coordinates":[19.508107,50.208728]},"properties":{"lines":"42, N","color":"#0059a9","mode":"bus","arr":["42","N"],"angle":33.7,"extra":1,"ei":0,"l0":"42","c0":"#0059a9","l1":"\n","c1":"#000000","l2":"N","c2":"#000000","bl0":"42","bc0":"#0059a9","bl1":"\n","bc1":"#000000","bl2":"N","bc2":"#000000"}},{"type":"Feature","geometry":{"type":"Point","coordinates":[19.505329,50.209189]},"properties":{"lines":"42, N","color":"#0059a9","mode":"bus","arr":["42","N"],"angle":-8.3,"extra":1,"ei":1,"l0":"42","c0":"#0059a9","l1":"\n","c1":"#000000","l2":"N","c2":"#000000","bl0":"42","bc0":"#0059a9","bl1":"\n","bc1":"#000000","bl2":"N","bc2":"#000000"}},{"type":"Feature","geometry":{"type":"Point","coordinates":[19.502442,50.208813]},"properties":{"lines":"42, N","color":"#0059a9","mode":"bus","arr":["42","N"],"angle":-8.5,"extra":1,"ei":2,"l0":"42","c0":"#0059a9","l1":"\n","c1":"#000000","l2":"N","c2":"#000000","bl0":"42","bc0":"#0059a9","bl1":"\n","bc1":"#000000","bl2":"N","bc2":"#000000"}},{"type":"Feature","geometry":{"type":"Point","coordinates":[19.493632,50.208509]},"properties":{"lines":"42, N","color":"#0059a9","mode":"bus","arr":["42","N"],"angle":-11.3,"extra":1,"ei":3,"l0":"42","c0":"#0059a9","l1":"\n","c1":"#000000","l2":"N","c2":"#000000","bl0":"42","bc0":"#0059a9","bl1":"\n","bc1":"#000000","bl2":"N","bc2":"#000000"}},{"type":"Feature","geometry":{"type":"Point","coordinates":[19.490746,50.208269]},"properties":{"lines":"42, N","color":"#0059a9","mode":"bus","arr":["42","N"],"angle":10.6,"extra":1,"ei":4,"l0":"42","c0":"#0059a9","l1":"\n","c1":"#000000","l2":"N","c2":"#000000","bl0":"42","bc0":"#0059a9","bl1":"\n","bc1":"#000000","bl2":"N","bc2":"#000000"}},{"type":"Feature","geometry":{"type":"Point","coordinates":[19.487904,50.208763]},"properties":{"lines":"42, N","color":"#0059a9","mode":"bus","arr":["42","N"],"angle":13.7,"extra":1,"ei":5,"l0":"42","c0":"#0059a9","l1":"\n","c1":"#000000","l2":"N","c2":"#000000","bl0":"42","bc0":"#0059a9","bl1":"\n","bc1":"#000000","bl2":"N","bc2":"#000000"}},{"type":"Feature","geometry":{"type":"Point","coordinates":[19.481641,50.209053]},"properties":{"lines":"42, N","color":"#0059a9","mode":"bus","arr":["42","N"],"angle":-7.6,"l0":"42","c0":"#0059a9","l1":"\n","c1":"#000000","l2":"N","c2":"#000000","bl0":"42","bc0":"#0059a9","bl1":"\n","bc1":"#000000","bl2":"N","bc2":"#000000"}},{"type":"Feature","geometry":{"type":"Point","coordinates":[19.478125,50.209028]},"properties":{"lines":"42, N","color":"#0059a9","mode":"bus","arr":["42","N"],"angle":-1.7,"extra":1,"ei":0,"l0":"42","c0":"#0059a9","l1":"\n","c1":"#000000","l2":"N","c2":"#000000","bl0":"42","bc0":"#0059a9","bl1":"\n","bc1":"#000000","bl2":"N","bc2":"#000000"}},{"type":"Feature","geometry":{"type":"Point","coordinates":[19.483982,50.209207]},"properties":{"lines":"42, N","color":"#0059a9","mode":"bus","arr":["42","N"],"angle":8.1,"extra":1,"ei":1,"l0":"42","c0":"#0059a9","l1":"\n","c1":"#000000","l2":"N","c2":"#000000","bl0":"42","bc0":"#0059a9","bl1":"\n","bc1":"#000000","bl2":"N","bc2":"#000000"}},{"type":"Feature","geometry":{"type":"Point","coordinates":[19.469224,50.102478]},"properties":{"lines":"42, P","color":"#0059a9","mode":"bus","arr":["42","P"],"angle":-60.6}},{"type":"Feature","geometry":{"type":"Point","coordinates":[19.473177,50.105437]},"properties":{"lines":"42, P","color":"#0059a9","mode":"bus","arr":["42","P"],"angle":-60.6,"extra":1,"ei":0}},{"type":"Feature","geometry":{"type":"Point","coordinates":[19.471306,50.103982]},"properties":{"lines":"42, P","color":"#0059a9","mode":"bus","arr":["42","P"],"angle":-44.6,"extra":1,"ei":1}},{"type":"Feature","geometry":{"type":"Point","coordinates":[19.467859,50.100958]},"properties":{"lines":"42, P","color":"#0059a9","mode":"bus","arr":["42","P"],"angle":-47.5,"extra":1,"ei":2}},{"type":"Feature","geometry":{"type":"Point","coordinates":[19.46542,50.099901]},"properties":{"lines":"42, P","color":"#0059a9","mode":"bus","arr":["42","P"],"angle":-33.9,"extra":1,"ei":3}},{"type":"Feature","geometry":{"type":"Point","coordinates":[19.479338,50.185833]},"properties":{"lines":"42, La, Lb","color":"#0059a9","mode":"bus","arr":["42","La","Lb"],"angle":88.6,"mi":1}},{"type":"Feature","geometry":{"type":"Point","coordinates":[19.478469,50.186959]},"properties":{"lines":"42, La, Lb","color":"#0059a9","mode":"bus","arr":["42","La","Lb"],"angle":42.8,"extra":1,"ei":0}},{"type":"Feature","geometry":{"type":"Point","coordinates":[19.476393,50.188082]},"properties":{"lines":"42, La, Lb","color":"#0059a9","mode":"bus","arr":["42","La","Lb"],"angle":45.1}},{"type":"Feature","geometry":{"type":"Point","coordinates":[19.475064,50.189091]},"properties":{"lines":"42, La, Lb","color":"#0059a9","mode":"bus","arr":["42","La","Lb"],"angle":54.5,"extra":1,"ei":0}},{"type":"Feature","geometry":{"type":"Point","coordinates":[19.470528,50.193797]},"properties":{"lines":"42, La","color":"#0059a9","mode":"bus","arr":["42","La"],"angle":58.3,"mi":1}},{"type":"Feature","geometry":{"type":"Point","coordinates":[19.472826,50.191394]},"properties":{"lines":"42, La, Lb","color":"#0059a9","mode":"bus","arr":["42","La","Lb"],"angle":59.1,"mi":2}},{"type":"Feature","geometry":{"type":"Point","coordinates":[19.47153,50.192739]},"properties":{"lines":"42, La, Lb","color":"#0059a9","mode":"bus","arr":["42","La","Lb"],"angle":59,"extra":1,"ei":0}},{"type":"Feature","geometry":{"type":"Point","coordinates":[19.474635,50.189529]},"properties":{"lines":"42, La, Lb","color":"#0059a9","mode":"bus","arr":["42","La","Lb"],"angle":58.4,"extra":1,"ei":1}},{"type":"Feature","geometry":{"type":"Point","coordinates":[19.467671,50.197502]},"properties":{"lines":"42, La","color":"#0059a9","mode":"bus","arr":["42","La"],"angle":63}},{"type":"Feature","geometry":{"type":"Point","coordinates":[19.465733,50.200118]},"properties":{"lines":"42, La","color":"#0059a9","mode":"bus","arr":["42","La"],"angle":65.6,"extra":1,"ei":0}},{"type":"Feature","geometry":{"type":"Point","coordinates":[19.469566,50.195013]},"properties":{"lines":"42, La","color":"#0059a9","mode":"bus","arr":["42","La"],"angle":64.1,"extra":1,"ei":1}},{"type":"Feature","geometry":{"type":"Point","coordinates":[19.331527,50.110417]},"properties":{"lines":"A, B","color":"#0059a9","mode":"bus","arr":["A","B"],"angle":79.1,"mi":1}},{"type":"Feature","geometry":{"type":"Point","coordinates":[19.330011,50.111807]},"properties":{"lines":"A, B","color":"#0059a9","mode":"bus","arr":["A","B"],"angle":28.4,"extra":1,"ei":0}},{"type":"Feature","geometry":{"type":"Point","coordinates":[19.332101,50.108508]},"properties":{"lines":"A, B","color":"#0059a9","mode":"bus","arr":["A","B"],"angle":69.2,"extra":1,"ei":1}},{"type":"Feature","geometry":{"type":"Point","coordinates":[19.327739,50.112435]},"properties":{"lines":"A, B","color":"#0059a9","mode":"bus","arr":["A","B"],"angle":21.2}},{"type":"Feature","geometry":{"type":"Point","coordinates":[19.325278,50.113092]},"properties":{"lines":"A","color":"#0059a9","mode":"bus","arr":["A"],"angle":18.4}},{"type":"Feature","geometry":{"type":"Point","coordinates":[19.321128,50.108233]},"properties":{"lines":"A","color":"#0059a9","mode":"bus","arr":["A"],"angle":-35.6,"mi":1}},{"type":"Feature","geometry":{"type":"Point","coordinates":[19.31632,50.104981]},"properties":{"lines":"A","color":"#0059a9","mode":"bus","arr":["A"],"angle":-69.7,"extra":1,"ei":0}},{"type":"Feature","geometry":{"type":"Point","coordinates":[19.317526,50.106704]},"properties":{"lines":"A","color":"#0059a9","mode":"bus","arr":["A"],"angle":-52.3,"extra":1,"ei":1}},{"type":"Feature","geometry":{"type":"Point","coordinates":[19.322969,50.110749]},"properties":{"lines":"A","color":"#0059a9","mode":"bus","arr":["A"],"angle":-80.1,"extra":1,"ei":2}},{"type":"Feature","geometry":{"type":"Point","coordinates":[19.323449,50.112612]},"properties":{"lines":"A","color":"#0059a9","mode":"bus","arr":["A"],"angle":-81.5,"extra":1,"ei":3}},{"type":"Feature","geometry":{"type":"Point","coordinates":[19.290601,50.090177]},"properties":{"lines":"A, B","color":"#0059a9","mode":"bus","arr":["A","B"],"angle":-49}},{"type":"Feature","geometry":{"type":"Point","coordinates":[19.288993,50.087203]},"properties":{"lines":"A, B","color":"#0059a9","mode":"bus","arr":["A","B"],"angle":-84,"extra":1,"ei":0}},{"type":"Feature","geometry":{"type":"Point","coordinates":[19.289499,50.089051]},"properties":{"lines":"A, B","color":"#0059a9","mode":"bus","arr":["A","B"],"angle":-64.6,"extra":1,"ei":1}},{"type":"Feature","geometry":{"type":"Point","coordinates":[19.293253,50.091934]},"properties":{"lines":"A, B","color":"#0059a9","mode":"bus","arr":["A","B"],"angle":-45.9,"extra":1,"ei":2}},{"type":"Feature","geometry":{"type":"Point","coordinates":[19.28174,50.096756]},"properties":{"lines":"A, B","color":"#0059a9","mode":"bus","arr":["A","B"],"angle":20.9,"mi":2}},{"type":"Feature","geometry":{"type":"Point","coordinates":[19.29391,50.093722]},"properties":{"lines":"A, B","color":"#0059a9","mode":"bus","arr":["A","B"],"angle":21.5,"extra":1,"ei":0}},{"type":"Feature","geometry":{"type":"Point","coordinates":[19.291167,50.094412]},"properties":{"lines":"A, B","color":"#0059a9","mode":"bus","arr":["A","B"],"angle":21.4,"extra":1,"ei":1}},{"type":"Feature","geometry":{"type":"Point","coordinates":[19.288423,50.095101]},"properties":{"lines":"A, B","color":"#0059a9","mode":"bus","arr":["A","B"],"angle":21.3,"extra":1,"ei":2}},{"type":"Feature","geometry":{"type":"Point","coordinates":[19.285675,50.095783]},"properties":{"lines":"A, B","color":"#0059a9","mode":"bus","arr":["A","B"],"angle":21.1,"extra":1,"ei":3}},{"type":"Feature","geometry":{"type":"Point","coordinates":[19.277421,50.097812]},"properties":{"lines":"A, B","color":"#0059a9","mode":"bus","arr":["A","B"],"angle":20.9,"extra":1,"ei":4}},{"type":"Feature","geometry":{"type":"Point","coordinates":[19.274667,50.098484]},"properties":{"lines":"A, B","color":"#0059a9","mode":"bus","arr":["A","B"],"angle":20.7,"extra":1,"ei":5}},{"type":"Feature","geometry":{"type":"Point","coordinates":[19.271913,50.099157]},"properties":{"lines":"A, B","color":"#0059a9","mode":"bus","arr":["A","B"],"angle":20.9,"extra":1,"ei":6}},{"type":"Feature","geometry":{"type":"Point","coordinates":[19.269157,50.099826]},"properties":{"lines":"A, B","color":"#0059a9","mode":"bus","arr":["A","B"],"angle":20.6,"extra":1,"ei":7}},{"type":"Feature","geometry":{"type":"Point","coordinates":[19.380453,50.050301]},"properties":{"lines":"B","color":"#0059a9","mode":"bus","arr":["B"],"angle":14.3}},{"type":"Feature","geometry":{"type":"Point","coordinates":[19.386158,50.049441]},"properties":{"lines":"B","color":"#0059a9","mode":"bus","arr":["B"],"angle":0.8,"extra":1,"ei":0}},{"type":"Feature","geometry":{"type":"Point","coordinates":[19.383278,50.049807]},"properties":{"lines":"B","color":"#0059a9","mode":"bus","arr":["B"],"angle":14.7,"extra":1,"ei":1}},{"type":"Feature","geometry":{"type":"Point","coordinates":[19.37758,50.050771]},"properties":{"lines":"B","color":"#0059a9","mode":"bus","arr":["B"],"angle":14.2,"extra":1,"ei":2}},{"type":"Feature","geometry":{"type":"Point","coordinates":[19.374727,50.051243]},"properties":{"lines":"B","color":"#0059a9","mode":"bus","arr":["B"],"angle":13.9,"extra":1,"ei":3}},{"type":"Feature","geometry":{"type":"Point","coordinates":[19.366607,50.052066]},"properties":{"lines":"B","color":"#0059a9","mode":"bus","arr":["B"],"angle":2.2,"mi":2}},{"type":"Feature","geometry":{"type":"Point","coordinates":[19.359321,50.051681]},"properties":{"lines":"B","color":"#0059a9","mode":"bus","arr":["B"],"angle":25.9,"mi":1}},{"type":"Feature","geometry":{"type":"Point","coordinates":[19.36176,50.052029]},"properties":{"lines":"B","color":"#0059a9","mode":"bus","arr":["B"],"angle":-12.4,"extra":1,"ei":0}},{"type":"Feature","geometry":{"type":"Point","coordinates":[19.364694,50.052121]},"properties":{"lines":"B","color":"#0059a9","mode":"bus","arr":["B"],"angle":2.1,"extra":1,"ei":1}},{"type":"Feature","geometry":{"type":"Point","coordinates":[19.370577,50.051939]},"properties":{"lines":"B","color":"#0059a9","mode":"bus","arr":["B"],"angle":7.7,"extra":1,"ei":2}},{"type":"Feature","geometry":{"type":"Point","coordinates":[19.355099,50.057818]},"properties":{"lines":"B","color":"#0059a9","mode":"bus","arr":["B"],"angle":49.7}},{"type":"Feature","geometry":{"type":"Point","coordinates":[19.358471,50.052785]},"properties":{"lines":"B","color":"#0059a9","mode":"bus","arr":["B"],"angle":-83.6,"extra":1,"ei":0}},{"type":"Feature","geometry":{"type":"Point","coordinates":[19.358445,50.054608]},"properties":{"lines":"B","color":"#0059a9","mode":"bus","arr":["B"],"angle":71.2,"extra":1,"ei":1}},{"type":"Feature","geometry":{"type":"Point","coordinates":[19.357097,50.05627]},"properties":{"lines":"B","color":"#0059a9","mode":"bus","arr":["B"],"angle":53.6,"extra":1,"ei":2}},{"type":"Feature","geometry":{"type":"Point","coordinates":[19.3533,50.059158]},"properties":{"lines":"B","color":"#0059a9","mode":"bus","arr":["B"],"angle":49,"extra":1,"ei":3}},{"type":"Feature","geometry":{"type":"Point","coordinates":[19.351382,50.060592]},"properties":{"lines":"B","color":"#0059a9","mode":"bus","arr":["B"],"angle":49.7,"extra":1,"ei":4}},{"type":"Feature","geometry":{"type":"Point","coordinates":[19.349503,50.062046]},"properties":{"lines":"B","color":"#0059a9","mode":"bus","arr":["B"],"angle":63.5,"extra":1,"ei":5}},{"type":"Feature","geometry":{"type":"Point","coordinates":[19.351569,50.071211]},"properties":{"lines":"B","color":"#0059a9","mode":"bus","arr":["B"],"angle":-87.9,"mi":5}},{"type":"Feature","geometry":{"type":"Point","coordinates":[19.349014,50.064146]},"properties":{"lines":"B","color":"#0059a9","mode":"bus","arr":["B"],"angle":82.6,"extra":1,"ei":0}},{"type":"Feature","geometry":{"type":"Point","coordinates":[19.349261,50.06597]},"properties":{"lines":"B","color":"#0059a9","mode":"bus","arr":["B"],"angle":-62.4,"extra":1,"ei":1}},{"type":"Feature","geometry":{"type":"Point","coordinates":[19.350464,50.067684]},"properties":{"lines":"B","color":"#0059a9","mode":"bus","arr":["B"],"angle":-77.7,"extra":1,"ei":2}},{"type":"Feature","geometry":{"type":"Point","coordinates":[19.351047,50.069535]},"properties":{"lines":"B","color":"#0059a9","mode":"bus","arr":["B"],"angle":-78.3,"extra":1,"ei":3}},{"type":"Feature","geometry":{"type":"Point","coordinates":[19.351045,50.073242]},"properties":{"lines":"B","color":"#0059a9","mode":"bus","arr":["B"],"angle":67.5,"extra":1,"ei":4}},{"type":"Feature","geometry":{"type":"Point","coordinates":[19.349957,50.074996]},"properties":{"lines":"B","color":"#0059a9","mode":"bus","arr":["B"],"angle":70.5,"extra":1,"ei":5}},{"type":"Feature","geometry":{"type":"Point","coordinates":[19.348602,50.076521]},"properties":{"lines":"B","color":"#0059a9","mode":"bus","arr":["B"],"angle":78.1,"extra":1,"ei":6}},{"type":"Feature","geometry":{"type":"Point","coordinates":[19.348277,50.078388]},"properties":{"lines":"B","color":"#0059a9","mode":"bus","arr":["B"],"angle":-80.8,"extra":1,"ei":7}},{"type":"Feature","geometry":{"type":"Point","coordinates":[19.345638,50.077497]},"properties":{"lines":"B","color":"#0059a9","mode":"bus","arr":["B"],"angle":-69}},{"type":"Feature","geometry":{"type":"Point","coordinates":[19.347189,50.078499]},"properties":{"lines":"B","color":"#0059a9","mode":"bus","arr":["B"],"angle":-36.5,"extra":1,"ei":0}},{"type":"Feature","geometry":{"type":"Point","coordinates":[19.344579,50.075292]},"properties":{"lines":"B","color":"#0059a9","mode":"bus","arr":["B"],"angle":-63.6,"extra":1,"ei":1}},{"type":"Feature","geometry":{"type":"Point","coordinates":[19.342866,50.075609]},"properties":{"lines":"B","color":"#0059a9","mode":"bus","arr":["B"],"angle":15.8,"mi":1}},{"type":"Feature","geometry":{"type":"Point","coordinates":[19.340931,50.076345]},"properties":{"lines":"B","color":"#0059a9","mode":"bus","arr":["B"],"angle":67,"mi":2}},{"type":"Feature","geometry":{"type":"Point","coordinates":[19.341092,50.077402]},"properties":{"lines":"B","color":"#0059a9","mode":"bus","arr":["B"],"angle":-50.1,"mi":3}},{"type":"Feature","geometry":{"type":"Point","coordinates":[19.336638,50.074595]},"properties":{"lines":"B","color":"#0059a9","mode":"bus","arr":["B"],"angle":-31.4,"extra":1,"ei":0}},{"type":"Feature","geometry":{"type":"Point","coordinates":[19.33844,50.076018]},"properties":{"lines":"B","color":"#0059a9","mode":"bus","arr":["B"],"angle":-54.5,"extra":1,"ei":1}},{"type":"Feature","geometry":{"type":"Point","coordinates":[19.342625,50.078627]},"properties":{"lines":"B","color":"#0059a9","mode":"bus","arr":["B"],"angle":-47.1,"extra":1,"ei":2}},{"type":"Feature","geometry":{"type":"Point","coordinates":[19.344645,50.079838]},"properties":{"lines":"B","color":"#0059a9","mode":"bus","arr":["B"],"angle":-60,"extra":1,"ei":3}},{"type":"Feature","geometry":{"type":"Point","coordinates":[19.349976,50.080761]},"properties":{"lines":"B","color":"#0059a9","mode":"bus","arr":["B"],"angle":-13.1,"mi":4}},{"type":"Feature","geometry":{"type":"Point","coordinates":[19.34789,50.080623]},"properties":{"lines":"B","color":"#0059a9","mode":"bus","arr":["B"],"angle":13.3,"extra":1,"ei":0}},{"type":"Feature","geometry":{"type":"Point","coordinates":[19.351796,50.082392]},"properties":{"lines":"B","color":"#0059a9","mode":"bus","arr":["B"],"angle":-74.9,"extra":1,"ei":1}},{"type":"Feature","geometry":{"type":"Point","coordinates":[19.346858,50.059855]},"properties":{"lines":"B","color":"#0059a9","mode":"bus","arr":["B"],"angle":-64.5,"mi":3}},{"type":"Feature","geometry":{"type":"Point","coordinates":[19.344466,50.057683]},"properties":{"lines":"B","color":"#0059a9","mode":"bus","arr":["B"],"angle":-80.3,"extra":1,"ei":0}},{"type":"Feature","geometry":{"type":"Point","coordinates":[19.348697,50.062557]},"properties":{"lines":"B","color":"#0059a9","mode":"bus","arr":["B"],"angle":-68.6,"extra":1,"ei":1}},{"type":"Feature","geometry":{"type":"Point","coordinates":[19.464901,50.167899]},"properties":{"lines":"La","color":"#0059a9","mode":"bus","arr":["La"],"angle":10.2,"mi":1}},{"type":"Feature","geometry":{"type":"Point","coordinates":[19.458216,50.1687]},"properties":{"lines":"La","color":"#0059a9","mode":"bus","arr":["La"],"angle":18.5,"extra":1,"ei":0}},{"type":"Feature","geometry":{"type":"Point","coordinates":[19.461064,50.168231]},"properties":{"lines":"La","color":"#0059a9","mode":"bus","arr":["La"],"angle":7.6,"extra":1,"ei":1}},{"type":"Feature","geometry":{"type":"Point","coordinates":[19.466883,50.167726]},"properties":{"lines":"La","color":"#0059a9","mode":"bus","arr":["La"],"angle":7.8,"extra":1,"ei":2}},{"type":"Feature","geometry":{"type":"Point","coordinates":[19.469788,50.167411]},"properties":{"lines":"La","color":"#0059a9","mode":"bus","arr":["La"],"angle":9,"extra":1,"ei":3}},{"type":"Feature","geometry":{"type":"Point","coordinates":[19.472708,50.16716]},"properties":{"lines":"La","color":"#0059a9","mode":"bus","arr":["La"],"angle":3.3,"extra":1,"ei":4}},{"type":"Feature","geometry":{"type":"Point","coordinates":[19.464217,50.170798]},"properties":{"lines":"La","color":"#0059a9","mode":"bus","arr":["La"],"angle":-71.1}},{"type":"Feature","geometry":{"type":"Point","coordinates":[19.463784,50.169051]},"properties":{"lines":"La","color":"#0059a9","mode":"bus","arr":["La"],"angle":-80,"extra":1,"ei":0}},{"type":"Feature","geometry":{"type":"Point","coordinates":[19.465614,50.172584]},"properties":{"lines":"La","color":"#0059a9","mode":"bus","arr":["La"],"angle":-71,"extra":1,"ei":1}},{"type":"Feature","geometry":{"type":"Point","coordinates":[19.450197,50.202296]},"properties":{"lines":"La","color":"#0059a9","mode":"bus","arr":["La"],"angle":88.4}},{"type":"Feature","geometry":{"type":"Point","coordinates":[19.450265,50.204158]},"properties":{"lines":"La","color":"#0059a9","mode":"bus","arr":["La"],"angle":-86.9,"extra":1,"ei":0}},{"type":"Feature","geometry":{"type":"Point","coordinates":[19.450344,50.200427]},"properties":{"lines":"La","color":"#0059a9","mode":"bus","arr":["La"],"angle":-74.7,"extra":1,"ei":1}},{"type":"Feature","geometry":{"type":"Point","coordinates":[19.44411,50.203577]},"properties":{"lines":"La","color":"#0059a9","mode":"bus","arr":["La"],"angle":86.9,"mi":1}},{"type":"Feature","geometry":{"type":"Point","coordinates":[19.444789,50.19957]},"properties":{"lines":"La","color":"#0059a9","mode":"bus","arr":["La"],"angle":83.9,"extra":1,"ei":0}},{"type":"Feature","geometry":{"type":"Point","coordinates":[19.444498,50.201449]},"properties":{"lines":"La","color":"#0059a9","mode":"bus","arr":["La"],"angle":84.4,"extra":1,"ei":1}},{"type":"Feature","geometry":{"type":"Point","coordinates":[19.445243,50.204921]},"properties":{"lines":"La","color":"#0059a9","mode":"bus","arr":["La"],"angle":-33.5,"extra":1,"ei":2}},{"type":"Feature","geometry":{"type":"Point","coordinates":[19.448126,50.205096]},"properties":{"lines":"La","color":"#0059a9","mode":"bus","arr":["La"],"angle":-0.2,"extra":1,"ei":3}},{"type":"Feature","geometry":{"type":"Point","coordinates":[19.410577,50.200791]},"properties":{"lines":"La","color":"#0059a9","mode":"bus","arr":["La"],"angle":3.7,"mi":2}},{"type":"Feature","geometry":{"type":"Point","coordinates":[19.415749,50.200086]},"properties":{"lines":"La","color":"#0059a9","mode":"bus","arr":["La"],"angle":22.8,"extra":1,"ei":0}},{"type":"Feature","geometry":{"type":"Point","coordinates":[19.413006,50.200674]},"properties":{"lines":"La","color":"#0059a9","mode":"bus","arr":["La"],"angle":15.5,"extra":1,"ei":1}},{"type":"Feature","geometry":{"type":"Point","coordinates":[19.407136,50.20071]},"properties":{"lines":"La","color":"#0059a9","mode":"bus","arr":["La"],"angle":14.1,"extra":1,"ei":2}},{"type":"Feature","geometry":{"type":"Point","coordinates":[19.404362,50.201317]},"properties":{"lines":"La","color":"#0059a9","mode":"bus","arr":["La"],"angle":15,"extra":1,"ei":3}},{"type":"Feature","geometry":{"type":"Point","coordinates":[19.403517,50.202594]},"properties":{"lines":"La","color":"#0059a9","mode":"bus","arr":["La"],"angle":-68.9,"mi":3}},{"type":"Feature","geometry":{"type":"Point","coordinates":[19.407214,50.203991]},"properties":{"lines":"La","color":"#0059a9","mode":"bus","arr":["La"],"angle":2}},{"type":"Feature","geometry":{"type":"Point","coordinates":[19.411485,50.202543]},"properties":{"lines":"La","color":"#0059a9","mode":"bus","arr":["La"],"angle":67.2,"mi":1}},{"type":"Feature","geometry":{"type":"Point","coordinates":[19.410723,50.203668]},"properties":{"lines":"La","color":"#0059a9","mode":"bus","arr":["La"],"angle":67.4,"extra":1,"ei":0}},{"type":"Feature","geometry":{"type":"Point","coordinates":[19.495172,50.183964]},"properties":{"lines":"Lb","color":"#0059a9","mode":"bus","arr":["Lb"],"angle":-2.8}},{"type":"Feature","geometry":{"type":"Point","coordinates":[19.525151,50.191915]},"properties":{"lines":"Lb","color":"#0059a9","mode":"bus","arr":["Lb"],"angle":-50.2}},{"type":"Feature","geometry":{"type":"Point","coordinates":[19.497371,50.184134]},"properties":{"lines":"Lb","color":"#0059a9","mode":"bus","arr":["Lb"],"angle":-10.3,"extra":1,"ei":0}},{"type":"Feature","geometry":{"type":"Point","coordinates":[19.500263,50.184498]},"properties":{"lines":"Lb","color":"#0059a9","mode":"bus","arr":["Lb"],"angle":-10.9,"extra":1,"ei":1}},{"type":"Feature","geometry":{"type":"Point","coordinates":[19.503162,50.184839]},"properties":{"lines":"Lb","color":"#0059a9","mode":"bus","arr":["Lb"],"angle":-10.3,"extra":1,"ei":2}},{"type":"Feature","geometry":{"type":"Point","coordinates":[19.506057,50.185189]},"properties":{"lines":"Lb","color":"#0059a9","mode":"bus","arr":["Lb"],"angle":-10.6,"extra":1,"ei":3}},{"type":"Feature","geometry":{"type":"Point","coordinates":[19.50894,50.185281]},"properties":{"lines":"Lb","color":"#0059a9","mode":"bus","arr":["Lb"],"angle":22.6,"extra":1,"ei":4}},{"type":"Feature","geometry":{"type":"Point","coordinates":[19.511777,50.185113]},"properties":{"lines":"Lb","color":"#0059a9","mode":"bus","arr":["Lb"],"angle":-8,"extra":1,"ei":5}},{"type":"Feature","geometry":{"type":"Point","coordinates":[19.514669,50.185451]},"properties":{"lines":"Lb","color":"#0059a9","mode":"bus","arr":["Lb"],"angle":-24.9,"extra":1,"ei":6}},{"type":"Feature","geometry":{"type":"Point","coordinates":[19.517102,50.186511]},"properties":{"lines":"Lb","color":"#0059a9","mode":"bus","arr":["Lb"],"angle":-32.2,"extra":1,"ei":7}},{"type":"Feature","geometry":{"type":"Point","coordinates":[19.519596,50.187517]},"properties":{"lines":"Lb","color":"#0059a9","mode":"bus","arr":["Lb"],"angle":-32.2,"extra":1,"ei":8}},{"type":"Feature","geometry":{"type":"Point","coordinates":[19.521889,50.188669]},"properties":{"lines":"Lb","color":"#0059a9","mode":"bus","arr":["Lb"],"angle":-55.7,"extra":1,"ei":9}},{"type":"Feature","geometry":{"type":"Point","coordinates":[19.523477,50.190259]},"properties":{"lines":"Lb","color":"#0059a9","mode":"bus","arr":["Lb"],"angle":-57.4,"extra":1,"ei":10}},{"type":"Feature","geometry":{"type":"Point","coordinates":[19.527603,50.192765]},"properties":{"lines":"Lb","color":"#0059a9","mode":"bus","arr":["Lb"],"angle":-24.2,"extra":1,"ei":11}},{"type":"Feature","geometry":{"type":"Point","coordinates":[19.530292,50.193538]},"properties":{"lines":"Lb","color":"#0059a9","mode":"bus","arr":["Lb"],"angle":-23.6,"extra":1,"ei":12}},{"type":"Feature","geometry":{"type":"Point","coordinates":[19.533112,50.194073]},"properties":{"lines":"Lb","color":"#0059a9","mode":"bus","arr":["Lb"],"angle":-14.2,"extra":1,"ei":13}},{"type":"Feature","geometry":{"type":"Point","coordinates":[19.53597,50.194533]},"properties":{"lines":"Lb","color":"#0059a9","mode":"bus","arr":["Lb"],"angle":-13.8,"extra":1,"ei":14}},{"type":"Feature","geometry":{"type":"Point","coordinates":[19.537688,50.195417]},"properties":{"lines":"Lb","color":"#0059a9","mode":"bus","arr":["Lb"],"angle":44,"extra":1,"ei":15}},{"type":"Feature","geometry":{"type":"Point","coordinates":[19.53575,50.196772]},"properties":{"lines":"Lb","color":"#0059a9","mode":"bus","arr":["Lb"],"angle":77.8,"extra":1,"ei":16}},{"type":"Feature","geometry":{"type":"Point","coordinates":[19.537232,50.198225]},"properties":{"lines":"Lb","color":"#0059a9","mode":"bus","arr":["Lb"],"angle":-21,"extra":1,"ei":17}},{"type":"Feature","geometry":{"type":"Point","coordinates":[19.539931,50.19898]},"properties":{"lines":"Lb","color":"#0059a9","mode":"bus","arr":["Lb"],"angle":-22.7,"extra":1,"ei":18}},{"type":"Feature","geometry":{"type":"Point","coordinates":[19.542574,50.199813]},"properties":{"lines":"Lb","color":"#0059a9","mode":"bus","arr":["Lb"],"angle":-26.2,"extra":1,"ei":19}},{"type":"Feature","geometry":{"type":"Point","coordinates":[19.545225,50.200634]},"properties":{"lines":"Lb","color":"#0059a9","mode":"bus","arr":["Lb"],"angle":-21.3,"extra":1,"ei":20}},{"type":"Feature","geometry":{"type":"Point","coordinates":[19.547973,50.201316]},"properties":{"lines":"Lb","color":"#0059a9","mode":"bus","arr":["Lb"],"angle":-21.2,"extra":1,"ei":21}},{"type":"Feature","geometry":{"type":"Point","coordinates":[19.554322,50.203403]},"properties":{"lines":"Lb","color":"#0059a9","mode":"bus","arr":["Lb"],"angle":-73.6}},{"type":"Feature","geometry":{"type":"Point","coordinates":[19.550965,50.202061]},"properties":{"lines":"Lb","color":"#0059a9","mode":"bus","arr":["Lb"],"angle":-21.8,"extra":1,"ei":0}},{"type":"Feature","geometry":{"type":"Point","coordinates":[19.555178,50.206217]},"properties":{"lines":"Lb","color":"#0059a9","mode":"bus","arr":["Lb"],"angle":-66.1,"extra":1,"ei":1}},{"type":"Feature","geometry":{"type":"Point","coordinates":[19.43898,50.12122]},"properties":{"lines":"P","color":"#0059a9","mode":"bus","arr":["P"],"angle":10.7,"mi":2}},{"type":"Feature","geometry":{"type":"Point","coordinates":[19.443215,50.121178]},"properties":{"lines":"P","color":"#0059a9","mode":"bus","arr":["P"],"angle":2.1,"extra":1,"ei":0}},{"type":"Feature","geometry":{"type":"Point","coordinates":[19.435307,50.122966]},"properties":{"lines":"P","color":"#0059a9","mode":"bus","arr":["P"],"angle":39.2,"extra":1,"ei":1}},{"type":"Feature","geometry":{"type":"Point","coordinates":[19.451556,50.121054]},"properties":{"lines":"P","color":"#0059a9","mode":"bus","arr":["P"],"angle":0.9}},{"type":"Feature","geometry":{"type":"Point","coordinates":[19.44616,50.121122]},"properties":{"lines":"P","color":"#0059a9","mode":"bus","arr":["P"],"angle":1.3,"extra":1,"ei":0}},{"type":"Feature","geometry":{"type":"Point","coordinates":[19.449106,50.121076]},"properties":{"lines":"P","color":"#0059a9","mode":"bus","arr":["P"],"angle":0.6,"extra":1,"ei":1}},{"type":"Feature","geometry":{"type":"Point","coordinates":[19.454999,50.121016]},"properties":{"lines":"P","color":"#0059a9","mode":"bus","arr":["P"],"angle":1,"extra":1,"ei":2}},{"type":"Feature","geometry":{"type":"Point","coordinates":[19.457945,50.120987]},"properties":{"lines":"P","color":"#0059a9","mode":"bus","arr":["P"],"angle":0.5,"extra":1,"ei":3}},{"type":"Feature","geometry":{"type":"Point","coordinates":[19.461999,50.124484]},"properties":{"lines":"P","color":"#0059a9","mode":"bus","arr":["P"],"angle":-89.5,"mi":1}},{"type":"Feature","geometry":{"type":"Point","coordinates":[19.458659,50.121886]},"properties":{"lines":"P","color":"#0059a9","mode":"bus","arr":["P"],"angle":-50.8,"extra":1,"ei":0}},{"type":"Feature","geometry":{"type":"Point","coordinates":[19.460985,50.123045]},"properties":{"lines":"P","color":"#0059a9","mode":"bus","arr":["P"],"angle":-37.2,"extra":1,"ei":1}},{"type":"Feature","geometry":{"type":"Point","coordinates":[19.46194,50.126506]},"properties":{"lines":"P","color":"#0059a9","mode":"bus","arr":["P"],"angle":83.7,"extra":1,"ei":2}},{"type":"Feature","geometry":{"type":"Point","coordinates":[19.462715,50.128221]},"properties":{"lines":"P","color":"#0059a9","mode":"bus","arr":["P"],"angle":-44.6,"extra":1,"ei":3}}]}