{"type":"FeatureCollection","features":[{"type":"Feature","properties":{"lines":"3, 30","arr":["3","30"],"mode":"bus","angle":-45.9,"l0":"3, ","c0":"#19a9a8","l1":"30","c1":"#c17aef"},"geometry":{"type":"Point","coordinates":[19.395759,50.131113]}},{"type":"Feature","properties":{"lines":"3, 30","arr":["3","30"],"mode":"bus","angle":-45.6,"extra":1,"ei":0,"l0":"3, ","c0":"#19a9a8","l1":"30","c1":"#c17aef"},"geometry":{"type":"Point","coordinates":[19.39313,50.129258]}},{"type":"Feature","properties":{"lines":"3, 30","arr":["3","30"],"mode":"bus","angle":-46.6,"extra":1,"ei":1,"l0":"3, ","c0":"#19a9a8","l1":"30","c1":"#c17aef"},"geometry":{"type":"Point","coordinates":[19.397151,50.132013]}},{"type":"Feature","properties":{"lines":"3, 30","arr":["3","30"],"mode":"bus","angle":-46.6,"extra":1,"ei":2,"l0":"3, ","c0":"#19a9a8","l1":"30","c1":"#c17aef"},"geometry":{"type":"Point","coordinates":[19.39912,50.133418]}},{"type":"Feature","properties":{"lines":"3, 30","arr":["3","30"],"mode":"bus","angle":34.2,"mi":1,"l0":"3, ","c0":"#19a9a8","l1":"30","c1":"#c17aef"},"geometry":{"type":"Point","coordinates":[19.399995,50.133372]}},{"type":"Feature","properties":{"lines":"3, 8, 31, 38","arr":["3","8","31","38"],"mode":"bus","angle":-67.9,"mi":2,"l0":"3, ","c0":"#19a9a8","l1":"8, ","c1":"#ff627e","l2":"31, ","c2":"#a72d06","l3":"38","c3":"#b59607"},"geometry":{"type":"Point","coordinates":[19.400953,50.133715]}},{"type":"Feature","properties":{"lines":"3, 8, 38","arr":["3","8","38"],"mode":"bus","angle":-66.5,"side":-1,"l0":"3, ","c0":"#19a9a8","l1":"8, ","c1":"#ff627e","l2":"38","c2":"#b59607"},"geometry":{"type":"Point","coordinates":[19.401712,50.134857]}},{"type":"Feature","properties":{"lines":"3, 8, 9, 15, 25, 30, 32a, 32b, 38","arr":["3","8","9","15","25","30","32a","32b","38"],"mode":"bus","angle":-45,"l0":"3, ","c0":"#19a9a8","l1":"8, ","c1":"#ff627e","l2":"9, ","c2":"#4d4aba","l3":"15, ","c3":"#7c5001","l4":"25, ","c4":"#018c47","l5":"30, ","c5":"#c17aef","l6":"32a, ","c6":"#05617d","l7":"32b, ","c7":"#119efc","l8":"38","c8":"#b59607"},"geometry":{"type":"Point","coordinates":[19.404393,50.136942]}},{"type":"Feature","properties":{"lines":"3, 8, 9, 15, 17b, 25, 30, 32a, 35, 38","arr":["3","8","9","15","17b","25","30","32a","35","38"],"mode":"bus","angle":-45.5,"l0":"3, ","c0":"#19a9a8","l1":"8, ","c1":"#ff627e","l2":"9, ","c2":"#4d4aba","l3":"15, ","c3":"#7c5001","l4":"17b, ","c4":"#f57145","l5":"25, ","c5":"#018c47","l6":"30, ","c6":"#c17aef","l7":"32a, ","c7":"#05617d","l8":"35, ","c8":"#126804","l9":"38","c9":"#b59607"},"geometry":{"type":"Point","coordinates":[19.409142,50.14003]}},{"type":"Feature","properties":{"lines":"3, 8, 9, 15, 17b, 25, 30, 32a, 35, 38","arr":["3","8","9","15","17b","25","30","32a","35","38"],"mode":"bus","angle":-46.1,"extra":1,"ei":0,"l0":"3, ","c0":"#19a9a8","l1":"8, ","c1":"#ff627e","l2":"9, ","c2":"#4d4aba","l3":"15, ","c3":"#7c5001","l4":"17b, ","c4":"#f57145","l5":"25, ","c5":"#018c47","l6":"30, ","c6":"#c17aef","l7":"32a, ","c7":"#05617d","l8":"35, ","c8":"#126804","l9":"38","c9":"#b59607"},"geometry":{"type":"Point","coordinates":[19.407732,50.139092]}},{"type":"Feature","properties":{"lines":"3, 8, 9, 15, 17a, 17b, 25, 30, 31, 31B, 32a, 32b, 35, 38","arr":["3","8","9","15","17a","17b","25","30","31","31B","32a","32b","35","38"],"mode":"bus","angle":20.3,"l0":"3, ","c0":"#19a9a8","l1":"8, ","c1":"#ff627e","l2":"9, ","c2":"#4d4aba","l3":"15, ","c3":"#7c5001","l4":"17a, ","c4":"#7b3aa8","l5":"17b, ","c5":"#f57145","l6":"25, ","c6":"#018c47","l7":"30, ","c7":"#c17aef","l8":"31, ","c8":"#a72d06","l9":"31B, ","c9":"#b0045c","l10":"32a, ","c10":"#05617d","l11":"32b, ","c11":"#119efc","l12":"35, ","c12":"#126804","l13":"38","c13":"#b59607"},"geometry":{"type":"Point","coordinates":[19.411297,50.141693]}},{"type":"Feature","properties":{"lines":"3, 8, 9, 15, 17a, 17b, 25, 30, 31, 31B, 32a, 32b, 35, 38","arr":["3","8","9","15","17a","17b","25","30","31","31B","32a","32b","35","38"],"mode":"bus","angle":-86.6,"side":-1,"mi":1,"l0":"3, ","c0":"#19a9a8","l1":"8, ","c1":"#ff627e","l2":"9, ","c2":"#4d4aba","l3":"15, ","c3":"#7c5001","l4":"17a, ","c4":"#7b3aa8","l5":"17b, ","c5":"#f57145","l6":"25, ","c6":"#018c47","l7":"30, ","c7":"#c17aef","l8":"31, ","c8":"#a72d06","l9":"31B, ","c9":"#b0045c","l10":"32a, ","c10":"#05617d","l11":"32b, ","c11":"#119efc","l12":"35, ","c12":"#126804","l13":"38","c13":"#b59607"},"geometry":{"type":"Point","coordinates":[19.410924,50.142015]}},{"type":"Feature","properties":{"lines":"3, 8, 9, 10, 15, 17a, 17b, 25, 29, 30, 31, 31B, 32a, 32b, 33, 35, 38","arr":["3","8","9","10","15","17a","17b","25","29","30","31","31B","32a","32b","33","35","38"],"mode":"bus","angle":-26.2,"l0":"3, ","c0":"#19a9a8","l1":"8, ","c1":"#ff627e","l2":"9, ","c2":"#4d4aba","l3":"10, ","c3":"#fe6761","l4":"15, ","c4":"#7c5001","l5":"17a, ","c5":"#7b3aa8","l6":"17b, ","c6":"#f57145","l7":"25, ","c7":"#018c47","l8":"29, ","c8":"#5a5d02","l9":"30, ","c9":"#c17aef","l10":"31, ","c10":"#a72d06","l11":"31B, ","c11":"#b0045c","l12":"32a, ","c12":"#05617d","l13":"32b, ","c13":"#119efc","l14":"33, ","c14":"#52ac3c","l15":"35, ","c15":"#126804","l16":"38","c16":"#b59607"},"geometry":{"type":"Point","coordinates":[19.41141,50.142413]}},{"type":"Feature","properties":{"lines":"3, 8, 10, 15, 17a, 17b, 25, 29, 30, 31, 31B, 32a, 32b, 33, 35, 38","arr":["3","8","10","15","17a","17b","25","29","30","31","31B","32a","32b","33","35","38"],"mode":"bus","angle":-28.2,"l0":"3, ","c0":"#19a9a8","l1":"8, ","c1":"#ff627e","l2":"10, ","c2":"#fe6761","l3":"15, ","c3":"#7c5001","l4":"17a, ","c4":"#7b3aa8","l5":"17b, ","c5":"#f57145","l6":"25, ","c6":"#018c47","l7":"29, ","c7":"#5a5d02","l8":"30, ","c8":"#c17aef","l9":"31, ","c9":"#a72d06","l10":"31B, ","c10":"#b0045c","l11":"32a, ","c11":"#05617d","l12":"32b, ","c12":"#119efc","l13":"33, ","c13":"#52ac3c","l14":"35, ","c14":"#126804","l15":"38","c15":"#b59607"},"geometry":{"type":"Point","coordinates":[19.410479,50.142123]}},{"type":"Feature","properties":{"lines":"3, 8, 10, 15, 25, 29, 30, 31, 31B, 32a, 32b, 33, 38","arr":["3","8","10","15","25","29","30","31","31B","32a","32b","33","38"],"mode":"bus","angle":13.4,"mi":3,"l0":"3, ","c0":"#19a9a8","l1":"8, ","c1":"#ff627e","l2":"10, ","c2":"#fe6761","l3":"15, ","c3":"#7c5001","l4":"25, ","c4":"#018c47","l5":"29, ","c5":"#5a5d02","l6":"30, ","c6":"#c17aef","l7":"31, ","c7":"#a72d06","l8":"31B, ","c8":"#b0045c","l9":"32a, ","c9":"#05617d","l10":"32b, ","c10":"#119efc","l11":"33, ","c11":"#52ac3c","l12":"38","c12":"#b59607"},"geometry":{"type":"Point","coordinates":[19.408352,50.142174]}},{"type":"Feature","properties":{"lines":"3, 8, 10, 15, 25, 29, 30, 31, 31B, 32a, 32b, 33, 38","arr":["3","8","10","15","25","29","30","31","31B","32a","32b","33","38"],"mode":"bus","angle":27.6,"l0":"3, ","c0":"#19a9a8","l1":"8, ","c1":"#ff627e","l2":"10, ","c2":"#fe6761","l3":"15, ","c3":"#7c5001","l4":"25, ","c4":"#018c47","l5":"29, ","c5":"#5a5d02","l6":"30, ","c6":"#c17aef","l7":"31, ","c7":"#a72d06","l8":"31B, ","c8":"#b0045c","l9":"32a, ","c9":"#05617d","l10":"32b, ","c10":"#119efc","l11":"33, ","c11":"#52ac3c","l12":"38","c12":"#b59607"},"geometry":{"type":"Point","coordinates":[19.406199,50.143097]}},{"type":"Feature","properties":{"lines":"3, 8, 10, 15, 25, 29, 30, 31, 31B, 32a, 32b, 33, 38","arr":["3","8","10","15","25","29","30","31","31B","32a","32b","33","38"],"mode":"bus","angle":19.2,"side":-1,"mi":1,"l0":"3, ","c0":"#19a9a8","l1":"8, ","c1":"#ff627e","l2":"10, ","c2":"#fe6761","l3":"15, ","c3":"#7c5001","l4":"25, ","c4":"#018c47","l5":"29, ","c5":"#5a5d02","l6":"30, ","c6":"#c17aef","l7":"31, ","c7":"#a72d06","l8":"31B, ","c8":"#b0045c","l9":"32a, ","c9":"#05617d","l10":"32b, ","c10":"#119efc","l11":"33, ","c11":"#52ac3c","l12":"38","c12":"#b59607"},"geometry":{"type":"Point","coordinates":[19.404819,50.143678]}},{"type":"Feature","properties":{"lines":"3, 8, 9, 10, 15, 25, 29, 30, 31, 31B, 32a, 32b, 33, 38","arr":["3","8","9","10","15","25","29","30","31","31B","32a","32b","33","38"],"mode":"bus","angle":15.9,"l0":"3, ","c0":"#19a9a8","l1":"8, ","c1":"#ff627e","l2":"9, ","c2":"#4d4aba","l3":"10, ","c3":"#fe6761","l4":"15, ","c4":"#7c5001","l5":"25, ","c5":"#018c47","l6":"29, ","c6":"#5a5d02","l7":"30, ","c7":"#c17aef","l8":"31, ","c8":"#a72d06","l9":"31B, ","c9":"#b0045c","l10":"32a, ","c10":"#05617d","l11":"32b, ","c11":"#119efc","l12":"33, ","c12":"#52ac3c","l13":"38","c13":"#b59607"},"geometry":{"type":"Point","coordinates":[19.404103,50.14381]}},{"type":"Feature","properties":{"lines":"3, 8, 10, 15, 25, 29, 30, 31, 31B, 32a, 32b, 33, 38","arr":["3","8","10","15","25","29","30","31","31B","32a","32b","33","38"],"mode":"bus","angle":7.1,"mi":2,"l0":"3, ","c0":"#19a9a8","l1":"8, ","c1":"#ff627e","l2":"10, ","c2":"#fe6761","l3":"15, ","c3":"#7c5001","l4":"25, ","c4":"#018c47","l5":"29, ","c5":"#5a5d02","l6":"30, ","c6":"#c17aef","l7":"31, ","c7":"#a72d06","l8":"31B, ","c8":"#b0045c","l9":"32a, ","c9":"#05617d","l10":"32b, ","c10":"#119efc","l11":"33, ","c11":"#52ac3c","l12":"38","c12":"#b59607"},"geometry":{"type":"Point","coordinates":[19.404396,50.144162]}},{"type":"Feature","properties":{"lines":"3, 8, 10, 15, 25, 29, 30, 31, 32a, 32b, 33, 38","arr":["3","8","10","15","25","29","30","31","32a","32b","33","38"],"mode":"bus","angle":-2.1,"l0":"3, ","c0":"#19a9a8","l1":"8, ","c1":"#ff627e","l2":"10, ","c2":"#fe6761","l3":"15, ","c3":"#7c5001","l4":"25, ","c4":"#018c47","l5":"29, ","c5":"#5a5d02","l6":"30, ","c6":"#c17aef","l7":"31, ","c7":"#a72d06","l8":"32a, ","c8":"#05617d","l9":"32b, ","c9":"#119efc","l10":"33, ","c10":"#52ac3c","l11":"38","c11":"#b59607"},"geometry":{"type":"Point","coordinates":[19.405366,50.144132]}},{"type":"Feature","properties":{"lines":"3, 8, 9, 15, 25, 29, 30, 31, 32a, 32b, 33, 38","arr":["3","8","9","15","25","29","30","31","32a","32b","33","38"],"mode":"bus","angle":-21,"side":-1,"l0":"3, ","c0":"#19a9a8","l1":"8, ","c1":"#ff627e","l2":"9, ","c2":"#4d4aba","l3":"15, ","c3":"#7c5001","l4":"25, ","c4":"#018c47","l5":"29, ","c5":"#5a5d02","l6":"30, ","c6":"#c17aef","l7":"31, ","c7":"#a72d06","l8":"32a, ","c8":"#05617d","l9":"32b, ","c9":"#119efc","l10":"33, ","c10":"#52ac3c","l11":"38","c11":"#b59607"},"geometry":{"type":"Point","coordinates":[19.405147,50.143949]}},{"type":"Feature","properties":{"lines":"3, 8, 9, 15, 25, 29, 30, 31, 32a, 32b, 33, 38","arr":["3","8","9","15","25","29","30","31","32a","32b","33","38"],"mode":"bus","angle":4.5,"mi":1,"l0":"3, ","c0":"#19a9a8","l1":"8, ","c1":"#ff627e","l2":"9, ","c2":"#4d4aba","l3":"15, ","c3":"#7c5001","l4":"25, ","c4":"#018c47","l5":"29, ","c5":"#5a5d02","l6":"30, ","c6":"#c17aef","l7":"31, ","c7":"#a72d06","l8":"32a, ","c8":"#05617d","l9":"32b, ","c9":"#119efc","l10":"33, ","c10":"#52ac3c","l11":"38","c11":"#b59607"},"geometry":{"type":"Point","coordinates":[19.401611,50.144258]}},{"type":"Feature","properties":{"lines":"3, 8, 9, 15, 25, 29, 30, 31, 32a, 32b, 33, 38","arr":["3","8","9","15","25","29","30","31","32a","32b","33","38"],"mode":"bus","angle":-8.2,"side":-1,"extra":1,"ei":0,"l0":"3, ","c0":"#19a9a8","l1":"8, ","c1":"#ff627e","l2":"9, ","c2":"#4d4aba","l3":"15, ","c3":"#7c5001","l4":"25, ","c4":"#018c47","l5":"29, ","c5":"#5a5d02","l6":"30, ","c6":"#c17aef","l7":"31, ","c7":"#a72d06","l8":"32a, ","c8":"#05617d","l9":"32b, ","c9":"#119efc","l10":"33, ","c10":"#52ac3c","l11":"38","c11":"#b59607"},"geometry":{"type":"Point","coordinates":[19.399458,50.144117]}},{"type":"Feature","properties":{"lines":"3, 8, 9, 15, 25, 30, 31, 32a, 32b, 38","arr":["3","8","9","15","25","30","31","32a","32b","38"],"mode":"bus","angle":-63.6,"mi":2,"l0":"3, ","c0":"#19a9a8","l1":"8, ","c1":"#ff627e","l2":"9, ","c2":"#4d4aba","l3":"15, ","c3":"#7c5001","l4":"25, ","c4":"#018c47","l5":"30, ","c5":"#c17aef","l6":"31, ","c6":"#a72d06","l7":"32a, ","c7":"#05617d","l8":"32b, ","c8":"#119efc","l9":"38","c9":"#b59607"},"geometry":{"type":"Point","coordinates":[19.397306,50.14153]}},{"type":"Feature","properties":{"lines":"3, 8, 9, 15, 25, 30, 31, 32a, 32b, 38","arr":["3","8","9","15","25","30","31","32a","32b","38"],"mode":"bus","angle":-65,"extra":1,"ei":0,"l0":"3, ","c0":"#19a9a8","l1":"8, ","c1":"#ff627e","l2":"9, ","c2":"#4d4aba","l3":"15, ","c3":"#7c5001","l4":"25, ","c4":"#018c47","l5":"30, ","c5":"#c17aef","l6":"31, ","c6":"#a72d06","l7":"32a, ","c7":"#05617d","l8":"32b, ","c8":"#119efc","l9":"38","c9":"#b59607"},"geometry":{"type":"Point","coordinates":[19.398355,50.14296]}},{"type":"Feature","properties":{"lines":"3, 8, 9, 15, 25, 30, 31, 32a, 32b, 38","arr":["3","8","9","15","25","30","31","32a","32b","38"],"mode":"bus","angle":-43.5,"extra":1,"ei":1,"l0":"3, ","c0":"#19a9a8","l1":"8, ","c1":"#ff627e","l2":"9, ","c2":"#4d4aba","l3":"15, ","c3":"#7c5001","l4":"25, ","c4":"#018c47","l5":"30, ","c5":"#c17aef","l6":"31, ","c6":"#a72d06","l7":"32a, ","c7":"#05617d","l8":"32b, ","c8":"#119efc","l9":"38","c9":"#b59607"},"geometry":{"type":"Point","coordinates":[19.395621,50.139631]}},{"type":"Feature","properties":{"lines":"3, 8, 9, 15, 25, 30, 31, 32a, 32b, 38","arr":["3","8","9","15","25","30","31","32a","32b","38"],"mode":"bus","angle":38.5,"mi":1,"l0":"3, ","c0":"#19a9a8","l1":"8, ","c1":"#ff627e","l2":"9, ","c2":"#4d4aba","l3":"15, ","c3":"#7c5001","l4":"25, ","c4":"#018c47","l5":"30, ","c5":"#c17aef","l6":"31, ","c6":"#a72d06","l7":"32a, ","c7":"#05617d","l8":"32b, ","c8":"#119efc","l9":"38","c9":"#b59607"},"geometry":{"type":"Point","coordinates":[19.395769,50.139056]}},{"type":"Feature","properties":{"lines":"3, 8, 9, 15, 25, 30, 31, 32a, 32b, 38","arr":["3","8","9","15","25","30","31","32a","32b","38"],"mode":"bus","angle":69.6,"l0":"3, ","c0":"#19a9a8","l1":"8, ","c1":"#ff627e","l2":"9, ","c2":"#4d4aba","l3":"15, ","c3":"#7c5001","l4":"25, ","c4":"#018c47","l5":"30, ","c5":"#c17aef","l6":"31, ","c6":"#a72d06","l7":"32a, ","c7":"#05617d","l8":"32b, ","c8":"#119efc","l9":"38","c9":"#b59607"},"geometry":{"type":"Point","coordinates":[19.397014,50.138313]}},{"type":"Feature","properties":{"lines":"3, 8, 9, 15, 25, 30, 31, 32a, 32b, 38","arr":["3","8","9","15","25","30","31","32a","32b","38"],"mode":"bus","angle":34.1,"mi":3,"l0":"3, ","c0":"#19a9a8","l1":"8, ","c1":"#ff627e","l2":"9, ","c2":"#4d4aba","l3":"15, ","c3":"#7c5001","l4":"25, ","c4":"#018c47","l5":"30, ","c5":"#c17aef","l6":"31, ","c6":"#a72d06","l7":"32a, ","c7":"#05617d","l8":"32b, ","c8":"#119efc","l9":"38","c9":"#b59607"},"geometry":{"type":"Point","coordinates":[19.399685,50.136668]}},{"type":"Feature","properties":{"lines":"3, 8, 31, 38","arr":["3","8","31","38"],"mode":"bus","angle":-46.7,"mi":1,"l0":"3, ","c0":"#19a9a8","l1":"8, ","c1":"#ff627e","l2":"31, ","c2":"#a72d06","l3":"38","c3":"#b59607"},"geometry":{"type":"Point","coordinates":[19.401686,50.135191]}},{"type":"Feature","properties":{"lines":"3, 8, 31, 38","arr":["3","8","31","38"],"mode":"bus","angle":86.5,"side":-1,"l0":"3, ","c0":"#19a9a8","l1":"8, ","c1":"#ff627e","l2":"31, ","c2":"#a72d06","l3":"38","c3":"#b59607"},"geometry":{"type":"Point","coordinates":[19.401279,50.134593]}},{"type":"Feature","properties":{"lines":"8, 30, 31, 38","arr":["8","30","31","38"],"mode":"bus","angle":84.9,"l0":"8, ","c0":"#ff627e","l1":"30, ","c1":"#c17aef","l2":"31, ","c2":"#a72d06","l3":"38","c3":"#b59607"},"geometry":{"type":"Point","coordinates":[19.400063,50.131379]}},{"type":"Feature","properties":{"lines":"8, 38","arr":["8","38"],"mode":"bus","angle":-44.9,"l0":"8, ","c0":"#ff627e","l1":"38","c1":"#b59607"},"geometry":{"type":"Point","coordinates":[19.386145,50.115575]}},{"type":"Feature","properties":{"lines":"8, 38","arr":["8","38"],"mode":"bus","angle":-75.2,"extra":1,"ei":0,"l0":"8, ","c0":"#ff627e","l1":"38","c1":"#b59607"},"geometry":{"type":"Point","coordinates":[19.399496,50.12851]}},{"type":"Feature","properties":{"lines":"8, 38","arr":["8","38"],"mode":"bus","angle":-75.3,"extra":1,"ei":1,"l0":"8, ","c0":"#ff627e","l1":"38","c1":"#b59607"},"geometry":{"type":"Point","coordinates":[19.398749,50.126683]}},{"type":"Feature","properties":{"lines":"8, 38","arr":["8","38"],"mode":"bus","angle":-53.9,"extra":1,"ei":2,"l0":"8, ","c0":"#ff627e","l1":"38","c1":"#b59607"},"geometry":{"type":"Point","coordinates":[19.397398,50.125029]}},{"type":"Feature","properties":{"lines":"8, 38","arr":["8","38"],"mode":"bus","angle":-28.3,"extra":1,"ei":3,"l0":"8, ","c0":"#ff627e","l1":"38","c1":"#b59607"},"geometry":{"type":"Point","coordinates":[19.395047,50.123937]}},{"type":"Feature","properties":{"lines":"8, 38","arr":["8","38"],"mode":"bus","angle":-51.8,"extra":1,"ei":4,"l0":"8, ","c0":"#ff627e","l1":"38","c1":"#b59607"},"geometry":{"type":"Point","coordinates":[19.392609,50.122905]}},{"type":"Feature","properties":{"lines":"8, 38","arr":["8","38"],"mode":"bus","angle":-82.1,"extra":1,"ei":5,"l0":"8, ","c0":"#ff627e","l1":"38","c1":"#b59607"},"geometry":{"type":"Point","coordinates":[19.391733,50.12113]}},{"type":"Feature","properties":{"lines":"8, 38","arr":["8","38"],"mode":"bus","angle":-54.2,"extra":1,"ei":6,"l0":"8, ","c0":"#ff627e","l1":"38","c1":"#b59607"},"geometry":{"type":"Point","coordinates":[19.390993,50.119332]}},{"type":"Feature","properties":{"lines":"8, 38","arr":["8","38"],"mode":"bus","angle":-51.8,"extra":1,"ei":7,"l0":"8, ","c0":"#ff627e","l1":"38","c1":"#b59607"},"geometry":{"type":"Point","coordinates":[19.389169,50.117848]}},{"type":"Feature","properties":{"lines":"8, 38","arr":["8","38"],"mode":"bus","angle":-45,"extra":1,"ei":8,"l0":"8, ","c0":"#ff627e","l1":"38","c1":"#b59607"},"geometry":{"type":"Point","coordinates":[19.383165,50.113703]}},{"type":"Feature","properties":{"lines":"8, 38","arr":["8","38"],"mode":"bus","angle":-59.7,"extra":1,"ei":9,"l0":"8, ","c0":"#ff627e","l1":"38","c1":"#b59607"},"geometry":{"type":"Point","coordinates":[19.381476,50.112167]}},{"type":"Feature","properties":{"lines":"8, 38","arr":["8","38"],"mode":"bus","angle":-59.9,"extra":1,"ei":10,"l0":"8, ","c0":"#ff627e","l1":"38","c1":"#b59607"},"geometry":{"type":"Point","coordinates":[19.380002,50.110532]}},{"type":"Feature","properties":{"lines":"8, 38","arr":["8","38"],"mode":"bus","angle":-84.9,"extra":1,"ei":11,"l0":"8, ","c0":"#ff627e","l1":"38","c1":"#b59607"},"geometry":{"type":"Point","coordinates":[19.379123,50.108764]}},{"type":"Feature","properties":{"lines":"8, 38","arr":["8","38"],"mode":"bus","angle":-84.5,"extra":1,"ei":12,"l0":"8, ","c0":"#ff627e","l1":"38","c1":"#b59607"},"geometry":{"type":"Point","coordinates":[19.378835,50.106885]}},{"type":"Feature","properties":{"lines":"8, 38","arr":["8","38"],"mode":"bus","angle":81.9,"extra":1,"ei":13,"l0":"8, ","c0":"#ff627e","l1":"38","c1":"#b59607"},"geometry":{"type":"Point","coordinates":[19.378883,50.105003]}},{"type":"Feature","properties":{"lines":"8, 38","arr":["8","38"],"mode":"bus","angle":-53.8,"extra":1,"ei":14,"l0":"8, ","c0":"#ff627e","l1":"38","c1":"#b59607"},"geometry":{"type":"Point","coordinates":[19.377903,50.103409]}},{"type":"Feature","properties":{"lines":"8, 38","arr":["8","38"],"mode":"bus","angle":-84.2,"extra":1,"ei":15,"l0":"8, ","c0":"#ff627e","l1":"38","c1":"#b59607"},"geometry":{"type":"Point","coordinates":[19.377321,50.101575]}},{"type":"Feature","properties":{"lines":"8, 38","arr":["8","38"],"mode":"bus","angle":-86.8,"l0":"8, ","c0":"#ff627e","l1":"38","c1":"#b59607"},"geometry":{"type":"Point","coordinates":[19.376132,50.089874]}},{"type":"Feature","properties":{"lines":"8, 38","arr":["8","38"],"mode":"bus","angle":-86.7,"extra":1,"ei":0,"l0":"8, ","c0":"#ff627e","l1":"38","c1":"#b59607"},"geometry":{"type":"Point","coordinates":[19.377013,50.09938]}},{"type":"Feature","properties":{"lines":"8, 38","arr":["8","38"],"mode":"bus","angle":-86.7,"extra":1,"ei":1,"l0":"8, ","c0":"#ff627e","l1":"38","c1":"#b59607"},"geometry":{"type":"Point","coordinates":[19.376842,50.097495]}},{"type":"Feature","properties":{"lines":"8, 38","arr":["8","38"],"mode":"bus","angle":-86.6,"extra":1,"ei":2,"l0":"8, ","c0":"#ff627e","l1":"38","c1":"#b59607"},"geometry":{"type":"Point","coordinates":[19.376671,50.095609]}},{"type":"Feature","properties":{"lines":"8, 38","arr":["8","38"],"mode":"bus","angle":-86.5,"extra":1,"ei":3,"l0":"8, ","c0":"#ff627e","l1":"38","c1":"#b59607"},"geometry":{"type":"Point","coordinates":[19.376493,50.093724]}},{"type":"Feature","properties":{"lines":"8, 38","arr":["8","38"],"mode":"bus","angle":-86.5,"extra":1,"ei":4,"l0":"8, ","c0":"#ff627e","l1":"38","c1":"#b59607"},"geometry":{"type":"Point","coordinates":[19.376316,50.091839]}},{"type":"Feature","properties":{"lines":"8, 38","arr":["8","38"],"mode":"bus","angle":-87.1,"extra":1,"ei":5,"l0":"8, ","c0":"#ff627e","l1":"38","c1":"#b59607"},"geometry":{"type":"Point","coordinates":[19.375988,50.088068]}},{"type":"Feature","properties":{"lines":"8, 38","arr":["8","38"],"mode":"bus","angle":-87.1,"extra":1,"ei":6,"l0":"8, ","c0":"#ff627e","l1":"38","c1":"#b59607"},"geometry":{"type":"Point","coordinates":[19.37584,50.086182]}},{"type":"Feature","properties":{"lines":"8, 38","arr":["8","38"],"mode":"bus","angle":-86.9,"extra":1,"ei":7,"l0":"8, ","c0":"#ff627e","l1":"38","c1":"#b59607"},"geometry":{"type":"Point","coordinates":[19.375684,50.084296]}},{"type":"Feature","properties":{"lines":"8, 38","arr":["8","38"],"mode":"bus","angle":-86.8,"extra":1,"ei":8,"l0":"8, ","c0":"#ff627e","l1":"38","c1":"#b59607"},"geometry":{"type":"Point","coordinates":[19.375524,50.08241]}},{"type":"Feature","properties":{"lines":"8, 38","arr":["8","38"],"mode":"bus","angle":-86.8,"extra":1,"ei":9,"l0":"8, ","c0":"#ff627e","l1":"38","c1":"#b59607"},"geometry":{"type":"Point","coordinates":[19.37536,50.080524]}},{"type":"Feature","properties":{"lines":"8, 38","arr":["8","38"],"mode":"bus","angle":28.4,"l0":"8, ","c0":"#ff627e","l1":"38","c1":"#b59607"},"geometry":{"type":"Point","coordinates":[19.37102,50.080918]}},{"type":"Feature","properties":{"lines":"8, 38","arr":["8","38"],"mode":"bus","angle":28.8,"extra":1,"ei":0,"l0":"8, ","c0":"#ff627e","l1":"38","c1":"#b59607"},"geometry":{"type":"Point","coordinates":[19.373984,50.079877]}},{"type":"Feature","properties":{"lines":"8, 38","arr":["8","38"],"mode":"bus","angle":27.8,"extra":1,"ei":1,"l0":"8, ","c0":"#ff627e","l1":"38","c1":"#b59607"},"geometry":{"type":"Point","coordinates":[19.368811,50.081687]}},{"type":"Feature","properties":{"lines":"8, 38","arr":["8","38"],"mode":"bus","angle":7.7,"mi":1,"l0":"8, ","c0":"#ff627e","l1":"38","c1":"#b59607"},"geometry":{"type":"Point","coordinates":[19.359368,50.081831]}},{"type":"Feature","properties":{"lines":"8, 38","arr":["8","38"],"mode":"bus","angle":7.8,"extra":1,"ei":0,"l0":"8, ","c0":"#ff627e","l1":"38","c1":"#b59607"},"geometry":{"type":"Point","coordinates":[19.353599,50.082336]}},{"type":"Feature","properties":{"lines":"8, 38","arr":["8","38"],"mode":"bus","angle":7.8,"extra":1,"ei":1,"l0":"8, ","c0":"#ff627e","l1":"38","c1":"#b59607"},"geometry":{"type":"Point","coordinates":[19.356519,50.08208]}},{"type":"Feature","properties":{"lines":"8, 38","arr":["8","38"],"mode":"bus","angle":4.3,"extra":1,"ei":2,"l0":"8, ","c0":"#ff627e","l1":"38","c1":"#b59607"},"geometry":{"type":"Point","coordinates":[19.36236,50.081575]}},{"type":"Feature","properties":{"lines":"8, 38","arr":["8","38"],"mode":"bus","angle":-13.8,"extra":1,"ei":3,"l0":"8, ","c0":"#ff627e","l1":"38","c1":"#b59607"},"geometry":{"type":"Point","coordinates":[19.365244,50.081916]}},{"type":"Feature","properties":{"lines":"8, 25, B","arr":["8","25","B"],"mode":"bus","angle":16.6,"mi":2,"l0":"8, ","c0":"#ff627e","l1":"25, ","c1":"#018c47","l2":"B","c2":"#05617d"},"geometry":{"type":"Point","coordinates":[19.343542,50.084372]}},{"type":"Feature","properties":{"lines":"8, 25, B","arr":["8","25","B"],"mode":"bus","angle":20.5,"extra":1,"ei":0,"l0":"8, ","c0":"#ff627e","l1":"25, ","c1":"#018c47","l2":"B","c2":"#05617d"},"geometry":{"type":"Point","coordinates":[19.350472,50.082857]}},{"type":"Feature","properties":{"lines":"8, 25, B","arr":["8","25","B"],"mode":"bus","angle":20.7,"extra":1,"ei":1,"l0":"8, ","c0":"#ff627e","l1":"25, ","c1":"#018c47","l2":"B","c2":"#05617d"},"geometry":{"type":"Point","coordinates":[19.347714,50.083521]}},{"type":"Feature","properties":{"lines":"8, 25, B","arr":["8","25","B"],"mode":"bus","angle":16,"extra":1,"ei":2,"l0":"8, ","c0":"#ff627e","l1":"25, ","c1":"#018c47","l2":"B","c2":"#05617d"},"geometry":{"type":"Point","coordinates":[19.339264,50.08518]}},{"type":"Feature","properties":{"lines":"8, 25, B","arr":["8","25","B"],"mode":"bus","angle":16.2,"extra":1,"ei":3,"l0":"8, ","c0":"#ff627e","l1":"25, ","c1":"#018c47","l2":"B","c2":"#05617d"},"geometry":{"type":"Point","coordinates":[19.336434,50.085707]}},{"type":"Feature","properties":{"lines":"8, 25, B","arr":["8","25","B"],"mode":"bus","angle":16.6,"mi":1,"l0":"8, ","c0":"#ff627e","l1":"25, ","c1":"#018c47","l2":"B","c2":"#05617d"},"geometry":{"type":"Point","coordinates":[19.326097,50.087635]}},{"type":"Feature","properties":{"lines":"8, 25, B","arr":["8","25","B"],"mode":"bus","angle":15.2,"l0":"8, ","c0":"#ff627e","l1":"25, ","c1":"#018c47","l2":"B","c2":"#05617d"},"geometry":{"type":"Point","coordinates":[19.333578,50.086229]}},{"type":"Feature","properties":{"lines":"8, 25, B","arr":["8","25","B"],"mode":"bus","angle":16.9,"extra":1,"ei":0,"l0":"8, ","c0":"#ff627e","l1":"25, ","c1":"#018c47","l2":"B","c2":"#05617d"},"geometry":{"type":"Point","coordinates":[19.330243,50.086848]}},{"type":"Feature","properties":{"lines":"8, 25, B","arr":["8","25","B"],"mode":"bus","angle":-16.1,"extra":1,"ei":1,"l0":"8, ","c0":"#ff627e","l1":"25, ","c1":"#018c47","l2":"B","c2":"#05617d"},"geometry":{"type":"Point","coordinates":[19.321677,50.08761]}},{"type":"Feature","properties":{"lines":"8, 15, 25, B","arr":["8","15","25","B"],"mode":"bus","angle":60.2,"l0":"8, ","c0":"#ff627e","l1":"15, ","c1":"#7c5001","l2":"25, ","c2":"#018c47","l3":"B","c3":"#05617d"},"geometry":{"type":"Point","coordinates":[19.319607,50.094039]}},{"type":"Feature","properties":{"lines":"8, 15, 25, B","arr":["8","15","25","B"],"mode":"bus","angle":-82,"extra":1,"ei":0,"l0":"8, ","c0":"#ff627e","l1":"15, ","c1":"#7c5001","l2":"25, ","c2":"#018c47","l3":"B","c3":"#05617d"},"geometry":{"type":"Point","coordinates":[19.320624,50.08832]}},{"type":"Feature","properties":{"lines":"8, 15, 25, B","arr":["8","15","25","B"],"mode":"bus","angle":-82.1,"extra":1,"ei":1,"l0":"8, ","c0":"#ff627e","l1":"15, ","c1":"#7c5001","l2":"25, ","c2":"#018c47","l3":"B","c3":"#05617d"},"geometry":{"type":"Point","coordinates":[19.321032,50.09019]}},{"type":"Feature","properties":{"lines":"8, 15, 25, B","arr":["8","15","25","B"],"mode":"bus","angle":79.1,"extra":1,"ei":2,"l0":"8, ","c0":"#ff627e","l1":"15, ","c1":"#7c5001","l2":"25, ","c2":"#018c47","l3":"B","c3":"#05617d"},"geometry":{"type":"Point","coordinates":[19.321248,50.092066]}},{"type":"Feature","properties":{"lines":"8, 15, 25, B","arr":["8","15","25","B"],"mode":"bus","angle":86.3,"extra":1,"ei":3,"l0":"8, ","c0":"#ff627e","l1":"15, ","c1":"#7c5001","l2":"25, ","c2":"#018c47","l3":"B","c3":"#05617d"},"geometry":{"type":"Point","coordinates":[19.318521,50.095391]}},{"type":"Feature","properties":{"lines":"8, 15, 25, B","arr":["8","15","25","B"],"mode":"bus","angle":-77.3,"extra":1,"ei":4,"l0":"8, ","c0":"#ff627e","l1":"15, ","c1":"#7c5001","l2":"25, ","c2":"#018c47","l3":"B","c3":"#05617d"},"geometry":{"type":"Point","coordinates":[19.319091,50.097242]}},{"type":"Feature","properties":{"lines":"8, 15, 25, B","arr":["8","15","25","B"],"mode":"bus","angle":-39.9,"extra":1,"ei":5,"l0":"8, ","c0":"#ff627e","l1":"15, ","c1":"#7c5001","l2":"25, ","c2":"#018c47","l3":"B","c3":"#05617d"},"geometry":{"type":"Point","coordinates":[19.320384,50.098829]}},{"type":"Feature","properties":{"lines":"8, 15, 25, A, B","arr":["8","15","25","A","B"],"mode":"bus","angle":-21.4,"mi":2,"l0":"8, ","c0":"#ff627e","l1":"15, ","c1":"#7c5001","l2":"25, ","c2":"#018c47","l3":"A, ","c3":"#736adf","l4":"B","c4":"#05617d"},"geometry":{"type":"Point","coordinates":[19.326065,50.10104]}},{"type":"Feature","properties":{"lines":"8, 15, 25, A, B","arr":["8","15","25","A","B"],"mode":"bus","angle":-27.9,"side":-1,"extra":1,"ei":0,"l0":"8, ","c0":"#ff627e","l1":"15, ","c1":"#7c5001","l2":"25, ","c2":"#018c47","l3":"A, ","c3":"#736adf","l4":"B","c4":"#05617d"},"geometry":{"type":"Point","coordinates":[19.323752,50.100248]}},{"type":"Feature","properties":{"lines":"8, 15, 25, A, B","arr":["8","15","25","A","B"],"mode":"bus","angle":-29.4,"extra":1,"ei":1,"l0":"8, ","c0":"#ff627e","l1":"15, ","c1":"#7c5001","l2":"25, ","c2":"#018c47","l3":"A, ","c3":"#736adf","l4":"B","c4":"#05617d"},"geometry":{"type":"Point","coordinates":[19.32917,50.10166]}},{"type":"Feature","properties":{"lines":"8, 15, 25, 38, A, B","arr":["8","15","25","38","A","B"],"mode":"bus","angle":-86.2,"l0":"8, ","c0":"#ff627e","l1":"15, ","c1":"#7c5001","l2":"25, ","c2":"#018c47","l3":"38, ","c3":"#b59607","l4":"A, ","c4":"#736adf","l5":"B","c5":"#05617d"},"geometry":{"type":"Point","coordinates":[19.329937,50.104206]}},{"type":"Feature","properties":{"lines":"8, 15, 25, 38, A, B","arr":["8","15","25","38","A","B"],"mode":"bus","angle":-86.1,"side":-1,"extra":1,"ei":0,"l0":"8, ","c0":"#ff627e","l1":"15, ","c1":"#7c5001","l2":"25, ","c2":"#018c47","l3":"38, ","c3":"#b59607","l4":"A, ","c4":"#736adf","l5":"B","c5":"#05617d"},"geometry":{"type":"Point","coordinates":[19.329771,50.102835]}},{"type":"Feature","properties":{"lines":"8, 15, 25, 38, A, B","arr":["8","15","25","38","A","B"],"mode":"bus","angle":-75.1,"mi":2,"l0":"8, ","c0":"#ff627e","l1":"15, ","c1":"#7c5001","l2":"25, ","c2":"#018c47","l3":"38, ","c3":"#b59607","l4":"A, ","c4":"#736adf","l5":"B","c5":"#05617d"},"geometry":{"type":"Point","coordinates":[19.32953,50.099105]}},{"type":"Feature","properties":{"lines":"8, 15, 25, 38, A, B","arr":["8","15","25","38","A","B"],"mode":"bus","angle":-85.2,"extra":1,"ei":0,"l0":"8, ","c0":"#ff627e","l1":"15, ","c1":"#7c5001","l2":"25, ","c2":"#018c47","l3":"38, ","c3":"#b59607","l4":"A, ","c4":"#736adf","l5":"B","c5":"#05617d"},"geometry":{"type":"Point","coordinates":[19.330012,50.101001]}},{"type":"Feature","properties":{"lines":"8, 15, 25, 38, A, B","arr":["8","15","25","38","A","B"],"mode":"bus","angle":79.8,"extra":1,"ei":1,"l0":"8, ","c0":"#ff627e","l1":"15, ","c1":"#7c5001","l2":"25, ","c2":"#018c47","l3":"38, ","c3":"#b59607","l4":"A, ","c4":"#736adf","l5":"B","c5":"#05617d"},"geometry":{"type":"Point","coordinates":[19.329383,50.097295]}},{"type":"Feature","properties":{"lines":"8, 15, 25, 38, A, B","arr":["8","15","25","38","A","B"],"mode":"bus","angle":-52.6,"side":-1,"mi":1,"l0":"8, ","c0":"#ff627e","l1":"15, ","c1":"#7c5001","l2":"25, ","c2":"#018c47","l3":"38, ","c3":"#b59607","l4":"A, ","c4":"#736adf","l5":"B","c5":"#05617d"},"geometry":{"type":"Point","coordinates":[19.330241,50.106481]}},{"type":"Feature","properties":{"lines":"15, A, B","arr":["15","A","B"],"mode":"bus","angle":-30,"mi":4,"l0":"15, ","c0":"#7c5001","l1":"A, ","c1":"#736adf","l2":"B","c2":"#05617d"},"geometry":{"type":"Point","coordinates":[19.33142,50.107293]}},{"type":"Feature","properties":{"lines":"8, 25","arr":["8","25"],"mode":"bus","angle":-11.6,"l0":"8, ","c0":"#ff627e","l1":"25","c1":"#018c47"},"geometry":{"type":"Point","coordinates":[19.322722,50.105716]}},{"type":"Feature","properties":{"lines":"8, 25","arr":["8","25"],"mode":"bus","angle":-31.8,"extra":1,"ei":0,"l0":"8, ","c0":"#ff627e","l1":"25","c1":"#018c47"},"geometry":{"type":"Point","coordinates":[19.317606,50.104446]}},{"type":"Feature","properties":{"lines":"8, 25","arr":["8","25"],"mode":"bus","angle":-18.6,"extra":1,"ei":1,"l0":"8, ","c0":"#ff627e","l1":"25","c1":"#018c47"},"geometry":{"type":"Point","coordinates":[19.320195,50.105338]}},{"type":"Feature","properties":{"lines":"8, 25","arr":["8","25"],"mode":"bus","angle":-11.6,"extra":1,"ei":2,"l0":"8, ","c0":"#ff627e","l1":"25","c1":"#018c47"},"geometry":{"type":"Point","coordinates":[19.32595,50.106144]}},{"type":"Feature","properties":{"lines":"8, 25","arr":["8","25"],"mode":"bus","angle":-10.8,"extra":1,"ei":3,"l0":"8, ","c0":"#ff627e","l1":"25","c1":"#018c47"},"geometry":{"type":"Point","coordinates":[19.328835,50.106529]}},{"type":"Feature","properties":{"lines":"8, 15, 25, A, B","arr":["8","15","25","A","B"],"mode":"bus","angle":-28.4,"mi":1,"l0":"8, ","c0":"#ff627e","l1":"15, ","c1":"#7c5001","l2":"25, ","c2":"#018c47","l3":"A, ","c3":"#736adf","l4":"B","c4":"#05617d"},"geometry":{"type":"Point","coordinates":[19.310093,50.100474]}},{"type":"Feature","properties":{"lines":"8, 15, 25, A, B","arr":["8","15","25","A","B"],"mode":"bus","angle":-45,"extra":1,"ei":0,"l0":"8, ","c0":"#ff627e","l1":"15, ","c1":"#7c5001","l2":"25, ","c2":"#018c47","l3":"A, ","c3":"#736adf","l4":"B","c4":"#05617d"},"geometry":{"type":"Point","coordinates":[19.305018,50.097839]}},{"type":"Feature","properties":{"lines":"8, 15, 25, A, B","arr":["8","15","25","A","B"],"mode":"bus","angle":-51.3,"extra":1,"ei":1,"l0":"8, ","c0":"#ff627e","l1":"15, ","c1":"#7c5001","l2":"25, ","c2":"#018c47","l3":"A, ","c3":"#736adf","l4":"B","c4":"#05617d"},"geometry":{"type":"Point","coordinates":[19.306925,50.099275]}},{"type":"Feature","properties":{"lines":"8, 15, 25, A, B","arr":["8","15","25","A","B"],"mode":"bus","angle":-52.1,"extra":1,"ei":2,"l0":"8, ","c0":"#ff627e","l1":"15, ","c1":"#7c5001","l2":"25, ","c2":"#018c47","l3":"A, ","c3":"#736adf","l4":"B","c4":"#05617d"},"geometry":{"type":"Point","coordinates":[19.311593,50.101448]}},{"type":"Feature","properties":{"lines":"8, 15, 25, A, B","arr":["8","15","25","A","B"],"mode":"bus","angle":-44.8,"extra":1,"ei":3,"l0":"8, ","c0":"#ff627e","l1":"15, ","c1":"#7c5001","l2":"25, ","c2":"#018c47","l3":"A, ","c3":"#736adf","l4":"B","c4":"#05617d"},"geometry":{"type":"Point","coordinates":[19.313425,50.102926]}},{"type":"Feature","properties":{"lines":"8, 15, 25, A, B","arr":["8","15","25","A","B"],"mode":"bus","angle":-5.4,"side":-1,"extra":1,"ei":4,"l0":"8, ","c0":"#ff627e","l1":"15, ","c1":"#7c5001","l2":"25, ","c2":"#018c47","l3":"A, ","c3":"#736adf","l4":"B","c4":"#05617d"},"geometry":{"type":"Point","coordinates":[19.316047,50.103673]}},{"type":"Feature","properties":{"lines":"8, 25, A, B","arr":["8","25","A","B"],"mode":"bus","angle":74,"mi":6,"l0":"8, ","c0":"#ff627e","l1":"25, ","c1":"#018c47","l2":"A, ","c2":"#736adf","l3":"B","c3":"#05617d"},"geometry":{"type":"Point","coordinates":[19.302453,50.100647]}},{"type":"Feature","properties":{"lines":"8, 25, A, B","arr":["8","25","A","B"],"mode":"bus","angle":74.2,"extra":1,"ei":0,"l0":"8, ","c0":"#ff627e","l1":"25, ","c1":"#018c47","l2":"A, ","c2":"#736adf","l3":"B","c3":"#05617d"},"geometry":{"type":"Point","coordinates":[19.303575,50.098082]}},{"type":"Feature","properties":{"lines":"8, 25, A, B","arr":["8","25","A","B"],"mode":"bus","angle":74,"extra":1,"ei":1,"l0":"8, ","c0":"#ff627e","l1":"25, ","c1":"#018c47","l2":"A, ","c2":"#736adf","l3":"B","c3":"#05617d"},"geometry":{"type":"Point","coordinates":[19.301145,50.103528]}},{"type":"Feature","properties":{"lines":"8, 25, A, B","arr":["8","25","A","B"],"mode":"bus","angle":3.3,"mi":3,"l0":"8, ","c0":"#ff627e","l1":"25, ","c1":"#018c47","l2":"A, ","c2":"#736adf","l3":"B","c3":"#05617d"},"geometry":{"type":"Point","coordinates":[19.293728,50.104054]}},{"type":"Feature","properties":{"lines":"8, 25, A, B","arr":["8","25","A","B"],"mode":"bus","angle":-16,"extra":1,"ei":0,"l0":"8, ","c0":"#ff627e","l1":"25, ","c1":"#018c47","l2":"A, ","c2":"#736adf","l3":"B","c3":"#05617d"},"geometry":{"type":"Point","coordinates":[19.299466,50.103838]}},{"type":"Feature","properties":{"lines":"8, 25, A, B","arr":["8","25","A","B"],"mode":"bus","angle":15.7,"extra":1,"ei":1,"l0":"8, ","c0":"#ff627e","l1":"25, ","c1":"#018c47","l2":"A, ","c2":"#736adf","l3":"B","c3":"#05617d"},"geometry":{"type":"Point","coordinates":[19.2966,50.103819]}},{"type":"Feature","properties":{"lines":"8, 25, A, B","arr":["8","25","A","B"],"mode":"bus","angle":2.7,"extra":1,"ei":2,"l0":"8, ","c0":"#ff627e","l1":"25, ","c1":"#018c47","l2":"A, ","c2":"#736adf","l3":"B","c3":"#05617d"},"geometry":{"type":"Point","coordinates":[19.29074,50.10413]}},{"type":"Feature","properties":{"lines":"8, 25, A, B","arr":["8","25","A","B"],"mode":"bus","angle":1.9,"extra":1,"ei":3,"l0":"8, ","c0":"#ff627e","l1":"25, ","c1":"#018c47","l2":"A, ","c2":"#736adf","l3":"B","c3":"#05617d"},"geometry":{"type":"Point","coordinates":[19.287798,50.10423]}},{"type":"Feature","properties":{"lines":"8, 25, A, B","arr":["8","25","A","B"],"mode":"bus","angle":88.9,"l0":"8, ","c0":"#ff627e","l1":"25, ","c1":"#018c47","l2":"A, ","c2":"#736adf","l3":"B","c3":"#05617d"},"geometry":{"type":"Point","coordinates":[19.286421,50.107232]}},{"type":"Feature","properties":{"lines":"8, 25, A, B","arr":["8","25","A","B"],"mode":"bus","angle":-89.2,"extra":1,"ei":0,"l0":"8, ","c0":"#ff627e","l1":"25, ","c1":"#018c47","l2":"A, ","c2":"#736adf","l3":"B","c3":"#05617d"},"geometry":{"type":"Point","coordinates":[19.286432,50.105204]}},{"type":"Feature","properties":{"lines":"8, 25, A, B","arr":["8","25","A","B"],"mode":"bus","angle":88.8,"extra":1,"ei":1,"l0":"8, ","c0":"#ff627e","l1":"25, ","c1":"#018c47","l2":"A, ","c2":"#736adf","l3":"B","c3":"#05617d"},"geometry":{"type":"Point","coordinates":[19.286376,50.108981]}},{"type":"Feature","properties":{"lines":"8, 25, A, B","arr":["8","25","A","B"],"mode":"bus","angle":11.1,"mi":2,"l0":"8, ","c0":"#ff627e","l1":"25, ","c1":"#018c47","l2":"A, ","c2":"#736adf","l3":"B","c3":"#05617d"},"geometry":{"type":"Point","coordinates":[19.281774,50.110803]}},{"type":"Feature","properties":{"lines":"8, 25, A, B","arr":["8","25","A","B"],"mode":"bus","angle":11.4,"extra":1,"ei":0,"l0":"8, ","c0":"#ff627e","l1":"25, ","c1":"#018c47","l2":"A, ","c2":"#736adf","l3":"B","c3":"#05617d"},"geometry":{"type":"Point","coordinates":[19.284892,50.110394]}},{"type":"Feature","properties":{"lines":"8, 25, A, B","arr":["8","25","A","B"],"mode":"bus","angle":11.3,"extra":1,"ei":1,"l0":"8, ","c0":"#ff627e","l1":"25, ","c1":"#018c47","l2":"A, ","c2":"#736adf","l3":"B","c3":"#05617d"},"geometry":{"type":"Point","coordinates":[19.279116,50.111145]}},{"type":"Feature","properties":{"lines":"8, 25, A, B","arr":["8","25","A","B"],"mode":"bus","angle":-73.7,"mi":1,"l0":"8, ","c0":"#ff627e","l1":"25, ","c1":"#018c47","l2":"A, ","c2":"#736adf","l3":"B","c3":"#05617d"},"geometry":{"type":"Point","coordinates":[19.275232,50.107566]}},{"type":"Feature","properties":{"lines":"8, 25, A, B","arr":["8","25","A","B"],"mode":"bus","angle":-70.6,"extra":1,"ei":0,"l0":"8, ","c0":"#ff627e","l1":"25, ","c1":"#018c47","l2":"A, ","c2":"#736adf","l3":"B","c3":"#05617d"},"geometry":{"type":"Point","coordinates":[19.276718,50.110506]}},{"type":"Feature","properties":{"lines":"8, 25, A, B","arr":["8","25","A","B"],"mode":"bus","angle":-72.7,"extra":1,"ei":1,"l0":"8, ","c0":"#ff627e","l1":"25, ","c1":"#018c47","l2":"A, ","c2":"#736adf","l3":"B","c3":"#05617d"},"geometry":{"type":"Point","coordinates":[19.275758,50.10872]}},{"type":"Feature","properties":{"lines":"8, 25, A, B","arr":["8","25","A","B"],"mode":"bus","angle":-66.3,"extra":1,"ei":2,"l0":"8, ","c0":"#ff627e","l1":"25, ","c1":"#018c47","l2":"A, ","c2":"#736adf","l3":"B","c3":"#05617d"},"geometry":{"type":"Point","coordinates":[19.273413,50.105336]}},{"type":"Feature","properties":{"lines":"8, 25, A, B","arr":["8","25","A","B"],"mode":"bus","angle":6.2,"mi":4,"l0":"8, ","c0":"#ff627e","l1":"25, ","c1":"#018c47","l2":"A, ","c2":"#736adf","l3":"B","c3":"#05617d"},"geometry":{"type":"Point","coordinates":[19.271662,50.103413]}},{"type":"Feature","properties":{"lines":"8, 25, A, B","arr":["8","25","A","B"],"mode":"bus","angle":-70,"mi":5,"l0":"8, ","c0":"#ff627e","l1":"25, ","c1":"#018c47","l2":"A, ","c2":"#736adf","l3":"B","c3":"#05617d"},"geometry":{"type":"Point","coordinates":[19.269185,50.101888]}},{"type":"Feature","properties":{"lines":"8, 25","arr":["8","25"],"mode":"bus","angle":-6.1,"l0":"8, ","c0":"#ff627e","l1":"25","c1":"#018c47"},"geometry":{"type":"Point","coordinates":[19.261569,50.100474]}},{"type":"Feature","properties":{"lines":"8, 25","arr":["8","25"],"mode":"bus","angle":20.4,"extra":1,"ei":0,"l0":"8, ","c0":"#ff627e","l1":"25","c1":"#018c47"},"geometry":{"type":"Point","coordinates":[19.266777,50.100398]}},{"type":"Feature","properties":{"lines":"8, 25","arr":["8","25"],"mode":"bus","angle":-6.3,"extra":1,"ei":1,"l0":"8, ","c0":"#ff627e","l1":"25","c1":"#018c47"},"geometry":{"type":"Point","coordinates":[19.263915,50.100664]}},{"type":"Feature","properties":{"lines":"8, 25","arr":["8","25"],"mode":"bus","angle":-5.8,"extra":1,"ei":2,"l0":"8, ","c0":"#ff627e","l1":"25","c1":"#018c47"},"geometry":{"type":"Point","coordinates":[19.258065,50.100231]}},{"type":"Feature","properties":{"lines":"8, 25","arr":["8","25"],"mode":"bus","angle":-2,"extra":1,"ei":3,"l0":"8, ","c0":"#ff627e","l1":"25","c1":"#018c47"},"geometry":{"type":"Point","coordinates":[19.255121,50.100142]}},{"type":"Feature","properties":{"lines":"8, 25","arr":["8","25"],"mode":"bus","angle":-23.3,"l0":"8, ","c0":"#ff627e","l1":"25","c1":"#018c47"},"geometry":{"type":"Point","coordinates":[19.246016,50.099835]}},{"type":"Feature","properties":{"lines":"8, 25","arr":["8","25"],"mode":"bus","angle":-2.4,"extra":1,"ei":0,"l0":"8, ","c0":"#ff627e","l1":"25","c1":"#018c47"},"geometry":{"type":"Point","coordinates":[19.253333,50.100097]}},{"type":"Feature","properties":{"lines":"8, 25","arr":["8","25"],"mode":"bus","angle":-2,"extra":1,"ei":1,"l0":"8, ","c0":"#ff627e","l1":"25","c1":"#018c47"},"geometry":{"type":"Point","coordinates":[19.250388,50.100028]}},{"type":"Feature","properties":{"lines":"8, 25","arr":["8","25"],"mode":"bus","angle":-34.9,"extra":1,"ei":2,"l0":"8, ","c0":"#ff627e","l1":"25","c1":"#018c47"},"geometry":{"type":"Point","coordinates":[19.242312,50.098276]}},{"type":"Feature","properties":{"lines":"8, 25","arr":["8","25"],"mode":"bus","angle":-17.1,"extra":1,"ei":3,"l0":"8, ","c0":"#ff627e","l1":"25","c1":"#018c47"},"geometry":{"type":"Point","coordinates":[19.239561,50.097674]}},{"type":"Feature","properties":{"lines":"8, 25","arr":["8","25"],"mode":"bus","angle":64,"mi":2,"l0":"8, ","c0":"#ff627e","l1":"25","c1":"#018c47"},"geometry":{"type":"Point","coordinates":[19.249176,50.106079]}},{"type":"Feature","properties":{"lines":"8, 25","arr":["8","25"],"mode":"bus","angle":-74.8,"extra":1,"ei":0,"l0":"8, ","c0":"#ff627e","l1":"25","c1":"#018c47"},"geometry":{"type":"Point","coordinates":[19.249082,50.100902]}},{"type":"Feature","properties":{"lines":"8, 25","arr":["8","25"],"mode":"bus","angle":-83.3,"extra":1,"ei":1,"l0":"8, ","c0":"#ff627e","l1":"25","c1":"#018c47"},"geometry":{"type":"Point","coordinates":[19.24932,50.102759]}},{"type":"Feature","properties":{"lines":"8, 25","arr":["8","25"],"mode":"bus","angle":68.6,"extra":1,"ei":2,"l0":"8, ","c0":"#ff627e","l1":"25","c1":"#018c47"},"geometry":{"type":"Point","coordinates":[19.250141,50.104469]}},{"type":"Feature","properties":{"lines":"8, 25","arr":["8","25"],"mode":"bus","angle":28.8,"extra":1,"ei":3,"l0":"8, ","c0":"#ff627e","l1":"25","c1":"#018c47"},"geometry":{"type":"Point","coordinates":[19.246921,50.107491]}},{"type":"Feature","properties":{"lines":"8, 25","arr":["8","25"],"mode":"bus","angle":33.7,"extra":1,"ei":4,"l0":"8, ","c0":"#ff627e","l1":"25","c1":"#018c47"},"geometry":{"type":"Point","coordinates":[19.244398,50.108465]}},{"type":"Feature","properties":{"lines":"8, 25","arr":["8","25"],"mode":"bus","angle":50.6,"extra":1,"ei":5,"l0":"8, ","c0":"#ff627e","l1":"25","c1":"#018c47"},"geometry":{"type":"Point","coordinates":[19.242233,50.109716]}},{"type":"Feature","properties":{"lines":"8, 25","arr":["8","25"],"mode":"bus","angle":-62.5,"mi":1,"l0":"8, ","c0":"#ff627e","l1":"25","c1":"#018c47"},"geometry":{"type":"Point","coordinates":[19.23697,50.106526]}},{"type":"Feature","properties":{"lines":"8, 25","arr":["8","25"],"mode":"bus","angle":-43.6,"extra":1,"ei":0,"l0":"8, ","c0":"#ff627e","l1":"25","c1":"#018c47"},"geometry":{"type":"Point","coordinates":[19.240875,50.109424]}},{"type":"Feature","properties":{"lines":"8, 25","arr":["8","25"],"mode":"bus","angle":-39.5,"extra":1,"ei":1,"l0":"8, ","c0":"#ff627e","l1":"25","c1":"#018c47"},"geometry":{"type":"Point","coordinates":[19.2386,50.108224]}},{"type":"Feature","properties":{"lines":"8, 25","arr":["8","25"],"mode":"bus","angle":-63.2,"extra":1,"ei":2,"l0":"8, ","c0":"#ff627e","l1":"25","c1":"#018c47"},"geometry":{"type":"Point","coordinates":[19.235702,50.10496]}},{"type":"Feature","properties":{"lines":"8, 25","arr":["8","25"],"mode":"bus","angle":-63.1,"extra":1,"ei":3,"l0":"8, ","c0":"#ff627e","l1":"25","c1":"#018c47"},"geometry":{"type":"Point","coordinates":[19.234367,50.103276]}},{"type":"Feature","properties":{"lines":"8, 25","arr":["8","25"],"mode":"bus","angle":20,"mi":3,"l0":"8, ","c0":"#ff627e","l1":"25","c1":"#018c47"},"geometry":{"type":"Point","coordinates":[19.232749,50.098974]}},{"type":"Feature","properties":{"lines":"8, 25","arr":["8","25"],"mode":"bus","angle":-74.8,"extra":1,"ei":0,"l0":"8, ","c0":"#ff627e","l1":"25","c1":"#018c47"},"geometry":{"type":"Point","coordinates":[19.232679,50.101713]}},{"type":"Feature","properties":{"lines":"8, 25","arr":["8","25"],"mode":"bus","angle":28.8,"extra":1,"ei":1,"l0":"8, ","c0":"#ff627e","l1":"25","c1":"#018c47"},"geometry":{"type":"Point","coordinates":[19.236521,50.098212]}},{"type":"Feature","properties":{"lines":"8, 17a, 17b, 35, 38","arr":["8","17a","17b","35","38"],"mode":"bus","angle":4,"l0":"8, ","c0":"#ff627e","l1":"17a, ","c1":"#7b3aa8","l2":"17b, ","c2":"#f57145","l3":"35, ","c3":"#126804","l4":"38","c4":"#b59607"},"geometry":{"type":"Point","coordinates":[19.410532,50.141805]}},{"type":"Feature","properties":{"lines":"8, 35","arr":["8","35"],"mode":"bus","angle":-42.5,"l0":"8, ","c0":"#ff627e","l1":"35","c1":"#126804"},"geometry":{"type":"Point","coordinates":[19.41115,50.14138]}},{"type":"Feature","properties":{"lines":"8, 15, 25, A, B","arr":["8","15","25","A","B"],"mode":"bus","angle":-47.4,"side":-1,"l0":"8, ","c0":"#ff627e","l1":"15, ","c1":"#7c5001","l2":"25, ","c2":"#018c47","l3":"A, ","c3":"#736adf","l4":"B","c4":"#05617d"},"geometry":{"type":"Point","coordinates":[19.31339,50.102776]}},{"type":"Feature","properties":{"lines":"9, 42","arr":["9","42"],"mode":"bus","angle":41.3,"l0":"9, ","c0":"#4d4aba","l1":"42","c1":"#02af5a"},"geometry":{"type":"Point","coordinates":[19.471917,50.209214]}},{"type":"Feature","properties":{"lines":"9, 42","arr":["9","42"],"mode":"bus","angle":5.1,"extra":1,"ei":0,"l0":"9, ","c0":"#4d4aba","l1":"42","c1":"#02af5a"},"geometry":{"type":"Point","coordinates":[19.46895,50.210074]}},{"type":"Feature","properties":{"lines":"9, 42","arr":["9","42"],"mode":"bus","angle":5.5,"extra":1,"ei":1,"l0":"9, ","c0":"#4d4aba","l1":"42","c1":"#02af5a"},"geometry":{"type":"Point","coordinates":[19.474275,50.209008]}},{"type":"Feature","properties":{"lines":"9, 42, N","arr":["9","42","N"],"mode":"bus","angle":78.3,"l0":"9, ","c0":"#4d4aba","l1":"42, ","c1":"#02af5a","l2":"N","c2":"#b0045c"},"geometry":{"type":"Point","coordinates":[19.476936,50.208037]}},{"type":"Feature","properties":{"lines":"9, 42, N","arr":["9","42","N"],"mode":"bus","angle":-21.9,"mi":1,"l0":"9, ","c0":"#4d4aba","l1":"42, ","c1":"#02af5a","l2":"N","c2":"#b0045c"},"geometry":{"type":"Point","coordinates":[19.47087,50.203941]}},{"type":"Feature","properties":{"lines":"9, 42, N","arr":["9","42","N"],"mode":"bus","angle":-39.7,"extra":1,"ei":0,"l0":"9, ","c0":"#4d4aba","l1":"42, ","c1":"#02af5a","l2":"N","c2":"#b0045c"},"geometry":{"type":"Point","coordinates":[19.475567,50.206584]}},{"type":"Feature","properties":{"lines":"9, 42, N","arr":["9","42","N"],"mode":"bus","angle":-32.3,"extra":1,"ei":1,"l0":"9, ","c0":"#4d4aba","l1":"42, ","c1":"#02af5a","l2":"N","c2":"#b0045c"},"geometry":{"type":"Point","coordinates":[19.473711,50.205139]}},{"type":"Feature","properties":{"lines":"9, 42, N","arr":["9","42","N"],"mode":"bus","angle":-64.9,"extra":1,"ei":2,"l0":"9, ","c0":"#4d4aba","l1":"42, ","c1":"#02af5a","l2":"N","c2":"#b0045c"},"geometry":{"type":"Point","coordinates":[19.469567,50.202743]}},{"type":"Feature","properties":{"lines":"9, 42, N","arr":["9","42","N"],"mode":"bus","angle":-25.6,"extra":1,"ei":3,"l0":"9, ","c0":"#4d4aba","l1":"42, ","c1":"#02af5a","l2":"N","c2":"#b0045c"},"geometry":{"type":"Point","coordinates":[19.467297,50.201645]}},{"type":"Feature","properties":{"lines":"9, La, N","arr":["9","La","N"],"mode":"bus","angle":47.9,"l0":"9, ","c0":"#4d4aba","l1":"La, ","c1":"#11a2e3","l2":"N","c2":"#b0045c"},"geometry":{"type":"Point","coordinates":[19.463625,50.202238]}},{"type":"Feature","properties":{"lines":"9, La, N","arr":["9","La","N"],"mode":"bus","angle":19.4,"extra":1,"ei":0,"l0":"9, ","c0":"#4d4aba","l1":"La, ","c1":"#11a2e3","l2":"N","c2":"#b0045c"},"geometry":{"type":"Point","coordinates":[19.462068,50.202954]}},{"type":"Feature","properties":{"lines":"9, La, N","arr":["9","La","N"],"mode":"bus","angle":-17.1,"l0":"9, ","c0":"#4d4aba","l1":"La, ","c1":"#11a2e3","l2":"N","c2":"#b0045c"},"geometry":{"type":"Point","coordinates":[19.436862,50.197114]}},{"type":"Feature","properties":{"lines":"9, La, N","arr":["9","La","N"],"mode":"bus","angle":-31.4,"mi":1,"l0":"9, ","c0":"#4d4aba","l1":"La, ","c1":"#11a2e3","l2":"N","c2":"#b0045c"},"geometry":{"type":"Point","coordinates":[19.456187,50.200712]}},{"type":"Feature","properties":{"lines":"9, La, N","arr":["9","La","N"],"mode":"bus","angle":-33.4,"extra":1,"ei":0,"l0":"9, ","c0":"#4d4aba","l1":"La, ","c1":"#11a2e3","l2":"N","c2":"#b0045c"},"geometry":{"type":"Point","coordinates":[19.46035,50.202467]}},{"type":"Feature","properties":{"lines":"9, La, N","arr":["9","La","N"],"mode":"bus","angle":-32.7,"extra":1,"ei":1,"l0":"9, ","c0":"#4d4aba","l1":"La, ","c1":"#11a2e3","l2":"N","c2":"#b0045c"},"geometry":{"type":"Point","coordinates":[19.457897,50.201421]}},{"type":"Feature","properties":{"lines":"9, La, N","arr":["9","La","N"],"mode":"bus","angle":-16.2,"extra":1,"ei":2,"l0":"9, ","c0":"#4d4aba","l1":"La, ","c1":"#11a2e3","l2":"N","c2":"#b0045c"},"geometry":{"type":"Point","coordinates":[19.452539,50.199941]}},{"type":"Feature","properties":{"lines":"9, La, N","arr":["9","La","N"],"mode":"bus","angle":-16.1,"extra":1,"ei":0,"l0":"9, ","c0":"#4d4aba","l1":"La, ","c1":"#11a2e3","l2":"N","c2":"#b0045c"},"geometry":{"type":"Point","coordinates":[19.443516,50.198361]}},{"type":"Feature","properties":{"lines":"9, La, N","arr":["9","La","N"],"mode":"bus","angle":-16.4,"extra":1,"ei":1,"l0":"9, ","c0":"#4d4aba","l1":"La, ","c1":"#11a2e3","l2":"N","c2":"#b0045c"},"geometry":{"type":"Point","coordinates":[19.440684,50.197838]}},{"type":"Feature","properties":{"lines":"9, La, N","arr":["9","La","N"],"mode":"bus","angle":-24.8,"extra":1,"ei":2,"l0":"9, ","c0":"#4d4aba","l1":"La, ","c1":"#11a2e3","l2":"N","c2":"#b0045c"},"geometry":{"type":"Point","coordinates":[19.435142,50.196593]}},{"type":"Feature","properties":{"lines":"9, La, N","arr":["9","La","N"],"mode":"bus","angle":-53.2,"extra":1,"ei":3,"l0":"9, ","c0":"#4d4aba","l1":"La, ","c1":"#11a2e3","l2":"N","c2":"#b0045c"},"geometry":{"type":"Point","coordinates":[19.432362,50.196042]}},{"type":"Feature","properties":{"lines":"9, La, N","arr":["9","La","N"],"mode":"bus","angle":-88.2,"extra":1,"ei":4,"l0":"9, ","c0":"#4d4aba","l1":"La, ","c1":"#11a2e3","l2":"N","c2":"#b0045c"},"geometry":{"type":"Point","coordinates":[19.432195,50.194171]}},{"type":"Feature","properties":{"lines":"9, N","arr":["9","N"],"mode":"bus","angle":-15,"l0":"9, ","c0":"#4d4aba","l1":"N","c1":"#b0045c"},"geometry":{"type":"Point","coordinates":[19.447479,50.199068]}},{"type":"Feature","properties":{"lines":"9, 10, N","arr":["9","10","N"],"mode":"bus","angle":32.2,"mi":1,"l0":"9, ","c0":"#4d4aba","l1":"10, ","c1":"#fe6761","l2":"N","c2":"#b0045c"},"geometry":{"type":"Point","coordinates":[19.447047,50.187746]}},{"type":"Feature","properties":{"lines":"9, 10, N","arr":["9","10","N"],"mode":"bus","angle":32.4,"extra":1,"ei":0,"l0":"9, ","c0":"#4d4aba","l1":"10, ","c1":"#fe6761","l2":"N","c2":"#b0045c"},"geometry":{"type":"Point","coordinates":[19.433359,50.193291]}},{"type":"Feature","properties":{"lines":"9, 10, N","arr":["9","10","N"],"mode":"bus","angle":31.9,"extra":1,"ei":1,"l0":"9, ","c0":"#4d4aba","l1":"10, ","c1":"#fe6761","l2":"N","c2":"#b0045c"},"geometry":{"type":"Point","coordinates":[19.435852,50.192284]}},{"type":"Feature","properties":{"lines":"9, 10, N","arr":["9","10","N"],"mode":"bus","angle":32.3,"extra":1,"ei":2,"l0":"9, ","c0":"#4d4aba","l1":"10, ","c1":"#fe6761","l2":"N","c2":"#b0045c"},"geometry":{"type":"Point","coordinates":[19.438352,50.191285]}},{"type":"Feature","properties":{"lines":"9, 10, N","arr":["9","10","N"],"mode":"bus","angle":32.4,"extra":1,"ei":3,"l0":"9, ","c0":"#4d4aba","l1":"10, ","c1":"#fe6761","l2":"N","c2":"#b0045c"},"geometry":{"type":"Point","coordinates":[19.440842,50.190274]}},{"type":"Feature","properties":{"lines":"9, 10, N","arr":["9","10","N"],"mode":"bus","angle":32.2,"extra":1,"ei":4,"l0":"9, ","c0":"#4d4aba","l1":"10, ","c1":"#fe6761","l2":"N","c2":"#b0045c"},"geometry":{"type":"Point","coordinates":[19.443328,50.18926]}},{"type":"Feature","properties":{"lines":"9, 10, N","arr":["9","10","N"],"mode":"bus","angle":32.1,"extra":1,"ei":5,"l0":"9, ","c0":"#4d4aba","l1":"10, ","c1":"#fe6761","l2":"N","c2":"#b0045c"},"geometry":{"type":"Point","coordinates":[19.450806,50.186238]}},{"type":"Feature","properties":{"lines":"9, 10, N","arr":["9","10","N"],"mode":"bus","angle":31.7,"extra":1,"ei":6,"l0":"9, ","c0":"#4d4aba","l1":"10, ","c1":"#fe6761","l2":"N","c2":"#b0045c"},"geometry":{"type":"Point","coordinates":[19.453305,50.185237]}},{"type":"Feature","properties":{"lines":"9, 10, N","arr":["9","10","N"],"mode":"bus","angle":37.6,"extra":1,"ei":7,"l0":"9, ","c0":"#4d4aba","l1":"10, ","c1":"#fe6761","l2":"N","c2":"#b0045c"},"geometry":{"type":"Point","coordinates":[19.455807,50.184239]}},{"type":"Feature","properties":{"lines":"9, 10, N","arr":["9","10","N"],"mode":"bus","angle":-89.1,"extra":1,"ei":8,"l0":"9, ","c0":"#4d4aba","l1":"10, ","c1":"#fe6761","l2":"N","c2":"#b0045c"},"geometry":{"type":"Point","coordinates":[19.456367,50.182478]}},{"type":"Feature","properties":{"lines":"9, 10, N","arr":["9","10","N"],"mode":"bus","angle":42.9,"extra":1,"ei":9,"l0":"9, ","c0":"#4d4aba","l1":"10, ","c1":"#fe6761","l2":"N","c2":"#b0045c"},"geometry":{"type":"Point","coordinates":[19.457458,50.180822]}},{"type":"Feature","properties":{"lines":"9, 10, La, N","arr":["9","10","La","N"],"mode":"bus","angle":35.7,"l0":"9, ","c0":"#4d4aba","l1":"10, ","c1":"#fe6761","l2":"La, ","c2":"#11a2e3","l3":"N","c3":"#b0045c"},"geometry":{"type":"Point","coordinates":[19.428545,50.195299]}},{"type":"Feature","properties":{"lines":"9, 10, La, N","arr":["9","10","La","N"],"mode":"bus","angle":32.9,"extra":1,"ei":0,"l0":"9, ","c0":"#4d4aba","l1":"10, ","c1":"#fe6761","l2":"La, ","c2":"#11a2e3","l3":"N","c3":"#b0045c"},"geometry":{"type":"Point","coordinates":[19.430872,50.194304]}},{"type":"Feature","properties":{"lines":"9, 10, La, N","arr":["9","10","La","N"],"mode":"bus","angle":44.9,"extra":1,"ei":1,"l0":"9, ","c0":"#4d4aba","l1":"10, ","c1":"#fe6761","l2":"La, ","c2":"#11a2e3","l3":"N","c3":"#b0045c"},"geometry":{"type":"Point","coordinates":[19.426468,50.196753]}},{"type":"Feature","properties":{"lines":"9, 10, La","arr":["9","10","La"],"mode":"bus","angle":17.4,"l0":"9, ","c0":"#4d4aba","l1":"10, ","c1":"#fe6761","l2":"La","c2":"#11a2e3"},"geometry":{"type":"Point","coordinates":[19.423359,50.197697]}},{"type":"Feature","properties":{"lines":"9, 10, La","arr":["9","10","La"],"mode":"bus","angle":15.7,"side":-1,"extra":1,"ei":0,"l0":"9, ","c0":"#4d4aba","l1":"10, ","c1":"#fe6761","l2":"La","c2":"#11a2e3"},"geometry":{"type":"Point","coordinates":[19.421346,50.19809]}},{"type":"Feature","properties":{"lines":"9, 10, La","arr":["9","10","La"],"mode":"bus","angle":29.1,"mi":1,"l0":"9, ","c0":"#4d4aba","l1":"10, ","c1":"#fe6761","l2":"La","c2":"#11a2e3"},"geometry":{"type":"Point","coordinates":[19.421713,50.19811]}},{"type":"Feature","properties":{"lines":"9","arr":["9"],"mode":"bus","angle":-73.6,"l0":"9","c0":"#4d4aba"},"geometry":{"type":"Point","coordinates":[19.462217,50.203957]}},{"type":"Feature","properties":{"lines":"9, 10","arr":["9","10"],"mode":"bus","angle":26.1,"l0":"9, ","c0":"#4d4aba","l1":"10","c1":"#fe6761"},"geometry":{"type":"Point","coordinates":[19.453705,50.1852]}},{"type":"Feature","properties":{"lines":"9, 10, N","arr":["9","10","N"],"mode":"bus","angle":71.2,"l0":"9, ","c0":"#4d4aba","l1":"10, ","c1":"#fe6761","l2":"N","c2":"#b0045c"},"geometry":{"type":"Point","coordinates":[19.454122,50.185074]}},{"type":"Feature","properties":{"lines":"9, 10, N","arr":["9","10","N"],"mode":"bus","angle":-26.7,"mi":2,"l0":"9, ","c0":"#4d4aba","l1":"10, ","c1":"#fe6761","l2":"N","c2":"#b0045c"},"geometry":{"type":"Point","coordinates":[19.456127,50.179155]}},{"type":"Feature","properties":{"lines":"9, N","arr":["9","N"],"mode":"bus","angle":-26.8,"l0":"9, ","c0":"#4d4aba","l1":"N","c1":"#b0045c"},"geometry":{"type":"Point","coordinates":[19.443722,50.175788]}},{"type":"Feature","properties":{"lines":"9, N","arr":["9","N"],"mode":"bus","angle":-39.7,"extra":1,"ei":0,"l0":"9, ","c0":"#4d4aba","l1":"N","c1":"#b0045c"},"geometry":{"type":"Point","coordinates":[19.435793,50.172598]}},{"type":"Feature","properties":{"lines":"9, N","arr":["9","N"],"mode":"bus","angle":-41.4,"extra":1,"ei":1,"l0":"9, ","c0":"#4d4aba","l1":"N","c1":"#b0045c"},"geometry":{"type":"Point","coordinates":[19.438132,50.173742]}},{"type":"Feature","properties":{"lines":"9, N","arr":["9","N"],"mode":"bus","angle":-32.5,"extra":1,"ei":2,"l0":"9, ","c0":"#4d4aba","l1":"N","c1":"#b0045c"},"geometry":{"type":"Point","coordinates":[19.440541,50.174822]}},{"type":"Feature","properties":{"lines":"9, N","arr":["9","N"],"mode":"bus","angle":-34.7,"extra":1,"ei":3,"l0":"9, ","c0":"#4d4aba","l1":"N","c1":"#b0045c"},"geometry":{"type":"Point","coordinates":[19.445688,50.176626]}},{"type":"Feature","properties":{"lines":"9, N","arr":["9","N"],"mode":"bus","angle":-8.3,"extra":1,"ei":4,"l0":"9, ","c0":"#4d4aba","l1":"N","c1":"#b0045c"},"geometry":{"type":"Point","coordinates":[19.448412,50.177257]}},{"type":"Feature","properties":{"lines":"9, N","arr":["9","N"],"mode":"bus","angle":-7.9,"extra":1,"ei":5,"l0":"9, ","c0":"#4d4aba","l1":"N","c1":"#b0045c"},"geometry":{"type":"Point","coordinates":[19.451334,50.177504]}},{"type":"Feature","properties":{"lines":"9, N","arr":["9","N"],"mode":"bus","angle":15.1,"mi":1,"l0":"9, ","c0":"#4d4aba","l1":"N","c1":"#b0045c"},"geometry":{"type":"Point","coordinates":[19.444991,50.166949]}},{"type":"Feature","properties":{"lines":"9, N","arr":["9","N"],"mode":"bus","angle":64.4,"extra":1,"ei":0,"l0":"9, ","c0":"#4d4aba","l1":"N","c1":"#b0045c"},"geometry":{"type":"Point","coordinates":[19.434751,50.171167]}},{"type":"Feature","properties":{"lines":"9, N","arr":["9","N"],"mode":"bus","angle":39.9,"extra":1,"ei":1,"l0":"9, ","c0":"#4d4aba","l1":"N","c1":"#b0045c"},"geometry":{"type":"Point","coordinates":[19.436897,50.169885]}},{"type":"Feature","properties":{"lines":"9, N","arr":["9","N"],"mode":"bus","angle":24.2,"extra":1,"ei":2,"l0":"9, ","c0":"#4d4aba","l1":"N","c1":"#b0045c"},"geometry":{"type":"Point","coordinates":[19.439423,50.168937]}},{"type":"Feature","properties":{"lines":"9, N","arr":["9","N"],"mode":"bus","angle":39.6,"extra":1,"ei":3,"l0":"9, ","c0":"#4d4aba","l1":"N","c1":"#b0045c"},"geometry":{"type":"Point","coordinates":[19.441896,50.167935]}},{"type":"Feature","properties":{"lines":"9, N","arr":["9","N"],"mode":"bus","angle":5.3,"extra":1,"ei":4,"l0":"9, ","c0":"#4d4aba","l1":"N","c1":"#b0045c"},"geometry":{"type":"Point","coordinates":[19.447305,50.166586]}},{"type":"Feature","properties":{"lines":"9, N","arr":["9","N"],"mode":"bus","angle":6.2,"extra":1,"ei":5,"l0":"9, ","c0":"#4d4aba","l1":"N","c1":"#b0045c"},"geometry":{"type":"Point","coordinates":[19.450249,50.166559]}},{"type":"Feature","properties":{"lines":"9, N","arr":["9","N"],"mode":"bus","angle":20.2,"extra":1,"ei":6,"l0":"9, ","c0":"#4d4aba","l1":"N","c1":"#b0045c"},"geometry":{"type":"Point","coordinates":[19.452971,50.165876]}},{"type":"Feature","properties":{"lines":"9, N","arr":["9","N"],"mode":"bus","angle":22.4,"extra":1,"ei":7,"l0":"9, ","c0":"#4d4aba","l1":"N","c1":"#b0045c"},"geometry":{"type":"Point","coordinates":[19.455775,50.165298]}},{"type":"Feature","properties":{"lines":"9, 10, La, N","arr":["9","10","La","N"],"mode":"bus","angle":38.6,"l0":"9, ","c0":"#4d4aba","l1":"10, ","c1":"#fe6761","l2":"La, ","c2":"#11a2e3","l3":"N","c3":"#b0045c"},"geometry":{"type":"Point","coordinates":[19.461701,50.161639]}},{"type":"Feature","properties":{"lines":"9, 10, La, N","arr":["9","10","La","N"],"mode":"bus","angle":57.1,"extra":1,"ei":0,"l0":"9, ","c0":"#4d4aba","l1":"10, ","c1":"#fe6761","l2":"La, ","c2":"#11a2e3","l3":"N","c3":"#b0045c"},"geometry":{"type":"Point","coordinates":[19.458969,50.16383]}},{"type":"Feature","properties":{"lines":"9, 10, La, N","arr":["9","10","La","N"],"mode":"bus","angle":36.2,"extra":1,"ei":1,"l0":"9, ","c0":"#4d4aba","l1":"10, ","c1":"#fe6761","l2":"La, ","c2":"#11a2e3","l3":"N","c3":"#b0045c"},"geometry":{"type":"Point","coordinates":[19.465568,50.160283]}},{"type":"Feature","properties":{"lines":"9, 10, 41, 42, La, Lb, Lc, N","arr":["9","10","41","42","La","Lb","Lc","N"],"mode":"bus","angle":66,"l0":"9, ","c0":"#4d4aba","l1":"10, ","c1":"#fe6761","l2":"41, ","c2":"#03636c","l3":"42, ","c3":"#02af5a","l4":"La, ","c4":"#11a2e3","l5":"Lb, ","c5":"#b59607","l6":"Lc, ","c6":"#e16cd6","l7":"N","c7":"#b0045c"},"geometry":{"type":"Point","coordinates":[19.466843,50.159478]}},{"type":"Feature","properties":{"lines":"9, 10, 15, 41, 42, La, Lb, Lc, N","arr":["9","10","15","41","42","La","Lb","Lc","N"],"mode":"bus","angle":-25.6,"mi":4,"l0":"9, ","c0":"#4d4aba","l1":"10, ","c1":"#fe6761","l2":"15, ","c2":"#7c5001","l3":"41, ","c3":"#03636c","l4":"42, ","c4":"#02af5a","l5":"La, ","c5":"#11a2e3","l6":"Lb, ","c6":"#b59607","l7":"Lc, ","c7":"#e16cd6","l8":"N","c8":"#b0045c"},"geometry":{"type":"Point","coordinates":[19.46357,50.158446]}},{"type":"Feature","properties":{"lines":"9, 10, 15, 41, 42, La, Lb, Lc, N","arr":["9","10","15","41","42","La","Lb","Lc","N"],"mode":"bus","angle":-25.6,"l0":"9, ","c0":"#4d4aba","l1":"10, ","c1":"#fe6761","l2":"15, ","c2":"#7c5001","l3":"41, ","c3":"#03636c","l4":"42, ","c4":"#02af5a","l5":"La, ","c5":"#11a2e3","l6":"Lb, ","c6":"#b59607","l7":"Lc, ","c7":"#e16cd6","l8":"N","c8":"#b0045c"},"geometry":{"type":"Point","coordinates":[19.458174,50.156792]}},{"type":"Feature","properties":{"lines":"9, 10, 15, 41, 42, La, Lb, Lc, N","arr":["9","10","15","41","42","La","Lb","Lc","N"],"mode":"bus","angle":-23.5,"side":-1,"mi":1,"l0":"9, ","c0":"#4d4aba","l1":"10, ","c1":"#fe6761","l2":"15, ","c2":"#7c5001","l3":"41, ","c3":"#03636c","l4":"42, ","c4":"#02af5a","l5":"La, ","c5":"#11a2e3","l6":"Lb, ","c6":"#b59607","l7":"Lc, ","c7":"#e16cd6","l8":"N","c8":"#b0045c"},"geometry":{"type":"Point","coordinates":[19.455245,50.15586]}},{"type":"Feature","properties":{"lines":"9, 10, 15, 41, 42, La, Lb, Lc, N","arr":["9","10","15","41","42","La","Lb","Lc","N"],"mode":"bus","angle":-25.5,"extra":1,"ei":0,"l0":"9, ","c0":"#4d4aba","l1":"10, ","c1":"#fe6761","l2":"15, ","c2":"#7c5001","l3":"41, ","c3":"#03636c","l4":"42, ","c4":"#02af5a","l5":"La, ","c5":"#11a2e3","l6":"Lb, ","c6":"#b59607","l7":"Lc, ","c7":"#e16cd6","l8":"N","c8":"#b0045c"},"geometry":{"type":"Point","coordinates":[19.461617,50.157848]}},{"type":"Feature","properties":{"lines":"9, 10, 15, 41, 42, La, Lb, Lc","arr":["9","10","15","41","42","La","Lb","Lc"],"mode":"bus","angle":-26.8,"l0":"9, ","c0":"#4d4aba","l1":"10, ","c1":"#fe6761","l2":"15, ","c2":"#7c5001","l3":"41, ","c3":"#03636c","l4":"42, ","c4":"#02af5a","l5":"La, ","c5":"#11a2e3","l6":"Lb, ","c6":"#b59607","l7":"Lc","c7":"#e16cd6"},"geometry":{"type":"Point","coordinates":[19.455452,50.155982]}},{"type":"Feature","properties":{"lines":"9, 10, 15, 41, 42, La, Lb, Lc, N","arr":["9","10","15","41","42","La","Lb","Lc","N"],"mode":"bus","angle":-60.2,"side":-1,"mi":2,"l0":"9, ","c0":"#4d4aba","l1":"10, ","c1":"#fe6761","l2":"15, ","c2":"#7c5001","l3":"41, ","c3":"#03636c","l4":"42, ","c4":"#02af5a","l5":"La, ","c5":"#11a2e3","l6":"Lb, ","c6":"#b59607","l7":"Lc, ","c7":"#e16cd6","l8":"N","c8":"#b0045c"},"geometry":{"type":"Point","coordinates":[19.45443,50.155198]}},{"type":"Feature","properties":{"lines":"9, 15, 41, 42","arr":["9","15","41","42"],"mode":"bus","angle":-52.2,"mi":5,"l0":"9, ","c0":"#4d4aba","l1":"15, ","c1":"#7c5001","l2":"41, ","c2":"#03636c","l3":"42","c3":"#02af5a"},"geometry":{"type":"Point","coordinates":[19.454071,50.155154]}},{"type":"Feature","properties":{"lines":"9, 10, 15, 41, 42, La, Lb, Lc, N","arr":["9","10","15","41","42","La","Lb","Lc","N"],"mode":"bus","angle":-71.2,"mi":3,"l0":"9, ","c0":"#4d4aba","l1":"10, ","c1":"#fe6761","l2":"15, ","c2":"#7c5001","l3":"41, ","c3":"#03636c","l4":"42, ","c4":"#02af5a","l5":"La, ","c5":"#11a2e3","l6":"Lb, ","c6":"#b59607","l7":"Lc, ","c7":"#e16cd6","l8":"N","c8":"#b0045c"},"geometry":{"type":"Point","coordinates":[19.453653,50.155116]}},{"type":"Feature","properties":{"lines":"9, 15, 41, 42","arr":["9","15","41","42"],"mode":"bus","angle":-25.6,"mi":3,"l0":"9, ","c0":"#4d4aba","l1":"15, ","c1":"#7c5001","l2":"41, ","c2":"#03636c","l3":"42","c3":"#02af5a"},"geometry":{"type":"Point","coordinates":[19.451283,50.154672]}},{"type":"Feature","properties":{"lines":"9, 15, 41, 42","arr":["9","15","41","42"],"mode":"bus","angle":-25.6,"extra":1,"ei":0,"l0":"9, ","c0":"#4d4aba","l1":"15, ","c1":"#7c5001","l2":"41, ","c2":"#03636c","l3":"42","c3":"#02af5a"},"geometry":{"type":"Point","coordinates":[19.453106,50.15523]}},{"type":"Feature","properties":{"lines":"9, 15, 41, 42","arr":["9","15","41","42"],"mode":"bus","angle":-25.7,"l0":"9, ","c0":"#4d4aba","l1":"15, ","c1":"#7c5001","l2":"41, ","c2":"#03636c","l3":"42","c3":"#02af5a"},"geometry":{"type":"Point","coordinates":[19.438738,50.150825]}},{"type":"Feature","properties":{"lines":"9, 15, 41, 42","arr":["9","15","41","42"],"mode":"bus","angle":-25.5,"extra":1,"ei":0,"l0":"9, ","c0":"#4d4aba","l1":"15, ","c1":"#7c5001","l2":"41, ","c2":"#03636c","l3":"42","c3":"#02af5a"},"geometry":{"type":"Point","coordinates":[19.446802,50.153298]}},{"type":"Feature","properties":{"lines":"9, 15, 41, 42","arr":["9","15","41","42"],"mode":"bus","angle":-25.3,"extra":1,"ei":1,"l0":"9, ","c0":"#4d4aba","l1":"15, ","c1":"#7c5001","l2":"41, ","c2":"#03636c","l3":"42","c3":"#02af5a"},"geometry":{"type":"Point","coordinates":[19.444143,50.152485]}},{"type":"Feature","properties":{"lines":"9, 15, 41, 42","arr":["9","15","41","42"],"mode":"bus","angle":-24.4,"extra":1,"ei":2,"l0":"9, ","c0":"#4d4aba","l1":"15, ","c1":"#7c5001","l2":"41, ","c2":"#03636c","l3":"42","c3":"#02af5a"},"geometry":{"type":"Point","coordinates":[19.441491,50.151665]}},{"type":"Feature","properties":{"lines":"9, 15, 41, 42","arr":["9","15","41","42"],"mode":"bus","angle":-27.6,"extra":1,"ei":3,"l0":"9, ","c0":"#4d4aba","l1":"15, ","c1":"#7c5001","l2":"41, ","c2":"#03636c","l3":"42","c3":"#02af5a"},"geometry":{"type":"Point","coordinates":[19.436175,50.150036]}},{"type":"Feature","properties":{"lines":"9, 15, 41, 42","arr":["9","15","41","42"],"mode":"bus","angle":-25.5,"extra":1,"ei":4,"l0":"9, ","c0":"#4d4aba","l1":"15, ","c1":"#7c5001","l2":"41, ","c2":"#03636c","l3":"42","c3":"#02af5a"},"geometry":{"type":"Point","coordinates":[19.433515,50.149224]}},{"type":"Feature","properties":{"lines":"9, 15, 41, 42","arr":["9","15","41","42"],"mode":"bus","angle":-25.6,"extra":1,"ei":5,"l0":"9, ","c0":"#4d4aba","l1":"15, ","c1":"#7c5001","l2":"41, ","c2":"#03636c","l3":"42","c3":"#02af5a"},"geometry":{"type":"Point","coordinates":[19.430856,50.14841]}},{"type":"Feature","properties":{"lines":"9, 15, 41","arr":["9","15","41"],"mode":"bus","angle":-59.5,"mi":6,"l0":"9, ","c0":"#4d4aba","l1":"15, ","c1":"#7c5001","l2":"41","c2":"#03636c"},"geometry":{"type":"Point","coordinates":[19.439383,50.149273]}},{"type":"Feature","properties":{"lines":"9, 15, 41","arr":["9","15","41"],"mode":"bus","angle":-68.2,"mi":8,"l0":"9, ","c0":"#4d4aba","l1":"15, ","c1":"#7c5001","l2":"41","c2":"#03636c"},"geometry":{"type":"Point","coordinates":[19.440983,50.151028]}},{"type":"Feature","properties":{"lines":"9, 15, 41","arr":["9","15","41"],"mode":"bus","angle":-58.4,"mi":7,"l0":"9, ","c0":"#4d4aba","l1":"15, ","c1":"#7c5001","l2":"41","c2":"#03636c"},"geometry":{"type":"Point","coordinates":[19.439547,50.15046]}},{"type":"Feature","properties":{"lines":"9, 15, 41","arr":["9","15","41"],"mode":"bus","angle":-83.4,"mi":3,"l0":"9, ","c0":"#4d4aba","l1":"15, ","c1":"#7c5001","l2":"41","c2":"#03636c"},"geometry":{"type":"Point","coordinates":[19.433645,50.144223]}},{"type":"Feature","properties":{"lines":"9, 15, 41","arr":["9","15","41"],"mode":"bus","angle":35.1,"mi":1,"l0":"9, ","c0":"#4d4aba","l1":"15, ","c1":"#7c5001","l2":"41","c2":"#03636c"},"geometry":{"type":"Point","coordinates":[19.435495,50.144875]}},{"type":"Feature","properties":{"lines":"9, 15, 41","arr":["9","15","41"],"mode":"bus","angle":-59.2,"side":-1,"extra":1,"ei":0,"l0":"9, ","c0":"#4d4aba","l1":"15, ","c1":"#7c5001","l2":"41","c2":"#03636c"},"geometry":{"type":"Point","coordinates":[19.434913,50.143624]}},{"type":"Feature","properties":{"lines":"9, 15, 41","arr":["9","15","41"],"mode":"bus","angle":22.7,"mi":4,"l0":"9, ","c0":"#4d4aba","l1":"15, ","c1":"#7c5001","l2":"41","c2":"#03636c"},"geometry":{"type":"Point","coordinates":[19.434419,50.143753]}},{"type":"Feature","properties":{"lines":"9, 15, 41","arr":["9","15","41"],"mode":"bus","angle":-89.7,"mi":2,"l0":"9, ","c0":"#4d4aba","l1":"15, ","c1":"#7c5001","l2":"41","c2":"#03636c"},"geometry":{"type":"Point","coordinates":[19.433779,50.144218]}},{"type":"Feature","properties":{"lines":"9, 15, 41","arr":["9","15","41"],"mode":"bus","angle":-47.7,"l0":"9, ","c0":"#4d4aba","l1":"15, ","c1":"#7c5001","l2":"41","c2":"#03636c"},"geometry":{"type":"Point","coordinates":[19.436642,50.14708]}},{"type":"Feature","properties":{"lines":"9, 15, 41","arr":["9","15","41"],"mode":"bus","angle":-1.3,"mi":5,"l0":"9, ","c0":"#4d4aba","l1":"15, ","c1":"#7c5001","l2":"41","c2":"#03636c"},"geometry":{"type":"Point","coordinates":[19.431471,50.144399]}},{"type":"Feature","properties":{"lines":"9, 15, 41","arr":["9","15","41"],"mode":"bus","angle":15.1,"mi":9,"l0":"9, ","c0":"#4d4aba","l1":"15, ","c1":"#7c5001","l2":"41","c2":"#03636c"},"geometry":{"type":"Point","coordinates":[19.424116,50.145221]}},{"type":"Feature","properties":{"lines":"9, 15, 41","arr":["9","15","41"],"mode":"bus","angle":-42.1,"extra":1,"ei":0,"l0":"9, ","c0":"#4d4aba","l1":"15, ","c1":"#7c5001","l2":"41","c2":"#03636c"},"geometry":{"type":"Point","coordinates":[19.434631,50.144799]}},{"type":"Feature","properties":{"lines":"9, 15, 41","arr":["9","15","41"],"mode":"bus","angle":9.5,"extra":1,"ei":1,"l0":"9, ","c0":"#4d4aba","l1":"15, ","c1":"#7c5001","l2":"41","c2":"#03636c"},"geometry":{"type":"Point","coordinates":[19.428898,50.144582]}},{"type":"Feature","properties":{"lines":"9, 15, 41, 42","arr":["9","15","41","42"],"mode":"bus","angle":-25.8,"mi":4,"l0":"9, ","c0":"#4d4aba","l1":"15, ","c1":"#7c5001","l2":"41, ","c2":"#03636c","l3":"42","c3":"#02af5a"},"geometry":{"type":"Point","coordinates":[19.418623,50.144638]}},{"type":"Feature","properties":{"lines":"9, 15, 41, 42","arr":["9","15","41","42"],"mode":"bus","angle":-24.8,"mi":2,"l0":"9, ","c0":"#4d4aba","l1":"15, ","c1":"#7c5001","l2":"41, ","c2":"#03636c","l3":"42","c3":"#02af5a"},"geometry":{"type":"Point","coordinates":[19.425512,50.146769]}},{"type":"Feature","properties":{"lines":"9, 15, 41, 42","arr":["9","15","41","42"],"mode":"bus","angle":-32,"extra":1,"ei":0,"l0":"9, ","c0":"#4d4aba","l1":"15, ","c1":"#7c5001","l2":"41, ","c2":"#03636c","l3":"42","c3":"#02af5a"},"geometry":{"type":"Point","coordinates":[19.420673,50.145317]}},{"type":"Feature","properties":{"lines":"9, 15, 41, 42","arr":["9","15","41","42"],"mode":"bus","angle":-26.6,"extra":1,"ei":1,"l0":"9, ","c0":"#4d4aba","l1":"15, ","c1":"#7c5001","l2":"41, ","c2":"#03636c","l3":"42","c3":"#02af5a"},"geometry":{"type":"Point","coordinates":[19.415399,50.143639]}},{"type":"Feature","properties":{"lines":"9, 15, 41, 42, P","arr":["9","15","41","42","P"],"mode":"bus","angle":-43.9,"l0":"9, ","c0":"#4d4aba","l1":"15, ","c1":"#7c5001","l2":"41, ","c2":"#03636c","l3":"42, ","c3":"#02af5a","l4":"P","c4":"#f661b9"},"geometry":{"type":"Point","coordinates":[19.413109,50.142827]}},{"type":"Feature","properties":{"lines":"9, 15, 41, 42, P","arr":["9","15","41","42","P"],"mode":"bus","angle":-53.1,"extra":1,"ei":0,"l0":"9, ","c0":"#4d4aba","l1":"15, ","c1":"#7c5001","l2":"41, ","c2":"#03636c","l3":"42, ","c3":"#02af5a","l4":"P","c4":"#f661b9"},"geometry":{"type":"Point","coordinates":[19.41193,50.141796]}},{"type":"Feature","properties":{"lines":"9, 10, 29, 33","arr":["9","10","29","33"],"mode":"bus","angle":21.5,"l0":"9, ","c0":"#4d4aba","l1":"10, ","c1":"#fe6761","l2":"29, ","c2":"#5a5d02","l3":"33","c3":"#52ac3c"},"geometry":{"type":"Point","coordinates":[19.4087,50.143658]}},{"type":"Feature","properties":{"lines":"9, 15, 42, P","arr":["9","15","42","P"],"mode":"bus","angle":-27.4,"side":-1,"l0":"9, ","c0":"#4d4aba","l1":"15, ","c1":"#7c5001","l2":"42, ","c2":"#02af5a","l3":"P","c3":"#f661b9"},"geometry":{"type":"Point","coordinates":[19.414832,50.142669]}},{"type":"Feature","properties":{"lines":"9, 15, 42","arr":["9","15","42"],"mode":"bus","angle":-27.2,"side":-1,"l0":"9, ","c0":"#4d4aba","l1":"15, ","c1":"#7c5001","l2":"42","c2":"#02af5a"},"geometry":{"type":"Point","coordinates":[19.421233,50.145414]}},{"type":"Feature","properties":{"lines":"9, 15","arr":["9","15"],"mode":"bus","angle":21.2,"side":-1,"l0":"9, ","c0":"#4d4aba","l1":"15","c1":"#7c5001"},"geometry":{"type":"Point","coordinates":[19.422402,50.145591]}},{"type":"Feature","properties":{"lines":"9, 15, 41, 42","arr":["9","15","41","42"],"mode":"bus","angle":-25.8,"mi":1,"l0":"9, ","c0":"#4d4aba","l1":"15, ","c1":"#7c5001","l2":"41, ","c2":"#03636c","l3":"42","c3":"#02af5a"},"geometry":{"type":"Point","coordinates":[19.428764,50.147771]}},{"type":"Feature","properties":{"lines":"10, 15, 41, 42, Lb, Lc","arr":["10","15","41","42","Lb","Lc"],"mode":"bus","angle":30.5,"l0":"10, ","c0":"#fe6761","l1":"15, ","c1":"#7c5001","l2":"41, ","c2":"#03636c","l3":"42, ","c3":"#02af5a","l4":"Lb, ","c4":"#b59607","l5":"Lc","c5":"#e16cd6"},"geometry":{"type":"Point","coordinates":[19.468179,50.158926]}},{"type":"Feature","properties":{"lines":"10, 41, 42, Lb, Lc, N","arr":["10","41","42","Lb","Lc","N"],"mode":"bus","angle":-57.1,"mi":1,"l0":"10, ","c0":"#fe6761","l1":"41, ","c1":"#03636c","l2":"42, ","c2":"#02af5a","l3":"Lb, ","c3":"#b59607","l4":"Lc, ","c4":"#e16cd6","l5":"N","c5":"#b0045c"},"geometry":{"type":"Point","coordinates":[19.469931,50.159069]}},{"type":"Feature","properties":{"lines":"10, 41, 42, Lb, Lc, N","arr":["10","41","42","Lb","Lc","N"],"mode":"bus","angle":87.5,"l0":"10, ","c0":"#fe6761","l1":"41, ","c1":"#03636c","l2":"42, ","c2":"#02af5a","l3":"Lb, ","c3":"#b59607","l4":"Lc, ","c4":"#e16cd6","l5":"N","c5":"#b0045c"},"geometry":{"type":"Point","coordinates":[19.471741,50.162902]}},{"type":"Feature","properties":{"lines":"10, 41, 42, Lb, Lc, N","arr":["10","41","42","Lb","Lc","N"],"mode":"bus","angle":-72.7,"extra":1,"ei":0,"l0":"10, ","c0":"#fe6761","l1":"41, ","c1":"#03636c","l2":"42, ","c2":"#02af5a","l3":"Lb, ","c3":"#b59607","l4":"Lc, ","c4":"#e16cd6","l5":"N","c5":"#b0045c"},"geometry":{"type":"Point","coordinates":[19.471256,50.160466]}},{"type":"Feature","properties":{"lines":"10, 41, 42, Lb, Lc, N","arr":["10","41","42","Lb","Lc","N"],"mode":"bus","angle":-83.9,"extra":1,"ei":1,"l0":"10, ","c0":"#fe6761","l1":"41, ","c1":"#03636c","l2":"42, ","c2":"#02af5a","l3":"Lb, ","c3":"#b59607","l4":"Lc, ","c4":"#e16cd6","l5":"N","c5":"#b0045c"},"geometry":{"type":"Point","coordinates":[19.471683,50.164194]}},{"type":"Feature","properties":{"lines":"10, 41, 42, Lb, Lc, N","arr":["10","41","42","Lb","Lc","N"],"mode":"bus","angle":-74.7,"extra":1,"ei":2,"l0":"10, ","c0":"#fe6761","l1":"41, ","c1":"#03636c","l2":"42, ","c2":"#02af5a","l3":"Lb, ","c3":"#b59607","l4":"Lc, ","c4":"#e16cd6","l5":"N","c5":"#b0045c"},"geometry":{"type":"Point","coordinates":[19.472879,50.165879]}},{"type":"Feature","properties":{"lines":"10, 41, 42, La, Lb, Lc","arr":["10","41","42","La","Lb","Lc"],"mode":"bus","angle":-85.5,"l0":"10, ","c0":"#fe6761","l1":"41, ","c1":"#03636c","l2":"42, ","c2":"#02af5a","l3":"La, ","c3":"#11a2e3","l4":"Lb, ","c4":"#b59607","l5":"Lc","c5":"#e16cd6"},"geometry":{"type":"Point","coordinates":[19.472657,50.169538]}},{"type":"Feature","properties":{"lines":"10, 41, 42, La, Lb, Lc","arr":["10","41","42","La","Lb","Lc"],"mode":"bus","angle":74.4,"extra":1,"ei":0,"l0":"10, ","c0":"#fe6761","l1":"41, ","c1":"#03636c","l2":"42, ","c2":"#02af5a","l3":"La, ","c3":"#11a2e3","l4":"Lb, ","c4":"#b59607","l5":"Lc","c5":"#e16cd6"},"geometry":{"type":"Point","coordinates":[19.473058,50.167302]}},{"type":"Feature","properties":{"lines":"10, 41, 42, La, Lb, Lc","arr":["10","41","42","La","Lb","Lc"],"mode":"bus","angle":-84,"extra":1,"ei":1,"l0":"10, ","c0":"#fe6761","l1":"41, ","c1":"#03636c","l2":"42, ","c2":"#02af5a","l3":"La, ","c3":"#11a2e3","l4":"Lb, ","c4":"#b59607","l5":"Lc","c5":"#e16cd6"},"geometry":{"type":"Point","coordinates":[19.472894,50.171023]}},{"type":"Feature","properties":{"lines":"10, 15, 41, 42, La, Lb, Lc","arr":["10","15","41","42","La","Lb","Lc"],"mode":"bus","angle":-85.4,"l0":"10, ","c0":"#fe6761","l1":"15, ","c1":"#7c5001","l2":"41, ","c2":"#03636c","l3":"42, ","c3":"#02af5a","l4":"La, ","c4":"#11a2e3","l5":"Lb, ","c5":"#b59607","l6":"Lc","c6":"#e16cd6"},"geometry":{"type":"Point","coordinates":[19.473204,50.173277]}},{"type":"Feature","properties":{"lines":"10","arr":["10"],"mode":"bus","angle":28.7,"l0":"10","c0":"#fe6761"},"geometry":{"type":"Point","coordinates":[19.465916,50.177072]}},{"type":"Feature","properties":{"lines":"10","arr":["10"],"mode":"bus","angle":36.6,"extra":1,"ei":0,"l0":"10","c0":"#fe6761"},"geometry":{"type":"Point","coordinates":[19.472076,50.174341]}},{"type":"Feature","properties":{"lines":"10","arr":["10"],"mode":"bus","angle":37.8,"extra":1,"ei":1,"l0":"10","c0":"#fe6761"},"geometry":{"type":"Point","coordinates":[19.469714,50.175471]}},{"type":"Feature","properties":{"lines":"10","arr":["10"],"mode":"bus","angle":39.4,"extra":1,"ei":2,"l0":"10","c0":"#fe6761"},"geometry":{"type":"Point","coordinates":[19.462134,50.178271]}},{"type":"Feature","properties":{"lines":"10","arr":["10"],"mode":"bus","angle":39.8,"extra":1,"ei":3,"l0":"10","c0":"#fe6761"},"geometry":{"type":"Point","coordinates":[19.459856,50.179469]}},{"type":"Feature","properties":{"lines":"10, La","arr":["10","La"],"mode":"bus","angle":43.8,"l0":"10, ","c0":"#fe6761","l1":"La","c1":"#11a2e3"},"geometry":{"type":"Point","coordinates":[19.419346,50.199277]}},{"type":"Feature","properties":{"lines":"10, La","arr":["10","La"],"mode":"bus","angle":5,"extra":1,"ei":0,"l0":"10, ","c0":"#fe6761","l1":"La","c1":"#11a2e3"},"geometry":{"type":"Point","coordinates":[19.417641,50.199761]}},{"type":"Feature","properties":{"lines":"10, La","arr":["10","La"],"mode":"bus","angle":66.6,"mi":2,"l0":"10, ","c0":"#fe6761","l1":"La","c1":"#11a2e3"},"geometry":{"type":"Point","coordinates":[19.417604,50.199047]}},{"type":"Feature","properties":{"lines":"10","arr":["10"],"mode":"bus","angle":-87,"l0":"10","c0":"#fe6761"},"geometry":{"type":"Point","coordinates":[19.417245,50.190883]}},{"type":"Feature","properties":{"lines":"10","arr":["10"],"mode":"bus","angle":-76.8,"extra":1,"ei":0,"l0":"10","c0":"#fe6761"},"geometry":{"type":"Point","coordinates":[19.417768,50.197403]}},{"type":"Feature","properties":{"lines":"10","arr":["10"],"mode":"bus","angle":88.1,"extra":1,"ei":1,"l0":"10","c0":"#fe6761"},"geometry":{"type":"Point","coordinates":[19.417794,50.195521]}},{"type":"Feature","properties":{"lines":"10","arr":["10"],"mode":"bus","angle":-80.7,"extra":1,"ei":2,"l0":"10","c0":"#fe6761"},"geometry":{"type":"Point","coordinates":[19.417686,50.19364]}},{"type":"Feature","properties":{"lines":"10","arr":["10"],"mode":"bus","angle":-86,"extra":1,"ei":3,"l0":"10","c0":"#fe6761"},"geometry":{"type":"Point","coordinates":[19.417259,50.187996]}},{"type":"Feature","properties":{"lines":"10","arr":["10"],"mode":"bus","angle":-67.3,"extra":1,"ei":4,"l0":"10","c0":"#fe6761"},"geometry":{"type":"Point","coordinates":[19.416727,50.186148]}},{"type":"Feature","properties":{"lines":"10","arr":["10"],"mode":"bus","angle":-65.3,"extra":1,"ei":5,"l0":"10","c0":"#fe6761"},"geometry":{"type":"Point","coordinates":[19.41584,50.184356]}},{"type":"Feature","properties":{"lines":"10","arr":["10"],"mode":"bus","angle":-49.3,"l0":"10","c0":"#fe6761"},"geometry":{"type":"Point","coordinates":[19.409152,50.178504]}},{"type":"Feature","properties":{"lines":"10","arr":["10"],"mode":"bus","angle":-55.1,"extra":1,"ei":0,"l0":"10","c0":"#fe6761"},"geometry":{"type":"Point","coordinates":[19.414373,50.182855]}},{"type":"Feature","properties":{"lines":"10","arr":["10"],"mode":"bus","angle":-56.8,"extra":1,"ei":1,"l0":"10","c0":"#fe6761"},"geometry":{"type":"Point","coordinates":[19.412788,50.181263]}},{"type":"Feature","properties":{"lines":"10","arr":["10"],"mode":"bus","angle":-48.2,"extra":1,"ei":2,"l0":"10","c0":"#fe6761"},"geometry":{"type":"Point","coordinates":[19.41093,50.179801]}},{"type":"Feature","properties":{"lines":"10","arr":["10"],"mode":"bus","angle":-48.9,"extra":1,"ei":3,"l0":"10","c0":"#fe6761"},"geometry":{"type":"Point","coordinates":[19.407066,50.176949]}},{"type":"Feature","properties":{"lines":"10","arr":["10"],"mode":"bus","angle":-48.2,"extra":1,"ei":4,"l0":"10","c0":"#fe6761"},"geometry":{"type":"Point","coordinates":[19.405115,50.175535]}},{"type":"Feature","properties":{"lines":"10","arr":["10"],"mode":"bus","angle":-72.6,"extra":1,"ei":5,"l0":"10","c0":"#fe6761"},"geometry":{"type":"Point","coordinates":[19.403672,50.17395]}},{"type":"Feature","properties":{"lines":"10","arr":["10"],"mode":"bus","angle":84.2,"l0":"10","c0":"#fe6761"},"geometry":{"type":"Point","coordinates":[19.401568,50.169728]}},{"type":"Feature","properties":{"lines":"10","arr":["10"],"mode":"bus","angle":70.6,"extra":1,"ei":0,"l0":"10","c0":"#fe6761"},"geometry":{"type":"Point","coordinates":[19.4036,50.167325]}},{"type":"Feature","properties":{"lines":"10","arr":["10"],"mode":"bus","angle":85.4,"extra":1,"ei":1,"l0":"10","c0":"#fe6761"},"geometry":{"type":"Point","coordinates":[19.402764,50.172357]}},{"type":"Feature","properties":{"lines":"10, 29","arr":["10","29"],"mode":"bus","angle":73.6,"l0":"10, ","c0":"#fe6761","l1":"29","c1":"#5a5d02"},"geometry":{"type":"Point","coordinates":[19.405779,50.163292]}},{"type":"Feature","properties":{"lines":"10, 29","arr":["10","29"],"mode":"bus","angle":71.4,"extra":1,"ei":0,"l0":"10, ","c0":"#fe6761","l1":"29","c1":"#5a5d02"},"geometry":{"type":"Point","coordinates":[19.404563,50.16554]}},{"type":"Feature","properties":{"lines":"10, 29","arr":["10","29"],"mode":"bus","angle":83.2,"extra":1,"ei":1,"l0":"10, ","c0":"#fe6761","l1":"29","c1":"#5a5d02"},"geometry":{"type":"Point","coordinates":[19.406046,50.161908]}},{"type":"Feature","properties":{"lines":"10, 29","arr":["10","29"],"mode":"bus","angle":-81.7,"extra":1,"ei":2,"l0":"10, ","c0":"#fe6761","l1":"29","c1":"#5a5d02"},"geometry":{"type":"Point","coordinates":[19.406362,50.160041]}},{"type":"Feature","properties":{"lines":"10, 29","arr":["10","29"],"mode":"bus","angle":90,"mi":1,"l0":"10, ","c0":"#fe6761","l1":"29","c1":"#5a5d02"},"geometry":{"type":"Point","coordinates":[19.404619,50.153934]}},{"type":"Feature","properties":{"lines":"10, 29","arr":["10","29"],"mode":"bus","angle":-75.4,"extra":1,"ei":0,"l0":"10, ","c0":"#fe6761","l1":"29","c1":"#5a5d02"},"geometry":{"type":"Point","coordinates":[19.405942,50.159]}},{"type":"Feature","properties":{"lines":"10, 29","arr":["10","29"],"mode":"bus","angle":-74.5,"extra":1,"ei":1,"l0":"10, ","c0":"#fe6761","l1":"29","c1":"#5a5d02"},"geometry":{"type":"Point","coordinates":[19.405198,50.157173]}},{"type":"Feature","properties":{"lines":"10, 29","arr":["10","29"],"mode":"bus","angle":-85.7,"extra":1,"ei":2,"l0":"10, ","c0":"#fe6761","l1":"29","c1":"#5a5d02"},"geometry":{"type":"Point","coordinates":[19.404711,50.155315]}},{"type":"Feature","properties":{"lines":"10, 29","arr":["10","29"],"mode":"bus","angle":33,"extra":1,"ei":3,"l0":"10, ","c0":"#fe6761","l1":"29","c1":"#5a5d02"},"geometry":{"type":"Point","coordinates":[19.404647,50.151655]}},{"type":"Feature","properties":{"lines":"10, 29","arr":["10","29"],"mode":"bus","angle":3.9,"extra":1,"ei":4,"l0":"10, ","c0":"#fe6761","l1":"29","c1":"#5a5d02"},"geometry":{"type":"Point","coordinates":[19.407565,50.151417]}},{"type":"Feature","properties":{"lines":"10, 29","arr":["10","29"],"mode":"bus","angle":-53.6,"l0":"10, ","c0":"#fe6761","l1":"29","c1":"#5a5d02"},"geometry":{"type":"Point","coordinates":[19.409159,50.150121]}},{"type":"Feature","properties":{"lines":"10, 29, 31B","arr":["10","29","31B"],"mode":"bus","angle":-8.5,"mi":2,"l0":"10, ","c0":"#fe6761","l1":"29, ","c1":"#5a5d02","l2":"31B","c2":"#b0045c"},"geometry":{"type":"Point","coordinates":[19.407431,50.148973]}},{"type":"Feature","properties":{"lines":"10, 29, 31B","arr":["10","29","31B"],"mode":"bus","angle":-63.1,"l0":"10, ","c0":"#fe6761","l1":"29, ","c1":"#5a5d02","l2":"31B","c2":"#b0045c"},"geometry":{"type":"Point","coordinates":[19.405438,50.147119]}},{"type":"Feature","properties":{"lines":"10, 29, 31B","arr":["10","29","31B"],"mode":"bus","angle":-67.2,"mi":1,"l0":"10, ","c0":"#fe6761","l1":"29, ","c1":"#5a5d02","l2":"31B","c2":"#b0045c"},"geometry":{"type":"Point","coordinates":[19.404553,50.145869]}},{"type":"Feature","properties":{"lines":"10, 29","arr":["10","29"],"mode":"bus","angle":-88.3,"mi":2,"l0":"10, ","c0":"#fe6761","l1":"29","c1":"#5a5d02"},"geometry":{"type":"Point","coordinates":[19.403891,50.14461]}},{"type":"Feature","properties":{"lines":"10, 31B","arr":["10","31B"],"mode":"bus","angle":-88.3,"side":-1,"l0":"10, ","c0":"#fe6761","l1":"31B","c1":"#b0045c"},"geometry":{"type":"Point","coordinates":[19.40396,50.144609]}},{"type":"Feature","properties":{"lines":"10, La","arr":["10","La"],"mode":"bus","angle":5.2,"mi":1,"l0":"10, ","c0":"#fe6761","l1":"La","c1":"#11a2e3"},"geometry":{"type":"Point","coordinates":[19.419577,50.198212]}},{"type":"Feature","properties":{"lines":"10","arr":["10"],"mode":"bus","angle":64.2,"l0":"10","c0":"#fe6761"},"geometry":{"type":"Point","coordinates":[19.452423,50.173058]}},{"type":"Feature","properties":{"lines":"10","arr":["10"],"mode":"bus","angle":-67.8,"extra":1,"ei":0,"l0":"10","c0":"#fe6761"},"geometry":{"type":"Point","coordinates":[19.45332,50.176798]}},{"type":"Feature","properties":{"lines":"10","arr":["10"],"mode":"bus","angle":-60.6,"extra":1,"ei":1,"l0":"10","c0":"#fe6761"},"geometry":{"type":"Point","coordinates":[19.452114,50.175082]}},{"type":"Feature","properties":{"lines":"10","arr":["10"],"mode":"bus","angle":60.4,"extra":1,"ei":2,"l0":"10","c0":"#fe6761"},"geometry":{"type":"Point","coordinates":[19.453512,50.171648]}},{"type":"Feature","properties":{"lines":"10","arr":["10"],"mode":"bus","angle":51.4,"extra":1,"ei":3,"l0":"10","c0":"#fe6761"},"geometry":{"type":"Point","coordinates":[19.455273,50.170137]}},{"type":"Feature","properties":{"lines":"10, La","arr":["10","La"],"mode":"bus","angle":-85.1,"l0":"10, ","c0":"#fe6761","l1":"La","c1":"#11a2e3"},"geometry":{"type":"Point","coordinates":[19.458404,50.166928]}},{"type":"Feature","properties":{"lines":"10, La","arr":["10","La"],"mode":"bus","angle":-83.5,"extra":1,"ei":0,"l0":"10, ","c0":"#fe6761","l1":"La","c1":"#11a2e3"},"geometry":{"type":"Point","coordinates":[19.458207,50.165522]}},{"type":"Feature","properties":{"lines":"10, 15, 41, N","arr":["10","15","41","N"],"mode":"bus","angle":39.6,"l0":"10, ","c0":"#fe6761","l1":"15, ","c1":"#7c5001","l2":"41, ","c2":"#03636c","l3":"N","c3":"#b0045c"},"geometry":{"type":"Point","coordinates":[19.485529,50.153149]}},{"type":"Feature","properties":{"lines":"10, 15, 41, N","arr":["10","15","41","N"],"mode":"bus","angle":-5.4,"l0":"10, ","c0":"#fe6761","l1":"15, ","c1":"#7c5001","l2":"41, ","c2":"#03636c","l3":"N","c3":"#b0045c"},"geometry":{"type":"Point","coordinates":[19.471305,50.158299]}},{"type":"Feature","properties":{"lines":"10, 15, 41, N","arr":["10","15","41","N"],"mode":"bus","angle":39.6,"extra":1,"ei":0,"l0":"10, ","c0":"#fe6761","l1":"15, ","c1":"#7c5001","l2":"41, ","c2":"#03636c","l3":"N","c3":"#b0045c"},"geometry":{"type":"Point","coordinates":[19.481001,50.15554]}},{"type":"Feature","properties":{"lines":"10, 15, 41, N","arr":["10","15","41","N"],"mode":"bus","angle":39.4,"extra":1,"ei":1,"l0":"10, ","c0":"#fe6761","l1":"15, ","c1":"#7c5001","l2":"41, ","c2":"#03636c","l3":"N","c3":"#b0045c"},"geometry":{"type":"Point","coordinates":[19.483273,50.154337]}},{"type":"Feature","properties":{"lines":"10, 15, 41, N","arr":["10","15","41","N"],"mode":"bus","angle":39.6,"extra":1,"ei":2,"l0":"10, ","c0":"#fe6761","l1":"15, ","c1":"#7c5001","l2":"41, ","c2":"#03636c","l3":"N","c3":"#b0045c"},"geometry":{"type":"Point","coordinates":[19.487819,50.151934]}},{"type":"Feature","properties":{"lines":"10, 15, 41, N","arr":["10","15","41","N"],"mode":"bus","angle":39.2,"extra":1,"ei":3,"l0":"10, ","c0":"#fe6761","l1":"15, ","c1":"#7c5001","l2":"41, ","c2":"#03636c","l3":"N","c3":"#b0045c"},"geometry":{"type":"Point","coordinates":[19.490093,50.150732]}},{"type":"Feature","properties":{"lines":"10, 15, 41","arr":["10","15","41"],"mode":"bus","angle":9.8,"side":-1,"l0":"10, ","c0":"#fe6761","l1":"15, ","c1":"#7c5001","l2":"41","c2":"#03636c"},"geometry":{"type":"Point","coordinates":[19.470159,50.158222]}},{"type":"Feature","properties":{"lines":"10, 15, 41","arr":["10","15","41"],"mode":"bus","angle":0.8,"mi":1,"l0":"10, ","c0":"#fe6761","l1":"15, ","c1":"#7c5001","l2":"41","c2":"#03636c"},"geometry":{"type":"Point","coordinates":[19.472389,50.158353]}},{"type":"Feature","properties":{"lines":"10, 41","arr":["10","41"],"mode":"bus","angle":10.1,"l0":"10, ","c0":"#fe6761","l1":"41","c1":"#03636c"},"geometry":{"type":"Point","coordinates":[19.473291,50.158291]}},{"type":"Feature","properties":{"lines":"10, 41, N","arr":["10","41","N"],"mode":"bus","angle":27,"l0":"10, ","c0":"#fe6761","l1":"41, ","c1":"#03636c","l2":"N","c2":"#b0045c"},"geometry":{"type":"Point","coordinates":[19.476726,50.157203]}},{"type":"Feature","properties":{"lines":"10, 41, N","arr":["10","41","N"],"mode":"bus","angle":27,"extra":1,"ei":0,"l0":"10, ","c0":"#fe6761","l1":"41, ","c1":"#03636c","l2":"N","c2":"#b0045c"},"geometry":{"type":"Point","coordinates":[19.474878,50.157807]}},{"type":"Feature","properties":{"lines":"15","arr":["15"],"mode":"bus","angle":80,"l0":"15","c0":"#7c5001"},"geometry":{"type":"Point","coordinates":[19.49214,50.158145]}},{"type":"Feature","properties":{"lines":"15","arr":["15"],"mode":"bus","angle":-62.9,"extra":1,"ei":0,"l0":"15","c0":"#7c5001"},"geometry":{"type":"Point","coordinates":[19.4921,50.15115]}},{"type":"Feature","properties":{"lines":"15","arr":["15"],"mode":"bus","angle":-54.9,"extra":1,"ei":1,"l0":"15","c0":"#7c5001"},"geometry":{"type":"Point","coordinates":[19.493545,50.152786]}},{"type":"Feature","properties":{"lines":"15","arr":["15"],"mode":"bus","angle":68.6,"extra":1,"ei":2,"l0":"15","c0":"#7c5001"},"geometry":{"type":"Point","coordinates":[19.493713,50.154564]}},{"type":"Feature","properties":{"lines":"15","arr":["15"],"mode":"bus","angle":76.5,"extra":1,"ei":3,"l0":"15","c0":"#7c5001"},"geometry":{"type":"Point","coordinates":[19.493019,50.156396]}},{"type":"Feature","properties":{"lines":"15","arr":["15"],"mode":"bus","angle":-72.6,"extra":1,"ei":4,"l0":"15","c0":"#7c5001"},"geometry":{"type":"Point","coordinates":[19.49256,50.160036]}},{"type":"Feature","properties":{"lines":"15","arr":["15"],"mode":"bus","angle":-38.7,"extra":1,"ei":5,"l0":"15","c0":"#7c5001"},"geometry":{"type":"Point","coordinates":[19.493563,50.161777]}},{"type":"Feature","properties":{"lines":"15","arr":["15"],"mode":"bus","angle":-41.8,"extra":1,"ei":6,"l0":"15","c0":"#7c5001"},"geometry":{"type":"Point","coordinates":[19.495936,50.162888]}},{"type":"Feature","properties":{"lines":"15","arr":["15"],"mode":"bus","angle":-72.9,"extra":1,"ei":7,"l0":"15","c0":"#7c5001"},"geometry":{"type":"Point","coordinates":[19.497631,50.164403]}},{"type":"Feature","properties":{"lines":"15","arr":["15"],"mode":"bus","angle":-29.1,"l0":"15","c0":"#7c5001"},"geometry":{"type":"Point","coordinates":[19.284589,50.054125]}},{"type":"Feature","properties":{"lines":"15","arr":["15"],"mode":"bus","angle":9.4,"extra":1,"ei":0,"l0":"15","c0":"#7c5001"},"geometry":{"type":"Point","coordinates":[19.274302,50.051535]}},{"type":"Feature","properties":{"lines":"15","arr":["15"],"mode":"bus","angle":8,"extra":1,"ei":1,"l0":"15","c0":"#7c5001"},"geometry":{"type":"Point","coordinates":[19.277223,50.051284]}},{"type":"Feature","properties":{"lines":"15","arr":["15"],"mode":"bus","angle":6.3,"extra":1,"ei":2,"l0":"15","c0":"#7c5001"},"geometry":{"type":"Point","coordinates":[19.280143,50.05103]}},{"type":"Feature","properties":{"lines":"15","arr":["15"],"mode":"bus","angle":-80.1,"extra":1,"ei":3,"l0":"15","c0":"#7c5001"},"geometry":{"type":"Point","coordinates":[19.282285,50.051854]}},{"type":"Feature","properties":{"lines":"15","arr":["15"],"mode":"bus","angle":2.7,"extra":1,"ei":4,"l0":"15","c0":"#7c5001"},"geometry":{"type":"Point","coordinates":[19.288729,50.054713]}},{"type":"Feature","properties":{"lines":"15","arr":["15"],"mode":"bus","angle":-57.2,"extra":1,"ei":5,"l0":"15","c0":"#7c5001"},"geometry":{"type":"Point","coordinates":[19.290904,50.055815]}},{"type":"Feature","properties":{"lines":"15","arr":["15"],"mode":"bus","angle":89.3,"extra":1,"ei":6,"l0":"15","c0":"#7c5001"},"geometry":{"type":"Point","coordinates":[19.291435,50.057591]}},{"type":"Feature","properties":{"lines":"15","arr":["15"],"mode":"bus","angle":85.5,"extra":1,"ei":7,"l0":"15","c0":"#7c5001"},"geometry":{"type":"Point","coordinates":[19.290818,50.059397]}},{"type":"Feature","properties":{"lines":"15","arr":["15"],"mode":"bus","angle":-44.5,"l0":"15","c0":"#7c5001"},"geometry":{"type":"Point","coordinates":[19.296588,50.068012]}},{"type":"Feature","properties":{"lines":"15","arr":["15"],"mode":"bus","angle":-55.2,"extra":1,"ei":0,"l0":"15","c0":"#7c5001"},"geometry":{"type":"Point","coordinates":[19.291589,50.061262]}},{"type":"Feature","properties":{"lines":"15","arr":["15"],"mode":"bus","angle":-78,"extra":1,"ei":1,"l0":"15","c0":"#7c5001"},"geometry":{"type":"Point","coordinates":[19.293042,50.06288]}},{"type":"Feature","properties":{"lines":"15","arr":["15"],"mode":"bus","angle":-73.3,"extra":1,"ei":2,"l0":"15","c0":"#7c5001"},"geometry":{"type":"Point","coordinates":[19.293588,50.064736]}},{"type":"Feature","properties":{"lines":"15","arr":["15"],"mode":"bus","angle":-67.6,"extra":1,"ei":3,"l0":"15","c0":"#7c5001"},"geometry":{"type":"Point","coordinates":[19.294674,50.066491]}},{"type":"Feature","properties":{"lines":"15","arr":["15"],"mode":"bus","angle":-75.5,"extra":1,"ei":4,"l0":"15","c0":"#7c5001"},"geometry":{"type":"Point","coordinates":[19.297707,50.069618]}},{"type":"Feature","properties":{"lines":"15","arr":["15"],"mode":"bus","angle":-33.3,"extra":1,"ei":5,"l0":"15","c0":"#7c5001"},"geometry":{"type":"Point","coordinates":[19.299368,50.071092]}},{"type":"Feature","properties":{"lines":"15","arr":["15"],"mode":"bus","angle":-33.5,"extra":1,"ei":6,"l0":"15","c0":"#7c5001"},"geometry":{"type":"Point","coordinates":[19.30185,50.07211]}},{"type":"Feature","properties":{"lines":"15","arr":["15"],"mode":"bus","angle":-34.7,"extra":1,"ei":7,"l0":"15","c0":"#7c5001"},"geometry":{"type":"Point","coordinates":[19.304283,50.073175]}},{"type":"Feature","properties":{"lines":"15","arr":["15"],"mode":"bus","angle":-40.8,"l0":"15","c0":"#7c5001"},"geometry":{"type":"Point","coordinates":[19.314352,50.080145]}},{"type":"Feature","properties":{"lines":"15","arr":["15"],"mode":"bus","angle":-56.1,"extra":1,"ei":0,"l0":"15","c0":"#7c5001"},"geometry":{"type":"Point","coordinates":[19.306601,50.07458]}},{"type":"Feature","properties":{"lines":"15","arr":["15"],"mode":"bus","angle":-56.1,"extra":1,"ei":1,"l0":"15","c0":"#7c5001"},"geometry":{"type":"Point","coordinates":[19.308246,50.076148]}},{"type":"Feature","properties":{"lines":"15","arr":["15"],"mode":"bus","angle":-44.6,"extra":1,"ei":2,"l0":"15","c0":"#7c5001"},"geometry":{"type":"Point","coordinates":[19.309989,50.077666]}},{"type":"Feature","properties":{"lines":"15","arr":["15"],"mode":"bus","angle":-41.5,"extra":1,"ei":3,"l0":"15","c0":"#7c5001"},"geometry":{"type":"Point","coordinates":[19.312178,50.07893]}},{"type":"Feature","properties":{"lines":"15","arr":["15"],"mode":"bus","angle":-44.2,"extra":1,"ei":4,"l0":"15","c0":"#7c5001"},"geometry":{"type":"Point","coordinates":[19.316628,50.081406]}},{"type":"Feature","properties":{"lines":"15","arr":["15"],"mode":"bus","angle":-73.5,"extra":1,"ei":5,"l0":"15","c0":"#7c5001"},"geometry":{"type":"Point","coordinates":[19.317882,50.083089]}},{"type":"Feature","properties":{"lines":"15","arr":["15"],"mode":"bus","angle":-58.2,"extra":1,"ei":6,"l0":"15","c0":"#7c5001"},"geometry":{"type":"Point","coordinates":[19.319102,50.084793]}},{"type":"Feature","properties":{"lines":"15","arr":["15"],"mode":"bus","angle":-72.1,"extra":1,"ei":7,"l0":"15","c0":"#7c5001"},"geometry":{"type":"Point","coordinates":[19.320126,50.086555]}},{"type":"Feature","properties":{"lines":"15","arr":["15"],"mode":"bus","angle":2.5,"mi":1,"l0":"15","c0":"#7c5001"},"geometry":{"type":"Point","coordinates":[19.312653,50.086708]}},{"type":"Feature","properties":{"lines":"15","arr":["15"],"mode":"bus","angle":-16.1,"extra":1,"ei":0,"l0":"15","c0":"#7c5001"},"geometry":{"type":"Point","coordinates":[19.319033,50.087118]}},{"type":"Feature","properties":{"lines":"15","arr":["15"],"mode":"bus","angle":-3.4,"extra":1,"ei":1,"l0":"15","c0":"#7c5001"},"geometry":{"type":"Point","coordinates":[19.316199,50.086618]}},{"type":"Feature","properties":{"lines":"15","arr":["15"],"mode":"bus","angle":20.4,"extra":1,"ei":2,"l0":"15","c0":"#7c5001"},"geometry":{"type":"Point","coordinates":[19.310333,50.086868]}},{"type":"Feature","properties":{"lines":"15","arr":["15"],"mode":"bus","angle":52.6,"extra":1,"ei":3,"l0":"15","c0":"#7c5001"},"geometry":{"type":"Point","coordinates":[19.308269,50.088166]}},{"type":"Feature","properties":{"lines":"15, A, B","arr":["15","A","B"],"mode":"bus","angle":33.2,"l0":"15, ","c0":"#7c5001","l1":"A, ","c1":"#736adf","l2":"B","c2":"#05617d"},"geometry":{"type":"Point","coordinates":[19.301989,50.09104]}},{"type":"Feature","properties":{"lines":"15, A, B","arr":["15","A","B"],"mode":"bus","angle":33.7,"extra":1,"ei":0,"l0":"15, ","c0":"#7c5001","l1":"A, ","c1":"#736adf","l2":"B","c2":"#05617d"},"geometry":{"type":"Point","coordinates":[19.304992,50.089776]}},{"type":"Feature","properties":{"lines":"15, A, B","arr":["15","A","B"],"mode":"bus","angle":33.7,"extra":1,"ei":1,"l0":"15, ","c0":"#7c5001","l1":"A, ","c1":"#736adf","l2":"B","c2":"#05617d"},"geometry":{"type":"Point","coordinates":[19.300076,50.091859]}},{"type":"Feature","properties":{"lines":"15","arr":["15"],"mode":"bus","angle":-38.7,"l0":"15","c0":"#7c5001"},"geometry":{"type":"Point","coordinates":[19.383946,50.134704]}},{"type":"Feature","properties":{"lines":"15","arr":["15"],"mode":"bus","angle":-51.1,"l0":"15","c0":"#7c5001"},"geometry":{"type":"Point","coordinates":[19.29802,50.09314]}},{"type":"Feature","properties":{"lines":"15","arr":["15"],"mode":"bus","angle":-42.1,"extra":1,"ei":0,"l0":"15","c0":"#7c5001"},"geometry":{"type":"Point","coordinates":[19.394152,50.138776]}},{"type":"Feature","properties":{"lines":"15","arr":["15"],"mode":"bus","angle":-28.7,"extra":1,"ei":1,"l0":"15","c0":"#7c5001"},"geometry":{"type":"Point","coordinates":[19.39192,50.13755]}},{"type":"Feature","properties":{"lines":"15","arr":["15"],"mode":"bus","angle":-24,"extra":1,"ei":2,"l0":"15","c0":"#7c5001"},"geometry":{"type":"Point","coordinates":[19.389228,50.136783]}},{"type":"Feature","properties":{"lines":"15","arr":["15"],"mode":"bus","angle":-30.3,"extra":1,"ei":3,"l0":"15","c0":"#7c5001"},"geometry":{"type":"Point","coordinates":[19.386551,50.135994]}},{"type":"Feature","properties":{"lines":"15","arr":["15"],"mode":"bus","angle":-37.2,"extra":1,"ei":4,"l0":"15","c0":"#7c5001"},"geometry":{"type":"Point","coordinates":[19.381887,50.133688]}},{"type":"Feature","properties":{"lines":"15","arr":["15"],"mode":"bus","angle":-34,"extra":1,"ei":5,"l0":"15","c0":"#7c5001"},"geometry":{"type":"Point","coordinates":[19.379527,50.132557]}},{"type":"Feature","properties":{"lines":"15","arr":["15"],"mode":"bus","angle":-22.5,"extra":1,"ei":6,"l0":"15","c0":"#7c5001"},"geometry":{"type":"Point","coordinates":[19.376886,50.131728]}},{"type":"Feature","properties":{"lines":"15","arr":["15"],"mode":"bus","angle":-21.9,"extra":1,"ei":7,"l0":"15","c0":"#7c5001"},"geometry":{"type":"Point","coordinates":[19.374153,50.131021]}},{"type":"Feature","properties":{"lines":"15, A, B","arr":["15","A","B"],"mode":"bus","angle":-46.7,"mi":2,"l0":"15, ","c0":"#7c5001","l1":"A, ","c1":"#736adf","l2":"B","c2":"#05617d"},"geometry":{"type":"Point","coordinates":[19.300833,50.095081]}},{"type":"Feature","properties":{"lines":"15, A, B","arr":["15","A","B"],"mode":"bus","angle":-46.1,"extra":1,"ei":0,"l0":"15, ","c0":"#7c5001","l1":"A, ","c1":"#736adf","l2":"B","c2":"#05617d"},"geometry":{"type":"Point","coordinates":[19.302943,50.096499]}},{"type":"Feature","properties":{"lines":"15, A, B","arr":["15","A","B"],"mode":"bus","angle":-47.1,"extra":1,"ei":1,"l0":"15, ","c0":"#7c5001","l1":"A, ","c1":"#736adf","l2":"B","c2":"#05617d"},"geometry":{"type":"Point","coordinates":[19.298898,50.093752]}},{"type":"Feature","properties":{"lines":"15, A, B","arr":["15","A","B"],"mode":"bus","angle":75.2,"mi":3,"l0":"15, ","c0":"#7c5001","l1":"A, ","c1":"#736adf","l2":"B","c2":"#05617d"},"geometry":{"type":"Point","coordinates":[19.317368,50.101718]}},{"type":"Feature","properties":{"lines":"15, A, B","arr":["15","A","B"],"mode":"bus","angle":-0.6,"mi":1,"l0":"15, ","c0":"#7c5001","l1":"A, ","c1":"#736adf","l2":"B","c2":"#05617d"},"geometry":{"type":"Point","coordinates":[19.32909,50.102707]}},{"type":"Feature","properties":{"lines":"15, A, B","arr":["15","A","B"],"mode":"bus","angle":-6.4,"mi":2,"l0":"15, ","c0":"#7c5001","l1":"A, ","c1":"#736adf","l2":"B","c2":"#05617d"},"geometry":{"type":"Point","coordinates":[19.320429,50.09993]}},{"type":"Feature","properties":{"lines":"15, A, B","arr":["15","A","B"],"mode":"bus","angle":62.3,"l0":"15, ","c0":"#7c5001","l1":"A, ","c1":"#736adf","l2":"B","c2":"#05617d"},"geometry":{"type":"Point","coordinates":[19.323517,50.100803]}},{"type":"Feature","properties":{"lines":"15, B","arr":["15","B"],"mode":"bus","angle":-29.9,"l0":"15, ","c0":"#7c5001","l1":"B","c1":"#05617d"},"geometry":{"type":"Point","coordinates":[19.323142,50.101778]}},{"type":"Feature","properties":{"lines":"15, B","arr":["15","B"],"mode":"bus","angle":-13.7,"extra":1,"ei":0,"l0":"15, ","c0":"#7c5001","l1":"B","c1":"#05617d"},"geometry":{"type":"Point","coordinates":[19.326965,50.102605]}},{"type":"Feature","properties":{"lines":"15, B","arr":["15","B"],"mode":"bus","angle":-36.7,"extra":1,"ei":1,"l0":"15, ","c0":"#7c5001","l1":"B","c1":"#05617d"},"geometry":{"type":"Point","coordinates":[19.321639,50.101089]}},{"type":"Feature","properties":{"lines":"15, B","arr":["15","B"],"mode":"bus","angle":-21.4,"extra":1,"ei":2,"l0":"15, ","c0":"#7c5001","l1":"B","c1":"#05617d"},"geometry":{"type":"Point","coordinates":[19.319003,50.100261]}},{"type":"Feature","properties":{"lines":"15","arr":["15"],"mode":"bus","angle":-28.8,"l0":"15","c0":"#7c5001"},"geometry":{"type":"Point","coordinates":[19.338266,50.109839]}},{"type":"Feature","properties":{"lines":"15","arr":["15"],"mode":"bus","angle":-29.6,"extra":1,"ei":0,"l0":"15","c0":"#7c5001"},"geometry":{"type":"Point","coordinates":[19.334037,50.108256]}},{"type":"Feature","properties":{"lines":"15","arr":["15"],"mode":"bus","angle":-30.7,"extra":1,"ei":1,"l0":"15","c0":"#7c5001"},"geometry":{"type":"Point","coordinates":[19.336572,50.109219]}},{"type":"Feature","properties":{"lines":"15","arr":["15"],"mode":"bus","angle":-23.4,"extra":1,"ei":2,"l0":"15","c0":"#7c5001"},"geometry":{"type":"Point","coordinates":[19.341841,50.1109]}},{"type":"Feature","properties":{"lines":"15","arr":["15"],"mode":"bus","angle":-39.8,"l0":"15","c0":"#7c5001"},"geometry":{"type":"Point","coordinates":[19.35473,50.115687]}},{"type":"Feature","properties":{"lines":"15","arr":["15"],"mode":"bus","angle":-46.5,"extra":1,"ei":0,"l0":"15","c0":"#7c5001"},"geometry":{"type":"Point","coordinates":[19.362348,50.120783]}},{"type":"Feature","properties":{"lines":"15","arr":["15"],"mode":"bus","angle":-46.5,"extra":1,"ei":1,"l0":"15","c0":"#7c5001"},"geometry":{"type":"Point","coordinates":[19.360318,50.119414]}},{"type":"Feature","properties":{"lines":"15","arr":["15"],"mode":"bus","angle":-46.6,"extra":1,"ei":2,"l0":"15","c0":"#7c5001"},"geometry":{"type":"Point","coordinates":[19.358289,50.118045]}},{"type":"Feature","properties":{"lines":"15","arr":["15"],"mode":"bus","angle":-46.5,"extra":1,"ei":3,"l0":"15","c0":"#7c5001"},"geometry":{"type":"Point","coordinates":[19.356265,50.116672]}},{"type":"Feature","properties":{"lines":"15","arr":["15"],"mode":"bus","angle":-30.7,"extra":1,"ei":4,"l0":"15","c0":"#7c5001"},"geometry":{"type":"Point","coordinates":[19.351583,50.114419]}},{"type":"Feature","properties":{"lines":"15","arr":["15"],"mode":"bus","angle":-30.8,"extra":1,"ei":5,"l0":"15","c0":"#7c5001"},"geometry":{"type":"Point","coordinates":[19.34905,50.113454]}},{"type":"Feature","properties":{"lines":"15","arr":["15"],"mode":"bus","angle":-30.8,"extra":1,"ei":6,"l0":"15","c0":"#7c5001"},"geometry":{"type":"Point","coordinates":[19.346518,50.112488]}},{"type":"Feature","properties":{"lines":"15","arr":["15"],"mode":"bus","angle":-62.9,"mi":2,"l0":"15","c0":"#7c5001"},"geometry":{"type":"Point","coordinates":[19.36875,50.127508]}},{"type":"Feature","properties":{"lines":"15","arr":["15"],"mode":"bus","angle":-64.7,"mi":1,"l0":"15","c0":"#7c5001"},"geometry":{"type":"Point","coordinates":[19.36539,50.123389]}},{"type":"Feature","properties":{"lines":"15","arr":["15"],"mode":"bus","angle":-53.9,"extra":1,"ei":0,"l0":"15","c0":"#7c5001"},"geometry":{"type":"Point","coordinates":[19.364283,50.122206]}},{"type":"Feature","properties":{"lines":"15","arr":["15"],"mode":"bus","angle":-65.9,"extra":1,"ei":0,"l0":"15","c0":"#7c5001"},"geometry":{"type":"Point","coordinates":[19.367118,50.125473]}},{"type":"Feature","properties":{"lines":"15","arr":["15"],"mode":"bus","angle":-62.8,"extra":1,"ei":1,"l0":"15","c0":"#7c5001"},"geometry":{"type":"Point","coordinates":[19.369811,50.128833]}},{"type":"Feature","properties":{"lines":"15","arr":["15"],"mode":"bus","angle":-62,"side":-1,"l0":"15","c0":"#7c5001"},"geometry":{"type":"Point","coordinates":[19.365883,50.123871]}},{"type":"Feature","properties":{"lines":"15, 41, N","arr":["15","41","N"],"mode":"bus","angle":-2.6,"l0":"15, ","c0":"#7c5001","l1":"41, ","c1":"#03636c","l2":"N","c2":"#b0045c"},"geometry":{"type":"Point","coordinates":[19.529241,50.171182]}},{"type":"Feature","properties":{"lines":"15, 41, N","arr":["15","41","N"],"mode":"bus","angle":66.9,"l0":"15, ","c0":"#7c5001","l1":"41, ","c1":"#03636c","l2":"N","c2":"#b0045c"},"geometry":{"type":"Point","coordinates":[19.520079,50.162013]}},{"type":"Feature","properties":{"lines":"15, 41, N","arr":["15","41","N"],"mode":"bus","angle":-44.3,"extra":1,"ei":0,"l0":"15, ","c0":"#7c5001","l1":"41, ","c1":"#03636c","l2":"N","c2":"#b0045c"},"geometry":{"type":"Point","coordinates":[19.525627,50.170568]}},{"type":"Feature","properties":{"lines":"15, 41, N","arr":["15","41","N"],"mode":"bus","angle":-34.3,"extra":1,"ei":1,"l0":"15, ","c0":"#7c5001","l1":"41, ","c1":"#03636c","l2":"N","c2":"#b0045c"},"geometry":{"type":"Point","coordinates":[19.523174,50.169537]}},{"type":"Feature","properties":{"lines":"15, 41, N","arr":["15","41","N"],"mode":"bus","angle":-54.5,"extra":1,"ei":2,"l0":"15, ","c0":"#7c5001","l1":"41, ","c1":"#03636c","l2":"N","c2":"#b0045c"},"geometry":{"type":"Point","coordinates":[19.520944,50.168309]}},{"type":"Feature","properties":{"lines":"15, 41, N","arr":["15","41","N"],"mode":"bus","angle":-66.4,"extra":1,"ei":3,"l0":"15, ","c0":"#7c5001","l1":"41, ","c1":"#03636c","l2":"N","c2":"#b0045c"},"geometry":{"type":"Point","coordinates":[19.519747,50.166592]}},{"type":"Feature","properties":{"lines":"15, 41, N","arr":["15","41","N"],"mode":"bus","angle":88.5,"extra":1,"ei":4,"l0":"15, ","c0":"#7c5001","l1":"41, ","c1":"#03636c","l2":"N","c2":"#b0045c"},"geometry":{"type":"Point","coordinates":[19.519198,50.164743]}},{"type":"Feature","properties":{"lines":"15, 41, N","arr":["15","41","N"],"mode":"bus","angle":84.9,"extra":1,"ei":5,"l0":"15, ","c0":"#7c5001","l1":"41, ","c1":"#03636c","l2":"N","c2":"#b0045c"},"geometry":{"type":"Point","coordinates":[19.52054,50.15936]}},{"type":"Feature","properties":{"lines":"15, 41, N","arr":["15","41","N"],"mode":"bus","angle":-83.5,"extra":1,"ei":6,"l0":"15, ","c0":"#7c5001","l1":"41, ","c1":"#03636c","l2":"N","c2":"#b0045c"},"geometry":{"type":"Point","coordinates":[19.520634,50.15748]}},{"type":"Feature","properties":{"lines":"15, 41, N","arr":["15","41","N"],"mode":"bus","angle":77,"extra":1,"ei":7,"l0":"15, ","c0":"#7c5001","l1":"41, ","c1":"#03636c","l2":"N","c2":"#b0045c"},"geometry":{"type":"Point","coordinates":[19.520851,50.155607]}},{"type":"Feature","properties":{"lines":"15, 41, N","arr":["15","41","N"],"mode":"bus","angle":85.7,"extra":1,"ei":8,"l0":"15, ","c0":"#7c5001","l1":"41, ","c1":"#03636c","l2":"N","c2":"#b0045c"},"geometry":{"type":"Point","coordinates":[19.521469,50.153764]}},{"type":"Feature","properties":{"lines":"15, 41, N","arr":["15","41","N"],"mode":"bus","angle":85,"extra":1,"ei":9,"l0":"15, ","c0":"#7c5001","l1":"41, ","c1":"#03636c","l2":"N","c2":"#b0045c"},"geometry":{"type":"Point","coordinates":[19.521675,50.151881]}},{"type":"Feature","properties":{"lines":"15, 41, N","arr":["15","41","N"],"mode":"bus","angle":-89.7,"l0":"15, ","c0":"#7c5001","l1":"41, ","c1":"#03636c","l2":"N","c2":"#b0045c"},"geometry":{"type":"Point","coordinates":[19.521793,50.146709]}},{"type":"Feature","properties":{"lines":"15, 41, N","arr":["15","41","N"],"mode":"bus","angle":-89.7,"extra":1,"ei":0,"l0":"15, ","c0":"#7c5001","l1":"41, ","c1":"#03636c","l2":"N","c2":"#b0045c"},"geometry":{"type":"Point","coordinates":[19.521818,50.150034]}},{"type":"Feature","properties":{"lines":"15, 41, N","arr":["15","41","N"],"mode":"bus","angle":-89.7,"extra":1,"ei":1,"l0":"15, ","c0":"#7c5001","l1":"41, ","c1":"#03636c","l2":"N","c2":"#b0045c"},"geometry":{"type":"Point","coordinates":[19.521804,50.148146]}},{"type":"Feature","properties":{"lines":"15, 41, N","arr":["15","41","N"],"mode":"bus","angle":-89.7,"extra":1,"ei":2,"l0":"15, ","c0":"#7c5001","l1":"41, ","c1":"#03636c","l2":"N","c2":"#b0045c"},"geometry":{"type":"Point","coordinates":[19.521775,50.144369]}},{"type":"Feature","properties":{"lines":"15, 41, N","arr":["15","41","N"],"mode":"bus","angle":-89.7,"extra":1,"ei":3,"l0":"15, ","c0":"#7c5001","l1":"41, ","c1":"#03636c","l2":"N","c2":"#b0045c"},"geometry":{"type":"Point","coordinates":[19.521759,50.14248]}},{"type":"Feature","properties":{"lines":"15, 41, N","arr":["15","41","N"],"mode":"bus","angle":24.7,"mi":1,"l0":"15, ","c0":"#7c5001","l1":"41, ","c1":"#03636c","l2":"N","c2":"#b0045c"},"geometry":{"type":"Point","coordinates":[19.508143,50.144907]}},{"type":"Feature","properties":{"lines":"15, 41, N","arr":["15","41","N"],"mode":"bus","angle":24.7,"l0":"15, ","c0":"#7c5001","l1":"41, ","c1":"#03636c","l2":"N","c2":"#b0045c"},"geometry":{"type":"Point","coordinates":[19.492936,50.149404]}},{"type":"Feature","properties":{"lines":"15, 41, N","arr":["15","41","N"],"mode":"bus","angle":9.8,"l0":"15, ","c0":"#7c5001","l1":"41, ","c1":"#03636c","l2":"N","c2":"#b0045c"},"geometry":{"type":"Point","coordinates":[19.470178,50.158293]}},{"type":"Feature","properties":{"lines":"15, 41, N","arr":["15","41","N"],"mode":"bus","angle":-13.1,"mi":1,"l0":"15, ","c0":"#7c5001","l1":"41, ","c1":"#03636c","l2":"N","c2":"#b0045c"},"geometry":{"type":"Point","coordinates":[19.472383,50.158383]}},{"type":"Feature","properties":{"lines":"15, 41, N","arr":["15","41","N"],"mode":"bus","angle":-0.2,"extra":1,"ei":0,"l0":"15, ","c0":"#7c5001","l1":"41, ","c1":"#03636c","l2":"N","c2":"#b0045c"},"geometry":{"type":"Point","coordinates":[19.520286,50.142441]}},{"type":"Feature","properties":{"lines":"15, 41, N","arr":["15","41","N"],"mode":"bus","angle":1.2,"extra":1,"ei":1,"l0":"15, ","c0":"#7c5001","l1":"41, ","c1":"#03636c","l2":"N","c2":"#b0045c"},"geometry":{"type":"Point","coordinates":[19.517339,50.142438]}},{"type":"Feature","properties":{"lines":"15, 41, N","arr":["15","41","N"],"mode":"bus","angle":24.7,"extra":1,"ei":2,"l0":"15, ","c0":"#7c5001","l1":"41, ","c1":"#03636c","l2":"N","c2":"#b0045c"},"geometry":{"type":"Point","coordinates":[19.514567,50.143014]}},{"type":"Feature","properties":{"lines":"15, 41, N","arr":["15","41","N"],"mode":"bus","angle":24.6,"extra":1,"ei":3,"l0":"15, ","c0":"#7c5001","l1":"41, ","c1":"#03636c","l2":"N","c2":"#b0045c"},"geometry":{"type":"Point","coordinates":[19.511888,50.143801]}},{"type":"Feature","properties":{"lines":"15, 41, N","arr":["15","41","N"],"mode":"bus","angle":24.9,"extra":1,"ei":4,"l0":"15, ","c0":"#7c5001","l1":"41, ","c1":"#03636c","l2":"N","c2":"#b0045c"},"geometry":{"type":"Point","coordinates":[19.503858,50.14617]}},{"type":"Feature","properties":{"lines":"15, 41, N","arr":["15","41","N"],"mode":"bus","angle":24.9,"extra":1,"ei":5,"l0":"15, ","c0":"#7c5001","l1":"41, ","c1":"#03636c","l2":"N","c2":"#b0045c"},"geometry":{"type":"Point","coordinates":[19.501185,50.146966]}},{"type":"Feature","properties":{"lines":"15, 41, N","arr":["15","41","N"],"mode":"bus","angle":24.7,"extra":1,"ei":6,"l0":"15, ","c0":"#7c5001","l1":"41, ","c1":"#03636c","l2":"N","c2":"#b0045c"},"geometry":{"type":"Point","coordinates":[19.49851,50.147757]}},{"type":"Feature","properties":{"lines":"15, 41, N","arr":["15","41","N"],"mode":"bus","angle":26.4,"extra":1,"ei":7,"l0":"15, ","c0":"#7c5001","l1":"41, ","c1":"#03636c","l2":"N","c2":"#b0045c"},"geometry":{"type":"Point","coordinates":[19.495832,50.148547]}},{"type":"Feature","properties":{"lines":"15","arr":["15"],"mode":"bus","angle":34.8,"l0":"15","c0":"#7c5001"},"geometry":{"type":"Point","coordinates":[19.478874,50.161447]}},{"type":"Feature","properties":{"lines":"15","arr":["15"],"mode":"bus","angle":-82.3,"extra":1,"ei":0,"l0":"15","c0":"#7c5001"},"geometry":{"type":"Point","coordinates":[19.473175,50.159437]}},{"type":"Feature","properties":{"lines":"15","arr":["15"],"mode":"bus","angle":-53,"extra":1,"ei":1,"l0":"15","c0":"#7c5001"},"geometry":{"type":"Point","coordinates":[19.473933,50.161226]}},{"type":"Feature","properties":{"lines":"15","arr":["15"],"mode":"bus","angle":-21.4,"extra":1,"ei":2,"l0":"15","c0":"#7c5001"},"geometry":{"type":"Point","coordinates":[19.476357,50.162225]}},{"type":"Feature","properties":{"lines":"15","arr":["15"],"mode":"bus","angle":36.5,"extra":1,"ei":3,"l0":"15","c0":"#7c5001"},"geometry":{"type":"Point","coordinates":[19.481167,50.160423]}},{"type":"Feature","properties":{"lines":"15","arr":["15"],"mode":"bus","angle":-70.3,"extra":1,"ei":4,"l0":"15","c0":"#7c5001"},"geometry":{"type":"Point","coordinates":[19.481704,50.158886]}},{"type":"Feature","properties":{"lines":"15","arr":["15"],"mode":"bus","angle":-68,"extra":1,"ei":5,"l0":"15","c0":"#7c5001"},"geometry":{"type":"Point","coordinates":[19.480678,50.157116]}},{"type":"Feature","properties":{"lines":"15, A, B","arr":["15","A","B"],"mode":"bus","angle":-66.2,"mi":1,"l0":"15, ","c0":"#7c5001","l1":"A, ","c1":"#736adf","l2":"B","c2":"#05617d"},"geometry":{"type":"Point","coordinates":[19.302283,50.084966]}},{"type":"Feature","properties":{"lines":"15, A, B","arr":["15","A","B"],"mode":"bus","angle":-62.6,"extra":1,"ei":0,"l0":"15, ","c0":"#7c5001","l1":"A, ","c1":"#736adf","l2":"B","c2":"#05617d"},"geometry":{"type":"Point","coordinates":[19.305559,50.088412]}},{"type":"Feature","properties":{"lines":"15, A, B","arr":["15","A","B"],"mode":"bus","angle":-55.1,"extra":1,"ei":1,"l0":"15, ","c0":"#7c5001","l1":"A, ","c1":"#736adf","l2":"B","c2":"#05617d"},"geometry":{"type":"Point","coordinates":[19.304131,50.086763]}},{"type":"Feature","properties":{"lines":"15, A, B","arr":["15","A","B"],"mode":"bus","angle":-68,"extra":1,"ei":2,"l0":"15, ","c0":"#7c5001","l1":"A, ","c1":"#736adf","l2":"B","c2":"#05617d"},"geometry":{"type":"Point","coordinates":[19.301348,50.083461]}},{"type":"Feature","properties":{"lines":"15, A, B","arr":["15","A","B"],"mode":"bus","angle":-47.4,"extra":1,"ei":3,"l0":"15, ","c0":"#7c5001","l1":"A, ","c1":"#736adf","l2":"B","c2":"#05617d"},"geometry":{"type":"Point","coordinates":[19.30011,50.081753]}},{"type":"Feature","properties":{"lines":"15, A, B","arr":["15","A","B"],"mode":"bus","angle":40.9,"mi":3,"l0":"15, ","c0":"#7c5001","l1":"A, ","c1":"#736adf","l2":"B","c2":"#05617d"},"geometry":{"type":"Point","coordinates":[19.297463,50.081378]}},{"type":"Feature","properties":{"lines":"A, B","arr":["A","B"],"mode":"bus","angle":34.2,"mi":1,"l0":"A, ","c0":"#736adf","l1":"B","c1":"#05617d"},"geometry":{"type":"Point","coordinates":[19.294015,50.084551]}},{"type":"Feature","properties":{"lines":"A, B","arr":["A","B"],"mode":"bus","angle":68,"extra":1,"ei":0,"l0":"A, ","c0":"#736adf","l1":"B","c1":"#05617d"},"geometry":{"type":"Point","coordinates":[19.296279,50.082245]}},{"type":"Feature","properties":{"lines":"A, B","arr":["A","B"],"mode":"bus","angle":25.9,"extra":1,"ei":1,"l0":"A, ","c0":"#736adf","l1":"B","c1":"#05617d"},"geometry":{"type":"Point","coordinates":[19.290091,50.085831]}},{"type":"Feature","properties":{"lines":"15, 41","arr":["15","41"],"mode":"bus","angle":-5.5,"side":-1,"l0":"15, ","c0":"#7c5001","l1":"41","c1":"#03636c"},"geometry":{"type":"Point","coordinates":[19.495315,50.148619]}},{"type":"Feature","properties":{"lines":"15, 41, N","arr":["15","41","N"],"mode":"bus","angle":31.7,"l0":"15, ","c0":"#7c5001","l1":"41, ","c1":"#03636c","l2":"N","c2":"#b0045c"},"geometry":{"type":"Point","coordinates":[19.513946,50.174631]}},{"type":"Feature","properties":{"lines":"15, 41, N","arr":["15","41","N"],"mode":"bus","angle":20.3,"extra":1,"ei":0,"l0":"15, ","c0":"#7c5001","l1":"41, ","c1":"#03636c","l2":"N","c2":"#b0045c"},"geometry":{"type":"Point","coordinates":[19.525231,50.171224]}},{"type":"Feature","properties":{"lines":"15, 41, N","arr":["15","41","N"],"mode":"bus","angle":2,"extra":1,"ei":1,"l0":"15, ","c0":"#7c5001","l1":"41, ","c1":"#03636c","l2":"N","c2":"#b0045c"},"geometry":{"type":"Point","coordinates":[19.522357,50.171534]}},{"type":"Feature","properties":{"lines":"15, 41, N","arr":["15","41","N"],"mode":"bus","angle":45.7,"extra":1,"ei":2,"l0":"15, ","c0":"#7c5001","l1":"41, ","c1":"#03636c","l2":"N","c2":"#b0045c"},"geometry":{"type":"Point","coordinates":[19.519522,50.171899]}},{"type":"Feature","properties":{"lines":"15, 41, N","arr":["15","41","N"],"mode":"bus","angle":40.3,"extra":1,"ei":3,"l0":"15, ","c0":"#7c5001","l1":"41, ","c1":"#03636c","l2":"N","c2":"#b0045c"},"geometry":{"type":"Point","coordinates":[19.517605,50.173325]}},{"type":"Feature","properties":{"lines":"15, 41, N","arr":["15","41","N"],"mode":"bus","angle":34.2,"extra":1,"ei":4,"l0":"15, ","c0":"#7c5001","l1":"41, ","c1":"#03636c","l2":"N","c2":"#b0045c"},"geometry":{"type":"Point","coordinates":[19.510041,50.176231]}},{"type":"Feature","properties":{"lines":"15, 41, N","arr":["15","41","N"],"mode":"bus","angle":31.9,"extra":1,"ei":5,"l0":"15, ","c0":"#7c5001","l1":"41, ","c1":"#03636c","l2":"N","c2":"#b0045c"},"geometry":{"type":"Point","coordinates":[19.507575,50.177265]}},{"type":"Feature","properties":{"lines":"15, 41, N","arr":["15","41","N"],"mode":"bus","angle":33,"extra":1,"ei":6,"l0":"15, ","c0":"#7c5001","l1":"41, ","c1":"#03636c","l2":"N","c2":"#b0045c"},"geometry":{"type":"Point","coordinates":[19.505053,50.178241]}},{"type":"Feature","properties":{"lines":"15, 41, N","arr":["15","41","N"],"mode":"bus","angle":33.4,"extra":1,"ei":7,"l0":"15, ","c0":"#7c5001","l1":"41, ","c1":"#03636c","l2":"N","c2":"#b0045c"},"geometry":{"type":"Point","coordinates":[19.50261,50.179296]}},{"type":"Feature","properties":{"lines":"15, 41, N","arr":["15","41","N"],"mode":"bus","angle":35.1,"l0":"15, ","c0":"#7c5001","l1":"41, ","c1":"#03636c","l2":"N","c2":"#b0045c"},"geometry":{"type":"Point","coordinates":[19.497168,50.18159]}},{"type":"Feature","properties":{"lines":"15, 41, N","arr":["15","41","N"],"mode":"bus","angle":30.3,"extra":1,"ei":0,"l0":"15, ","c0":"#7c5001","l1":"41, ","c1":"#03636c","l2":"N","c2":"#b0045c"},"geometry":{"type":"Point","coordinates":[19.500556,50.180226]}},{"type":"Feature","properties":{"lines":"15, 41, N","arr":["15","41","N"],"mode":"bus","angle":14.4,"extra":1,"ei":1,"l0":"15, ","c0":"#7c5001","l1":"41, ","c1":"#03636c","l2":"N","c2":"#b0045c"},"geometry":{"type":"Point","coordinates":[19.495467,50.18208]}},{"type":"Feature","properties":{"lines":"15, 41, N","arr":["15","41","N"],"mode":"bus","angle":-89.4,"extra":1,"ei":2,"l0":"15, ","c0":"#7c5001","l1":"41, ","c1":"#03636c","l2":"N","c2":"#b0045c"},"geometry":{"type":"Point","coordinates":[19.494432,50.183519]}},{"type":"Feature","properties":{"lines":"15, 41, Lb, N","arr":["15","41","Lb","N"],"mode":"bus","angle":11.8,"l0":"15, ","c0":"#7c5001","l1":"41, ","c1":"#03636c","l2":"Lb, ","c2":"#b59607","l3":"N","c3":"#b0045c"},"geometry":{"type":"Point","coordinates":[19.489662,50.184474]}},{"type":"Feature","properties":{"lines":"15, 41, Lb, N","arr":["15","41","Lb","N"],"mode":"bus","angle":11,"extra":1,"ei":0,"l0":"15, ","c0":"#7c5001","l1":"41, ","c1":"#03636c","l2":"Lb, ","c2":"#b59607","l3":"N","c3":"#b0045c"},"geometry":{"type":"Point","coordinates":[19.49297,50.184063]}},{"type":"Feature","properties":{"lines":"15, 41, Lb, N","arr":["15","41","Lb","N"],"mode":"bus","angle":11.9,"extra":1,"ei":1,"l0":"15, ","c0":"#7c5001","l1":"41, ","c1":"#03636c","l2":"Lb, ","c2":"#b59607","l3":"N","c3":"#b0045c"},"geometry":{"type":"Point","coordinates":[19.487199,50.184828]}},{"type":"Feature","properties":{"lines":"15, 41, 42, Lb, Lc, N","arr":["15","41","42","Lb","Lc","N"],"mode":"bus","angle":-12.2,"l0":"15, ","c0":"#7c5001","l1":"41, ","c1":"#03636c","l2":"42, ","c2":"#02af5a","l3":"Lb, ","c3":"#b59607","l4":"Lc, ","c4":"#e16cd6","l5":"N","c5":"#b0045c"},"geometry":{"type":"Point","coordinates":[19.482159,50.184927]}},{"type":"Feature","properties":{"lines":"15, 41, 42, La, Lb, Lc","arr":["15","41","42","La","Lb","Lc"],"mode":"bus","angle":-65.6,"l0":"15, ","c0":"#7c5001","l1":"41, ","c1":"#03636c","l2":"42, ","c2":"#02af5a","l3":"La, ","c3":"#11a2e3","l4":"Lb, ","c4":"#b59607","l5":"Lc","c5":"#e16cd6"},"geometry":{"type":"Point","coordinates":[19.476087,50.181754]}},{"type":"Feature","properties":{"lines":"15, 41, 42, La, Lb, Lc","arr":["15","41","42","La","Lb","Lc"],"mode":"bus","angle":-13.6,"extra":1,"ei":0,"l0":"15, ","c0":"#7c5001","l1":"41, ","c1":"#03636c","l2":"42, ","c2":"#02af5a","l3":"La, ","c3":"#11a2e3","l4":"Lb, ","c4":"#b59607","l5":"Lc","c5":"#e16cd6"},"geometry":{"type":"Point","coordinates":[19.478195,50.184036]}},{"type":"Feature","properties":{"lines":"15, 41, 42, La, Lb, Lc","arr":["15","41","42","La","Lb","Lc"],"mode":"bus","angle":-85.1,"extra":1,"ei":1,"l0":"15, ","c0":"#7c5001","l1":"41, ","c1":"#03636c","l2":"42, ","c2":"#02af5a","l3":"La, ","c3":"#11a2e3","l4":"Lb, ","c4":"#b59607","l5":"Lc","c5":"#e16cd6"},"geometry":{"type":"Point","coordinates":[19.475,50.179137]}},{"type":"Feature","properties":{"lines":"15, 41, 42, La, Lb, Lc","arr":["15","41","42","La","Lb","Lc"],"mode":"bus","angle":-85.4,"mi":1,"l0":"15, ","c0":"#7c5001","l1":"41, ","c1":"#03636c","l2":"42, ","c2":"#02af5a","l3":"La, ","c3":"#11a2e3","l4":"Lb, ","c4":"#b59607","l5":"Lc","c5":"#e16cd6"},"geometry":{"type":"Point","coordinates":[19.473547,50.175981]}},{"type":"Feature","properties":{"lines":"15, 41, 42, La, Lb, Lc","arr":["15","41","42","La","Lb","Lc"],"mode":"bus","angle":-60.9,"extra":1,"ei":0,"l0":"15, ","c0":"#7c5001","l1":"41, ","c1":"#03636c","l2":"42, ","c2":"#02af5a","l3":"La, ","c3":"#11a2e3","l4":"Lb, ","c4":"#b59607","l5":"Lc","c5":"#e16cd6"},"geometry":{"type":"Point","coordinates":[19.474212,50.177116]}},{"type":"Feature","properties":{"lines":"17a, 32a","arr":["17a","32a"],"mode":"bus","angle":-50.6,"l0":"17a, ","c0":"#7b3aa8","l1":"32a","c1":"#05617d"},"geometry":{"type":"Point","coordinates":[19.438308,50.078892]}},{"type":"Feature","properties":{"lines":"17a, 32a","arr":["17a","32a"],"mode":"bus","angle":-81.5,"extra":1,"ei":0,"l0":"17a, ","c0":"#7b3aa8","l1":"32a","c1":"#05617d"},"geometry":{"type":"Point","coordinates":[19.436748,50.076924]}},{"type":"Feature","properties":{"lines":"17a, 32a","arr":["17a","32a"],"mode":"bus","angle":-64,"extra":1,"ei":1,"l0":"17a, ","c0":"#7b3aa8","l1":"32a","c1":"#05617d"},"geometry":{"type":"Point","coordinates":[19.439434,50.080195]}},{"type":"Feature","properties":{"lines":"17a, 32a, 42","arr":["17a","32a","42"],"mode":"bus","angle":-76.2,"l0":"17a, ","c0":"#7b3aa8","l1":"32a, ","c1":"#05617d","l2":"42","c2":"#02af5a"},"geometry":{"type":"Point","coordinates":[19.45864,50.091964]}},{"type":"Feature","properties":{"lines":"17a, 32a, 42","arr":["17a","32a","42"],"mode":"bus","angle":-1.7,"mi":2,"l0":"17a, ","c0":"#7b3aa8","l1":"32a, ","c1":"#05617d","l2":"42","c2":"#02af5a"},"geometry":{"type":"Point","coordinates":[19.447057,50.082288]}},{"type":"Feature","properties":{"lines":"17a, 32a, 42","arr":["17a","32a","42"],"mode":"bus","angle":-20.2,"extra":1,"ei":0,"l0":"17a, ","c0":"#7b3aa8","l1":"32a, ","c1":"#05617d","l2":"42","c2":"#02af5a"},"geometry":{"type":"Point","coordinates":[19.441838,50.08229]}},{"type":"Feature","properties":{"lines":"17a, 32a, 42","arr":["17a","32a","42"],"mode":"bus","angle":-1,"extra":1,"ei":1,"l0":"17a, ","c0":"#7b3aa8","l1":"32a, ","c1":"#05617d","l2":"42","c2":"#02af5a"},"geometry":{"type":"Point","coordinates":[19.444751,50.082255]}},{"type":"Feature","properties":{"lines":"17a, 32a, 42","arr":["17a","32a","42"],"mode":"bus","angle":-27,"extra":1,"ei":2,"l0":"17a, ","c0":"#7b3aa8","l1":"32a, ","c1":"#05617d","l2":"42","c2":"#02af5a"},"geometry":{"type":"Point","coordinates":[19.450467,50.082923]}},{"type":"Feature","properties":{"lines":"17a, 32a, 42","arr":["17a","32a","42"],"mode":"bus","angle":-48.2,"extra":1,"ei":3,"l0":"17a, ","c0":"#7b3aa8","l1":"32a, ","c1":"#05617d","l2":"42","c2":"#02af5a"},"geometry":{"type":"Point","coordinates":[19.452775,50.084074]}},{"type":"Feature","properties":{"lines":"17a, 32a, 42","arr":["17a","32a","42"],"mode":"bus","angle":-46.8,"extra":1,"ei":0,"l0":"17a, ","c0":"#7b3aa8","l1":"32a, ","c1":"#05617d","l2":"42","c2":"#02af5a"},"geometry":{"type":"Point","coordinates":[19.454466,50.08525]}},{"type":"Feature","properties":{"lines":"17a, 32a, 42","arr":["17a","32a","42"],"mode":"bus","angle":-59.1,"extra":1,"ei":1,"l0":"17a, ","c0":"#7b3aa8","l1":"32a, ","c1":"#05617d","l2":"42","c2":"#02af5a"},"geometry":{"type":"Point","coordinates":[19.456439,50.086651]}},{"type":"Feature","properties":{"lines":"17a, 32a, 42","arr":["17a","32a","42"],"mode":"bus","angle":-68.5,"extra":1,"ei":2,"l0":"17a, ","c0":"#7b3aa8","l1":"32a, ","c1":"#05617d","l2":"42","c2":"#02af5a"},"geometry":{"type":"Point","coordinates":[19.457569,50.088395]}},{"type":"Feature","properties":{"lines":"17a, 32a, 42","arr":["17a","32a","42"],"mode":"bus","angle":-80.2,"extra":1,"ei":3,"l0":"17a, ","c0":"#7b3aa8","l1":"32a, ","c1":"#05617d","l2":"42","c2":"#02af5a"},"geometry":{"type":"Point","coordinates":[19.457991,50.090237]}},{"type":"Feature","properties":{"lines":"17a, 32a, 42","arr":["17a","32a","42"],"mode":"bus","angle":-18.9,"extra":1,"ei":4,"l0":"17a, ","c0":"#7b3aa8","l1":"32a, ","c1":"#05617d","l2":"42","c2":"#02af5a"},"geometry":{"type":"Point","coordinates":[19.460538,50.093396]}},{"type":"Feature","properties":{"lines":"17a, 32a, 42","arr":["17a","32a","42"],"mode":"bus","angle":87.4,"extra":1,"ei":5,"l0":"17a, ","c0":"#7b3aa8","l1":"32a, ","c1":"#05617d","l2":"42","c2":"#02af5a"},"geometry":{"type":"Point","coordinates":[19.461647,50.094844]}},{"type":"Feature","properties":{"lines":"17a, 32a, 42","arr":["17a","32a","42"],"mode":"bus","angle":-37.9,"extra":1,"ei":6,"l0":"17a, ","c0":"#7b3aa8","l1":"32a, ","c1":"#05617d","l2":"42","c2":"#02af5a"},"geometry":{"type":"Point","coordinates":[19.462296,50.096526]}},{"type":"Feature","properties":{"lines":"17a, 32a, 42","arr":["17a","32a","42"],"mode":"bus","angle":-60.2,"extra":1,"ei":7,"l0":"17a, ","c0":"#7b3aa8","l1":"32a, ","c1":"#05617d","l2":"42","c2":"#02af5a"},"geometry":{"type":"Point","coordinates":[19.463723,50.098132]}},{"type":"Feature","properties":{"lines":"17a, 32a, 42","arr":["17a","32a","42"],"mode":"bus","angle":-47.3,"mi":1,"l0":"17a, ","c0":"#7b3aa8","l1":"32a, ","c1":"#05617d","l2":"42","c2":"#02af5a"},"geometry":{"type":"Point","coordinates":[19.453187,50.08436]}},{"type":"Feature","properties":{"lines":"17a, 32a, 42","arr":["17a","32a","42"],"mode":"bus","angle":32.4,"mi":3,"l0":"17a, ","c0":"#7b3aa8","l1":"32a, ","c1":"#05617d","l2":"42","c2":"#02af5a"},"geometry":{"type":"Point","coordinates":[19.462833,50.099681]}},{"type":"Feature","properties":{"lines":"17a, 17b, 32b, 42","arr":["17a","17b","32b","42"],"mode":"bus","angle":21.4,"l0":"17a, ","c0":"#7b3aa8","l1":"17b, ","c1":"#f57145","l2":"32b, ","c2":"#119efc","l3":"42","c3":"#02af5a"},"geometry":{"type":"Point","coordinates":[19.460773,50.100282]}},{"type":"Feature","properties":{"lines":"17a, 17b, 32b","arr":["17a","17b","32b"],"mode":"bus","angle":23.1,"l0":"17a, ","c0":"#7b3aa8","l1":"17b, ","c1":"#f57145","l2":"32b","c2":"#119efc"},"geometry":{"type":"Point","coordinates":[19.446917,50.104606]}},{"type":"Feature","properties":{"lines":"17a, 17b, 32b","arr":["17a","17b","32b"],"mode":"bus","angle":29.5,"extra":1,"ei":0,"l0":"17a, ","c0":"#7b3aa8","l1":"17b, ","c1":"#f57145","l2":"32b","c2":"#119efc"},"geometry":{"type":"Point","coordinates":[19.45902,50.100821]}},{"type":"Feature","properties":{"lines":"17a, 17b, 32b","arr":["17a","17b","32b"],"mode":"bus","angle":29.5,"extra":1,"ei":1,"l0":"17a, ","c0":"#7b3aa8","l1":"17b, ","c1":"#f57145","l2":"32b","c2":"#119efc"},"geometry":{"type":"Point","coordinates":[19.45646,50.101757]}},{"type":"Feature","properties":{"lines":"17a, 17b, 32b","arr":["17a","17b","32b"],"mode":"bus","angle":24.6,"extra":1,"ei":2,"l0":"17a, ","c0":"#7b3aa8","l1":"17b, ","c1":"#f57145","l2":"32b","c2":"#119efc"},"geometry":{"type":"Point","coordinates":[19.453853,50.102636]}},{"type":"Feature","properties":{"lines":"17a, 17b, 32b","arr":["17a","17b","32b"],"mode":"bus","angle":23.9,"extra":1,"ei":3,"l0":"17a, ","c0":"#7b3aa8","l1":"17b, ","c1":"#f57145","l2":"32b","c2":"#119efc"},"geometry":{"type":"Point","coordinates":[19.451165,50.10341]}},{"type":"Feature","properties":{"lines":"17a, 17b, 32b","arr":["17a","17b","32b"],"mode":"bus","angle":76.1,"extra":1,"ei":4,"l0":"17a, ","c0":"#7b3aa8","l1":"17b, ","c1":"#f57145","l2":"32b","c2":"#119efc"},"geometry":{"type":"Point","coordinates":[19.444905,50.106722]}},{"type":"Feature","properties":{"lines":"17a, 17b, 32b","arr":["17a","17b","32b"],"mode":"bus","angle":75.8,"extra":1,"ei":5,"l0":"17a, ","c0":"#7b3aa8","l1":"17b, ","c1":"#f57145","l2":"32b","c2":"#119efc"},"geometry":{"type":"Point","coordinates":[19.444211,50.108558]}},{"type":"Feature","properties":{"lines":"17a, 17b, 32b","arr":["17a","17b","32b"],"mode":"bus","angle":76.9,"extra":1,"ei":6,"l0":"17a, ","c0":"#7b3aa8","l1":"17b, ","c1":"#f57145","l2":"32b","c2":"#119efc"},"geometry":{"type":"Point","coordinates":[19.443514,50.110392]}},{"type":"Feature","properties":{"lines":"17a, 17b, 32b","arr":["17a","17b","32b"],"mode":"bus","angle":76.8,"extra":1,"ei":7,"l0":"17a, ","c0":"#7b3aa8","l1":"17b, ","c1":"#f57145","l2":"32b","c2":"#119efc"},"geometry":{"type":"Point","coordinates":[19.442835,50.11223]}},{"type":"Feature","properties":{"lines":"17a, 17b, 32b","arr":["17a","17b","32b"],"mode":"bus","angle":76.5,"l0":"17a, ","c0":"#7b3aa8","l1":"17b, ","c1":"#f57145","l2":"32b","c2":"#119efc"},"geometry":{"type":"Point","coordinates":[19.441595,50.115536]}},{"type":"Feature","properties":{"lines":"17a, 17b, 32b","arr":["17a","17b","32b"],"mode":"bus","angle":76.2,"extra":1,"ei":0,"l0":"17a, ","c0":"#7b3aa8","l1":"17b, ","c1":"#f57145","l2":"32b","c2":"#119efc"},"geometry":{"type":"Point","coordinates":[19.442053,50.114341]}},{"type":"Feature","properties":{"lines":"17a, 17b, 32b","arr":["17a","17b","32b"],"mode":"bus","angle":57.6,"mi":1,"l0":"17a, ","c0":"#7b3aa8","l1":"17b, ","c1":"#f57145","l2":"32b","c2":"#119efc"},"geometry":{"type":"Point","coordinates":[19.436636,50.120196]}},{"type":"Feature","properties":{"lines":"17a, 17b, 32b","arr":["17a","17b","32b"],"mode":"bus","angle":49.8,"extra":1,"ei":0,"l0":"17a, ","c0":"#7b3aa8","l1":"17b, ","c1":"#f57145","l2":"32b","c2":"#119efc"},"geometry":{"type":"Point","coordinates":[19.439062,50.11816]}},{"type":"Feature","properties":{"lines":"17a, 17b, 32b","arr":["17a","17b","32b"],"mode":"bus","angle":68.1,"extra":1,"ei":1,"l0":"17a, ","c0":"#7b3aa8","l1":"17b, ","c1":"#f57145","l2":"32b","c2":"#119efc"},"geometry":{"type":"Point","coordinates":[19.435854,50.121297]}},{"type":"Feature","properties":{"lines":"17a, 17b, 32b","arr":["17a","17b","32b"],"mode":"bus","angle":66.5,"side":-1,"extra":1,"ei":2,"l0":"17a, ","c0":"#7b3aa8","l1":"17b, ","c1":"#f57145","l2":"32b","c2":"#119efc"},"geometry":{"type":"Point","coordinates":[19.434698,50.123034]}},{"type":"Feature","properties":{"lines":"17a, 17b, 32b, P","arr":["17a","17b","32b","P"],"mode":"bus","angle":57.1,"l0":"17a, ","c0":"#7b3aa8","l1":"17b, ","c1":"#f57145","l2":"32b, ","c2":"#119efc","l3":"P","c3":"#f661b9"},"geometry":{"type":"Point","coordinates":[19.431397,50.126123]}},{"type":"Feature","properties":{"lines":"17a, 17b, 32b, P","arr":["17a","17b","32b","P"],"mode":"bus","angle":53.9,"extra":1,"ei":0,"l0":"17a, ","c0":"#7b3aa8","l1":"17b, ","c1":"#f57145","l2":"32b, ","c2":"#119efc","l3":"P","c3":"#f661b9"},"geometry":{"type":"Point","coordinates":[19.433574,50.12417]}},{"type":"Feature","properties":{"lines":"17a, 17b, 32b, P","arr":["17a","17b","32b","P"],"mode":"bus","angle":58.1,"extra":1,"ei":1,"l0":"17a, ","c0":"#7b3aa8","l1":"17b, ","c1":"#f57145","l2":"32b, ","c2":"#119efc","l3":"P","c3":"#f661b9"},"geometry":{"type":"Point","coordinates":[19.430252,50.127287]}},{"type":"Feature","properties":{"lines":"17a, 17b, 32b, P","arr":["17a","17b","32b","P"],"mode":"bus","angle":55.2,"extra":1,"ei":2,"l0":"17a, ","c0":"#7b3aa8","l1":"17b, ","c1":"#f57145","l2":"32b, ","c2":"#119efc","l3":"P","c3":"#f661b9"},"geometry":{"type":"Point","coordinates":[19.42867,50.12888]}},{"type":"Feature","properties":{"lines":"17a, 32b","arr":["17a","32b"],"mode":"bus","angle":-42.7,"mi":1,"l0":"17a, ","c0":"#7b3aa8","l1":"32b","c1":"#119efc"},"geometry":{"type":"Point","coordinates":[19.42625,50.128115]}},{"type":"Feature","properties":{"lines":"17a, 32b","arr":["17a","32b"],"mode":"bus","angle":89.6,"l0":"17a, ","c0":"#7b3aa8","l1":"32b","c1":"#119efc"},"geometry":{"type":"Point","coordinates":[19.424272,50.129437]}},{"type":"Feature","properties":{"lines":"17a, 32b","arr":["17a","32b"],"mode":"bus","angle":-89.4,"extra":1,"ei":0,"l0":"17a, ","c0":"#7b3aa8","l1":"32b","c1":"#119efc"},"geometry":{"type":"Point","coordinates":[19.424541,50.128175]}},{"type":"Feature","properties":{"lines":"17a","arr":["17a"],"mode":"bus","angle":-15.2,"l0":"17a","c0":"#7b3aa8"},"geometry":{"type":"Point","coordinates":[19.424801,50.131726]}},{"type":"Feature","properties":{"lines":"17a, 17b, P","arr":["17a","17b","P"],"mode":"bus","angle":63.3,"l0":"17a, ","c0":"#7b3aa8","l1":"17b, ","c1":"#f57145","l2":"P","c2":"#f661b9"},"geometry":{"type":"Point","coordinates":[19.425329,50.13255]}},{"type":"Feature","properties":{"lines":"17a, 17b, P","arr":["17a","17b","P"],"mode":"bus","angle":62.3,"extra":1,"ei":0,"l0":"17a, ","c0":"#7b3aa8","l1":"17b, ","c1":"#f57145","l2":"P","c2":"#f661b9"},"geometry":{"type":"Point","coordinates":[19.423314,50.13502]}},{"type":"Feature","properties":{"lines":"17a, 17b, P","arr":["17a","17b","P"],"mode":"bus","angle":51.6,"extra":1,"ei":1,"l0":"17a, ","c0":"#7b3aa8","l1":"17b, ","c1":"#f57145","l2":"P","c2":"#f661b9"},"geometry":{"type":"Point","coordinates":[19.427294,50.129993]}},{"type":"Feature","properties":{"lines":"17a, 31, 31B, 32b, 38, 41, 42, P","arr":["17a","31","31B","32b","38","41","42","P"],"mode":"bus","angle":-37.8,"l0":"17a, ","c0":"#7b3aa8","l1":"31, ","c1":"#a72d06","l2":"31B, ","c2":"#b0045c","l3":"32b, ","c3":"#119efc","l4":"38, ","c4":"#b59607","l5":"41, ","c5":"#03636c","l6":"42, ","c6":"#02af5a","l7":"P","c7":"#f661b9"},"geometry":{"type":"Point","coordinates":[19.424702,50.136584]}},{"type":"Feature","properties":{"lines":"17a, 31, 31B, 32b, 38, 41, 42, P","arr":["17a","31","31B","32b","38","41","42","P"],"mode":"bus","angle":-36.2,"mi":1,"l0":"17a, ","c0":"#7b3aa8","l1":"31, ","c1":"#a72d06","l2":"31B, ","c2":"#b0045c","l3":"32b, ","c3":"#119efc","l4":"38, ","c4":"#b59607","l5":"41, ","c5":"#03636c","l6":"42, ","c6":"#02af5a","l7":"P","c7":"#f661b9"},"geometry":{"type":"Point","coordinates":[19.426895,50.137654]}},{"type":"Feature","properties":{"lines":"17a, 31, 32b, 38, 41, P","arr":["17a","31","32b","38","41","P"],"mode":"bus","angle":-35,"side":-1,"l0":"17a, ","c0":"#7b3aa8","l1":"31, ","c1":"#a72d06","l2":"32b, ","c2":"#119efc","l3":"38, ","c3":"#b59607","l4":"41, ","c4":"#03636c","l5":"P","c5":"#f661b9"},"geometry":{"type":"Point","coordinates":[19.426302,50.137343]}},{"type":"Feature","properties":{"lines":"17a, 31, 31B, 32b, 38, 42, P","arr":["17a","31","31B","32b","38","42","P"],"mode":"bus","angle":-34.8,"l0":"17a, ","c0":"#7b3aa8","l1":"31, ","c1":"#a72d06","l2":"31B, ","c2":"#b0045c","l3":"32b, ","c3":"#119efc","l4":"38, ","c4":"#b59607","l5":"42, ","c5":"#02af5a","l6":"P","c6":"#f661b9"},"geometry":{"type":"Point","coordinates":[19.426242,50.137398]}},{"type":"Feature","properties":{"lines":"17a, 17b, 31, 31B, 32b, 38, 41, 42, P","arr":["17a","17b","31","31B","32b","38","41","42","P"],"mode":"bus","angle":41.8,"l0":"17a, ","c0":"#7b3aa8","l1":"17b, ","c1":"#f57145","l2":"31, ","c2":"#a72d06","l3":"31B, ","c3":"#b0045c","l4":"32b, ","c4":"#119efc","l5":"38, ","c5":"#b59607","l6":"41, ","c6":"#03636c","l7":"42, ","c7":"#02af5a","l8":"P","c8":"#f661b9"},"geometry":{"type":"Point","coordinates":[19.417428,50.139264]}},{"type":"Feature","properties":{"lines":"17a, 17b, 31, 31B, 32b, 38, 41, 42, P","arr":["17a","17b","31","31B","32b","38","41","42","P"],"mode":"bus","angle":47,"extra":1,"ei":0,"l0":"17a, ","c0":"#7b3aa8","l1":"17b, ","c1":"#f57145","l2":"31, ","c2":"#a72d06","l3":"31B, ","c3":"#b0045c","l4":"32b, ","c4":"#119efc","l5":"38, ","c5":"#b59607","l6":"41, ","c6":"#03636c","l7":"42, ","c7":"#02af5a","l8":"P","c8":"#f661b9"},"geometry":{"type":"Point","coordinates":[19.421548,50.137063]}},{"type":"Feature","properties":{"lines":"17a, 17b, 31, 31B, 32b, 38, 41, 42, P","arr":["17a","17b","31","31B","32b","38","41","42","P"],"mode":"bus","angle":39.7,"extra":1,"ei":1,"l0":"17a, ","c0":"#7b3aa8","l1":"17b, ","c1":"#f57145","l2":"31, ","c2":"#a72d06","l3":"31B, ","c3":"#b0045c","l4":"32b, ","c4":"#119efc","l5":"38, ","c5":"#b59607","l6":"41, ","c6":"#03636c","l7":"42, ","c7":"#02af5a","l8":"P","c8":"#f661b9"},"geometry":{"type":"Point","coordinates":[19.419269,50.13826]}},{"type":"Feature","properties":{"lines":"17a, 17b, 31, 31B, 32b, 38, 41, 42, P","arr":["17a","17b","31","31B","32b","38","41","42","P"],"mode":"bus","angle":28,"extra":1,"ei":2,"l0":"17a, ","c0":"#7b3aa8","l1":"17b, ","c1":"#f57145","l2":"31, ","c2":"#a72d06","l3":"31B, ","c3":"#b0045c","l4":"32b, ","c4":"#119efc","l5":"38, ","c5":"#b59607","l6":"41, ","c6":"#03636c","l7":"42, ","c7":"#02af5a","l8":"P","c8":"#f661b9"},"geometry":{"type":"Point","coordinates":[19.414624,50.140564]}},{"type":"Feature","properties":{"lines":"17a, 17b, 31, 31B, 32b, 38, 41, 42, P","arr":["17a","17b","31","31B","32b","38","41","42","P"],"mode":"bus","angle":29.2,"extra":1,"ei":3,"l0":"17a, ","c0":"#7b3aa8","l1":"17b, ","c1":"#f57145","l2":"31, ","c2":"#a72d06","l3":"31B, ","c3":"#b0045c","l4":"32b, ","c4":"#119efc","l5":"38, ","c5":"#b59607","l6":"41, ","c6":"#03636c","l7":"42, ","c7":"#02af5a","l8":"P","c8":"#f661b9"},"geometry":{"type":"Point","coordinates":[19.412025,50.141454]}},{"type":"Feature","properties":{"lines":"17b, 32a, 32b","arr":["17b","32a","32b"],"mode":"bus","angle":21.9,"l0":"17b, ","c0":"#f57145","l1":"32a, ","c1":"#05617d","l2":"32b","c2":"#119efc"},"geometry":{"type":"Point","coordinates":[19.450238,50.097749]}},{"type":"Feature","properties":{"lines":"17b, 32a, 32b","arr":["17b","32a","32b"],"mode":"bus","angle":-50.2,"extra":1,"ei":0,"l0":"17b, ","c0":"#f57145","l1":"32a, ","c1":"#05617d","l2":"32b","c2":"#119efc"},"geometry":{"type":"Point","coordinates":[19.460355,50.099406]}},{"type":"Feature","properties":{"lines":"17b, 32a, 32b","arr":["17b","32a","32b"],"mode":"bus","angle":-25.1,"extra":1,"ei":1,"l0":"17b, ","c0":"#f57145","l1":"32a, ","c1":"#05617d","l2":"32b","c2":"#119efc"},"geometry":{"type":"Point","coordinates":[19.457842,50.098476]}},{"type":"Feature","properties":{"lines":"17b, 32a, 32b","arr":["17b","32a","32b"],"mode":"bus","angle":-19.4,"extra":1,"ei":2,"l0":"17b, ","c0":"#f57145","l1":"32a, ","c1":"#05617d","l2":"32b","c2":"#119efc"},"geometry":{"type":"Point","coordinates":[19.45506,50.097874]}},{"type":"Feature","properties":{"lines":"17b, 32a, 32b","arr":["17b","32a","32b"],"mode":"bus","angle":-4.1,"extra":1,"ei":3,"l0":"17b, ","c0":"#f57145","l1":"32a, ","c1":"#05617d","l2":"32b","c2":"#119efc"},"geometry":{"type":"Point","coordinates":[19.452141,50.097673]}},{"type":"Feature","properties":{"lines":"17b, 32a, 32b","arr":["17b","32a","32b"],"mode":"bus","angle":9.6,"extra":1,"ei":4,"l0":"17b, ","c0":"#f57145","l1":"32a, ","c1":"#05617d","l2":"32b","c2":"#119efc"},"geometry":{"type":"Point","coordinates":[19.446408,50.098337]}},{"type":"Feature","properties":{"lines":"17b, 32a, 32b","arr":["17b","32a","32b"],"mode":"bus","angle":20.4,"extra":1,"ei":5,"l0":"17b, ","c0":"#f57145","l1":"32a, ","c1":"#05617d","l2":"32b","c2":"#119efc"},"geometry":{"type":"Point","coordinates":[19.44357,50.098825]}},{"type":"Feature","properties":{"lines":"17b, 32a, 32b","arr":["17b","32a","32b"],"mode":"bus","angle":-3.6,"extra":1,"ei":6,"l0":"17b, ","c0":"#f57145","l1":"32a, ","c1":"#05617d","l2":"32b","c2":"#119efc"},"geometry":{"type":"Point","coordinates":[19.440676,50.098969]}},{"type":"Feature","properties":{"lines":"17b, 32a, 32b","arr":["17b","32a","32b"],"mode":"bus","angle":19.1,"l0":"17b, ","c0":"#f57145","l1":"32a, ","c1":"#05617d","l2":"32b","c2":"#119efc"},"geometry":{"type":"Point","coordinates":[19.419443,50.102159]}},{"type":"Feature","properties":{"lines":"17b, 32a, 32b","arr":["17b","32a","32b"],"mode":"bus","angle":-47.8,"extra":1,"ei":0,"l0":"17b, ","c0":"#f57145","l1":"32a, ","c1":"#05617d","l2":"32b","c2":"#119efc"},"geometry":{"type":"Point","coordinates":[19.437205,50.098199]}},{"type":"Feature","properties":{"lines":"17b, 32a, 32b","arr":["17b","32a","32b"],"mode":"bus","angle":14,"extra":1,"ei":1,"l0":"17b, ","c0":"#f57145","l1":"32a, ","c1":"#05617d","l2":"32b","c2":"#119efc"},"geometry":{"type":"Point","coordinates":[19.434771,50.097447]}},{"type":"Feature","properties":{"lines":"17b, 32a, 32b","arr":["17b","32a","32b"],"mode":"bus","angle":15.1,"extra":1,"ei":2,"l0":"17b, ","c0":"#f57145","l1":"32a, ","c1":"#05617d","l2":"32b","c2":"#119efc"},"geometry":{"type":"Point","coordinates":[19.431925,50.097936]}},{"type":"Feature","properties":{"lines":"17b, 32a, 32b","arr":["17b","32a","32b"],"mode":"bus","angle":14.8,"extra":1,"ei":3,"l0":"17b, ","c0":"#f57145","l1":"32a, ","c1":"#05617d","l2":"32b","c2":"#119efc"},"geometry":{"type":"Point","coordinates":[19.429075,50.098417]}},{"type":"Feature","properties":{"lines":"17b, 32a, 32b","arr":["17b","32a","32b"],"mode":"bus","angle":28.9,"extra":1,"ei":4,"l0":"17b, ","c0":"#f57145","l1":"32a, ","c1":"#05617d","l2":"32b","c2":"#119efc"},"geometry":{"type":"Point","coordinates":[19.426304,50.099042]}},{"type":"Feature","properties":{"lines":"17b, 32a, 32b","arr":["17b","32a","32b"],"mode":"bus","angle":70,"extra":1,"ei":5,"l0":"17b, ","c0":"#f57145","l1":"32a, ","c1":"#05617d","l2":"32b","c2":"#119efc"},"geometry":{"type":"Point","coordinates":[19.424023,50.10016]}},{"type":"Feature","properties":{"lines":"17b, 32a, 32b","arr":["17b","32a","32b"],"mode":"bus","angle":4.8,"extra":1,"ei":6,"l0":"17b, ","c0":"#f57145","l1":"32a, ","c1":"#05617d","l2":"32b","c2":"#119efc"},"geometry":{"type":"Point","coordinates":[19.422793,50.101704]}},{"type":"Feature","properties":{"lines":"17b, 32a, 32b","arr":["17b","32a","32b"],"mode":"bus","angle":33.8,"extra":1,"ei":7,"l0":"17b, ","c0":"#f57145","l1":"32a, ","c1":"#05617d","l2":"32b","c2":"#119efc"},"geometry":{"type":"Point","coordinates":[19.417231,50.10282]}},{"type":"Feature","properties":{"lines":"17b, 32a, 32b","arr":["17b","32a","32b"],"mode":"bus","angle":84.3,"extra":1,"ei":8,"l0":"17b, ","c0":"#f57145","l1":"32a, ","c1":"#05617d","l2":"32b","c2":"#119efc"},"geometry":{"type":"Point","coordinates":[19.41573,50.104336]}},{"type":"Feature","properties":{"lines":"17b, 32a, 32b","arr":["17b","32a","32b"],"mode":"bus","angle":81,"extra":1,"ei":9,"l0":"17b, ","c0":"#f57145","l1":"32a, ","c1":"#05617d","l2":"32b","c2":"#119efc"},"geometry":{"type":"Point","coordinates":[19.415936,50.106203]}},{"type":"Feature","properties":{"lines":"17b, 32a, 32b","arr":["17b","32a","32b"],"mode":"bus","angle":77.2,"extra":1,"ei":10,"l0":"17b, ","c0":"#f57145","l1":"32a, ","c1":"#05617d","l2":"32b","c2":"#119efc"},"geometry":{"type":"Point","coordinates":[19.415287,50.108045]}},{"type":"Feature","properties":{"lines":"17b, 32a, 32b","arr":["17b","32a","32b"],"mode":"bus","angle":77.1,"extra":1,"ei":11,"l0":"17b, ","c0":"#f57145","l1":"32a, ","c1":"#05617d","l2":"32b","c2":"#119efc"},"geometry":{"type":"Point","coordinates":[19.414647,50.109888]}},{"type":"Feature","properties":{"lines":"17b, 32a, 32b","arr":["17b","32a","32b"],"mode":"bus","angle":77.1,"extra":1,"ei":12,"l0":"17b, ","c0":"#f57145","l1":"32a, ","c1":"#05617d","l2":"32b","c2":"#119efc"},"geometry":{"type":"Point","coordinates":[19.413985,50.111729]}},{"type":"Feature","properties":{"lines":"17b, 32a, 32b","arr":["17b","32a","32b"],"mode":"bus","angle":76.8,"extra":1,"ei":13,"l0":"17b, ","c0":"#f57145","l1":"32a, ","c1":"#05617d","l2":"32b","c2":"#119efc"},"geometry":{"type":"Point","coordinates":[19.413335,50.113571]}},{"type":"Feature","properties":{"lines":"17b, 32a, 32b","arr":["17b","32a","32b"],"mode":"bus","angle":81.5,"l0":"17b, ","c0":"#f57145","l1":"32a, ","c1":"#05617d","l2":"32b","c2":"#119efc"},"geometry":{"type":"Point","coordinates":[19.41266,50.11555]}},{"type":"Feature","properties":{"lines":"17b, 32a, 32b, 35","arr":["17b","32a","32b","35"],"mode":"bus","angle":76.7,"l0":"17b, ","c0":"#f57145","l1":"32a, ","c1":"#05617d","l2":"32b, ","c2":"#119efc","l3":"35","c3":"#126804"},"geometry":{"type":"Point","coordinates":[19.410712,50.121458]}},{"type":"Feature","properties":{"lines":"17b, 32a, 32b, 35","arr":["17b","32a","32b","35"],"mode":"bus","angle":-89.5,"extra":1,"ei":0,"l0":"17b, ","c0":"#f57145","l1":"32a, ","c1":"#05617d","l2":"32b, ","c2":"#119efc","l3":"35","c3":"#126804"},"geometry":{"type":"Point","coordinates":[19.412599,50.116942]}},{"type":"Feature","properties":{"lines":"17b, 32a, 32b, 35","arr":["17b","32a","32b","35"],"mode":"bus","angle":70.8,"extra":1,"ei":1,"l0":"17b, ","c0":"#f57145","l1":"32a, ","c1":"#05617d","l2":"32b, ","c2":"#119efc","l3":"35","c3":"#126804"},"geometry":{"type":"Point","coordinates":[19.411915,50.118759]}},{"type":"Feature","properties":{"lines":"17b, 32a, 32b, 35","arr":["17b","32a","32b","35"],"mode":"bus","angle":-85,"extra":1,"ei":2,"l0":"17b, ","c0":"#f57145","l1":"32a, ","c1":"#05617d","l2":"32b, ","c2":"#119efc","l3":"35","c3":"#126804"},"geometry":{"type":"Point","coordinates":[19.410396,50.124279]}},{"type":"Feature","properties":{"lines":"17b, 32a, 32b, 35","arr":["17b","32a","32b","35"],"mode":"bus","angle":-84.8,"extra":1,"ei":3,"l0":"17b, ","c0":"#f57145","l1":"32a, ","c1":"#05617d","l2":"32b, ","c2":"#119efc","l3":"35","c3":"#126804"},"geometry":{"type":"Point","coordinates":[19.410662,50.126159]}},{"type":"Feature","properties":{"lines":"17b, 30, 31, 32a, 32b, 35","arr":["17b","30","31","32a","32b","35"],"mode":"bus","angle":74.4,"l0":"17b, ","c0":"#f57145","l1":"30, ","c1":"#c17aef","l2":"31, ","c2":"#a72d06","l3":"32a, ","c3":"#05617d","l4":"32b, ","c4":"#119efc","l5":"35","c5":"#126804"},"geometry":{"type":"Point","coordinates":[19.408242,50.130788]}},{"type":"Feature","properties":{"lines":"17b, 30, 31, 32a, 32b, 35","arr":["17b","30","31","32a","32b","35"],"mode":"bus","angle":70.8,"extra":1,"ei":0,"l0":"17b, ","c0":"#f57145","l1":"30, ","c1":"#c17aef","l2":"31, ","c2":"#a72d06","l3":"32a, ","c3":"#05617d","l4":"32b, ","c4":"#119efc","l5":"35","c5":"#126804"},"geometry":{"type":"Point","coordinates":[19.409896,50.12852]}},{"type":"Feature","properties":{"lines":"17b, 30, 31, 32a, 32b, 35","arr":["17b","30","31","32a","32b","35"],"mode":"bus","angle":-81.8,"extra":1,"ei":1,"l0":"17b, ","c0":"#f57145","l1":"30, ","c1":"#c17aef","l2":"31, ","c2":"#a72d06","l3":"32a, ","c3":"#05617d","l4":"32b, ","c4":"#119efc","l5":"35","c5":"#126804"},"geometry":{"type":"Point","coordinates":[19.408348,50.132039]}},{"type":"Feature","properties":{"lines":"17b, 30, 31, 32a, 32b, 35","arr":["17b","30","31","32a","32b","35"],"mode":"bus","angle":-79.6,"extra":1,"ei":2,"l0":"17b, ","c0":"#f57145","l1":"30, ","c1":"#c17aef","l2":"31, ","c2":"#a72d06","l3":"32a, ","c3":"#05617d","l4":"32b, ","c4":"#119efc","l5":"35","c5":"#126804"},"geometry":{"type":"Point","coordinates":[19.40879,50.133906]}},{"type":"Feature","properties":{"lines":"17b, 30, 32a, 32b, 35","arr":["17b","30","32a","32b","35"],"mode":"bus","angle":78.8,"l0":"17b, ","c0":"#f57145","l1":"30, ","c1":"#c17aef","l2":"32a, ","c2":"#05617d","l3":"32b, ","c3":"#119efc","l4":"35","c4":"#126804"},"geometry":{"type":"Point","coordinates":[19.409046,50.135328]}},{"type":"Feature","properties":{"lines":"17b, 30, 32a, 32b, 35","arr":["17b","30","32a","32b","35"],"mode":"bus","angle":51.5,"mi":1,"l0":"17b, ","c0":"#f57145","l1":"30, ","c1":"#c17aef","l2":"32a, ","c2":"#05617d","l3":"32b, ","c3":"#119efc","l4":"35","c4":"#126804"},"geometry":{"type":"Point","coordinates":[19.407193,50.137392]}},{"type":"Feature","properties":{"lines":"25","arr":["25"],"mode":"bus","angle":-71.2,"l0":"25","c0":"#018c47"},"geometry":{"type":"Point","coordinates":[19.398966,50.135628]}},{"type":"Feature","properties":{"lines":"25","arr":["25"],"mode":"bus","angle":-7,"mi":1,"l0":"25","c0":"#018c47"},"geometry":{"type":"Point","coordinates":[19.389944,50.132598]}},{"type":"Feature","properties":{"lines":"25","arr":["25"],"mode":"bus","angle":-23,"extra":1,"ei":0,"l0":"25","c0":"#018c47"},"geometry":{"type":"Point","coordinates":[19.397065,50.134126]}},{"type":"Feature","properties":{"lines":"25","arr":["25"],"mode":"bus","angle":-19.2,"extra":1,"ei":1,"l0":"25","c0":"#018c47"},"geometry":{"type":"Point","coordinates":[19.394297,50.13348]}},{"type":"Feature","properties":{"lines":"25","arr":["25"],"mode":"bus","angle":-16.2,"extra":1,"ei":2,"l0":"25","c0":"#018c47"},"geometry":{"type":"Point","coordinates":[19.385747,50.132849]}},{"type":"Feature","properties":{"lines":"25","arr":["25"],"mode":"bus","angle":-6.1,"extra":1,"ei":3,"l0":"25","c0":"#018c47"},"geometry":{"type":"Point","coordinates":[19.382899,50.132397]}},{"type":"Feature","properties":{"lines":"25","arr":["25"],"mode":"bus","angle":-43.8,"l0":"25","c0":"#018c47"},"geometry":{"type":"Point","coordinates":[19.378547,50.119939]}},{"type":"Feature","properties":{"lines":"25","arr":["25"],"mode":"bus","angle":-80.7,"extra":1,"ei":0,"l0":"25","c0":"#018c47"},"geometry":{"type":"Point","coordinates":[19.380998,50.131355]}},{"type":"Feature","properties":{"lines":"25","arr":["25"],"mode":"bus","angle":-55.8,"extra":1,"ei":1,"l0":"25","c0":"#018c47"},"geometry":{"type":"Point","coordinates":[19.380211,50.129554]}},{"type":"Feature","properties":{"lines":"25","arr":["25"],"mode":"bus","angle":65.5,"extra":1,"ei":2,"l0":"25","c0":"#018c47"},"geometry":{"type":"Point","coordinates":[19.37927,50.127916]}},{"type":"Feature","properties":{"lines":"25","arr":["25"],"mode":"bus","angle":65.3,"extra":1,"ei":3,"l0":"25","c0":"#018c47"},"geometry":{"type":"Point","coordinates":[19.380468,50.126193]}},{"type":"Feature","properties":{"lines":"25","arr":["25"],"mode":"bus","angle":65.2,"extra":1,"ei":4,"l0":"25","c0":"#018c47"},"geometry":{"type":"Point","coordinates":[19.381704,50.124478]}},{"type":"Feature","properties":{"lines":"25","arr":["25"],"mode":"bus","angle":-47.1,"extra":1,"ei":5,"l0":"25","c0":"#018c47"},"geometry":{"type":"Point","coordinates":[19.382327,50.122792]}},{"type":"Feature","properties":{"lines":"25","arr":["25"],"mode":"bus","angle":-75,"extra":1,"ei":6,"l0":"25","c0":"#018c47"},"geometry":{"type":"Point","coordinates":[19.380581,50.121344]}},{"type":"Feature","properties":{"lines":"25","arr":["25"],"mode":"bus","angle":-43.9,"extra":1,"ei":7,"l0":"25","c0":"#018c47"},"geometry":{"type":"Point","coordinates":[19.376472,50.118668]}},{"type":"Feature","properties":{"lines":"25","arr":["25"],"mode":"bus","angle":-65,"extra":1,"ei":8,"l0":"25","c0":"#018c47"},"geometry":{"type":"Point","coordinates":[19.375035,50.117039]}},{"type":"Feature","properties":{"lines":"25","arr":["25"],"mode":"bus","angle":-64.8,"extra":1,"ei":9,"l0":"25","c0":"#018c47"},"geometry":{"type":"Point","coordinates":[19.373763,50.115336]}},{"type":"Feature","properties":{"lines":"25","arr":["25"],"mode":"bus","angle":-64.3,"extra":1,"ei":10,"l0":"25","c0":"#018c47"},"geometry":{"type":"Point","coordinates":[19.372502,50.113629]}},{"type":"Feature","properties":{"lines":"25","arr":["25"],"mode":"bus","angle":-65.2,"extra":1,"ei":11,"l0":"25","c0":"#018c47"},"geometry":{"type":"Point","coordinates":[19.37126,50.111916]}},{"type":"Feature","properties":{"lines":"25","arr":["25"],"mode":"bus","angle":-66.1,"extra":1,"ei":12,"l0":"25","c0":"#018c47"},"geometry":{"type":"Point","coordinates":[19.37018,50.110162]}},{"type":"Feature","properties":{"lines":"25","arr":["25"],"mode":"bus","angle":-64.4,"extra":1,"ei":13,"l0":"25","c0":"#018c47"},"geometry":{"type":"Point","coordinates":[19.368908,50.108458]}},{"type":"Feature","properties":{"lines":"25","arr":["25"],"mode":"bus","angle":-58.7,"l0":"25","c0":"#018c47"},"geometry":{"type":"Point","coordinates":[19.366566,50.106728]}},{"type":"Feature","properties":{"lines":"25","arr":["25"],"mode":"bus","angle":-51.2,"extra":1,"ei":0,"l0":"25","c0":"#018c47"},"geometry":{"type":"Point","coordinates":[19.365399,50.105558]}},{"type":"Feature","properties":{"lines":"25, 38","arr":["25","38"],"mode":"bus","angle":-0.2,"l0":"25, ","c0":"#018c47","l1":"38","c1":"#b59607"},"geometry":{"type":"Point","coordinates":[19.347089,50.103979]}},{"type":"Feature","properties":{"lines":"25, 38","arr":["25","38"],"mode":"bus","angle":-11.9,"extra":1,"ei":0,"l0":"25, ","c0":"#018c47","l1":"38","c1":"#b59607"},"geometry":{"type":"Point","coordinates":[19.363906,50.105393]}},{"type":"Feature","properties":{"lines":"25, 38","arr":["25","38"],"mode":"bus","angle":-11.9,"extra":1,"ei":1,"l0":"25, ","c0":"#018c47","l1":"38","c1":"#b59607"},"geometry":{"type":"Point","coordinates":[19.361022,50.105005]}},{"type":"Feature","properties":{"lines":"25, 38","arr":["25","38"],"mode":"bus","angle":-11.9,"extra":1,"ei":2,"l0":"25, ","c0":"#018c47","l1":"38","c1":"#b59607"},"geometry":{"type":"Point","coordinates":[19.358138,50.104617]}},{"type":"Feature","properties":{"lines":"25, 38","arr":["25","38"],"mode":"bus","angle":-12.8,"extra":1,"ei":3,"l0":"25, ","c0":"#018c47","l1":"38","c1":"#b59607"},"geometry":{"type":"Point","coordinates":[19.355254,50.10423]}},{"type":"Feature","properties":{"lines":"25, 38","arr":["25","38"],"mode":"bus","angle":-1.4,"extra":1,"ei":4,"l0":"25, ","c0":"#018c47","l1":"38","c1":"#b59607"},"geometry":{"type":"Point","coordinates":[19.352327,50.104065]}},{"type":"Feature","properties":{"lines":"25, 38","arr":["25","38"],"mode":"bus","angle":-1.6,"extra":1,"ei":5,"l0":"25, ","c0":"#018c47","l1":"38","c1":"#b59607"},"geometry":{"type":"Point","coordinates":[19.349381,50.104017]}},{"type":"Feature","properties":{"lines":"25, 38","arr":["25","38"],"mode":"bus","angle":13.9,"extra":1,"ei":6,"l0":"25, ","c0":"#018c47","l1":"38","c1":"#b59607"},"geometry":{"type":"Point","coordinates":[19.343576,50.104454]}},{"type":"Feature","properties":{"lines":"25, 38","arr":["25","38"],"mode":"bus","angle":12.3,"extra":1,"ei":7,"l0":"25, ","c0":"#018c47","l1":"38","c1":"#b59607"},"geometry":{"type":"Point","coordinates":[19.340705,50.104879]}},{"type":"Feature","properties":{"lines":"25, 38","arr":["25","38"],"mode":"bus","angle":-11.1,"extra":1,"ei":8,"l0":"25, ","c0":"#018c47","l1":"38","c1":"#b59607"},"geometry":{"type":"Point","coordinates":[19.337787,50.105018]}},{"type":"Feature","properties":{"lines":"25, 38","arr":["25","38"],"mode":"bus","angle":-27.3,"extra":1,"ei":9,"l0":"25, ","c0":"#018c47","l1":"38","c1":"#b59607"},"geometry":{"type":"Point","coordinates":[19.334972,50.104463]}},{"type":"Feature","properties":{"lines":"25, 38","arr":["25","38"],"mode":"bus","angle":-39,"extra":1,"ei":10,"l0":"25, ","c0":"#018c47","l1":"38","c1":"#b59607"},"geometry":{"type":"Point","coordinates":[19.33266,50.103296]}},{"type":"Feature","properties":{"lines":"25, 38","arr":["25","38"],"mode":"bus","angle":-40.7,"extra":1,"ei":11,"l0":"25, ","c0":"#018c47","l1":"38","c1":"#b59607"},"geometry":{"type":"Point","coordinates":[19.330375,50.102104]}},{"type":"Feature","properties":{"lines":"25, 38","arr":["25","38"],"mode":"bus","angle":-81.3,"l0":"25, ","c0":"#018c47","l1":"38","c1":"#b59607"},"geometry":{"type":"Point","coordinates":[19.36414,50.101466]}},{"type":"Feature","properties":{"lines":"25, 38","arr":["25","38"],"mode":"bus","angle":-81.4,"extra":1,"ei":0,"l0":"25, ","c0":"#018c47","l1":"38","c1":"#b59607"},"geometry":{"type":"Point","coordinates":[19.363382,50.098288]}},{"type":"Feature","properties":{"lines":"25, 38","arr":["25","38"],"mode":"bus","angle":-81.3,"extra":1,"ei":1,"l0":"25, ","c0":"#018c47","l1":"38","c1":"#b59607"},"geometry":{"type":"Point","coordinates":[19.363826,50.100155]}},{"type":"Feature","properties":{"lines":"25, 38","arr":["25","38"],"mode":"bus","angle":-80.7,"extra":1,"ei":2,"l0":"25, ","c0":"#018c47","l1":"38","c1":"#b59607"},"geometry":{"type":"Point","coordinates":[19.364702,50.103889]}},{"type":"Feature","properties":{"lines":"25, 38","arr":["25","38"],"mode":"bus","angle":-67.5,"l0":"25, ","c0":"#018c47","l1":"38","c1":"#b59607"},"geometry":{"type":"Point","coordinates":[19.360163,50.08924]}},{"type":"Feature","properties":{"lines":"25, 38","arr":["25","38"],"mode":"bus","angle":-59.8,"extra":1,"ei":0,"l0":"25, ","c0":"#018c47","l1":"38","c1":"#b59607"},"geometry":{"type":"Point","coordinates":[19.352645,50.083367]}},{"type":"Feature","properties":{"lines":"25, 38","arr":["25","38"],"mode":"bus","angle":-53.9,"extra":1,"ei":1,"l0":"25, ","c0":"#018c47","l1":"38","c1":"#b59607"},"geometry":{"type":"Point","coordinates":[19.354358,50.084902]}},{"type":"Feature","properties":{"lines":"25, 38","arr":["25","38"],"mode":"bus","angle":-44.5,"extra":1,"ei":2,"l0":"25, ","c0":"#018c47","l1":"38","c1":"#b59607"},"geometry":{"type":"Point","coordinates":[19.356232,50.086355]}},{"type":"Feature","properties":{"lines":"25, 38","arr":["25","38"],"mode":"bus","angle":-45.6,"extra":1,"ei":3,"l0":"25, ","c0":"#018c47","l1":"38","c1":"#b59607"},"geometry":{"type":"Point","coordinates":[19.358409,50.087625]}},{"type":"Feature","properties":{"lines":"25, 38","arr":["25","38"],"mode":"bus","angle":83.3,"extra":1,"ei":4,"l0":"25, ","c0":"#018c47","l1":"38","c1":"#b59607"},"geometry":{"type":"Point","coordinates":[19.360485,50.091]}},{"type":"Feature","properties":{"lines":"25, 38","arr":["25","38"],"mode":"bus","angle":-89.6,"extra":1,"ei":5,"l0":"25, ","c0":"#018c47","l1":"38","c1":"#b59607"},"geometry":{"type":"Point","coordinates":[19.360167,50.092876]}},{"type":"Feature","properties":{"lines":"25, 38","arr":["25","38"],"mode":"bus","angle":-66.4,"extra":1,"ei":6,"l0":"25, ","c0":"#018c47","l1":"38","c1":"#b59607"},"geometry":{"type":"Point","coordinates":[19.360977,50.094672]}},{"type":"Feature","properties":{"lines":"25, 38","arr":["25","38"],"mode":"bus","angle":-61.1,"extra":1,"ei":7,"l0":"25, ","c0":"#018c47","l1":"38","c1":"#b59607"},"geometry":{"type":"Point","coordinates":[19.362197,50.09639]}},{"type":"Feature","properties":{"lines":"25","arr":["25"],"mode":"bus","angle":77.3,"l0":"25","c0":"#018c47"},"geometry":{"type":"Point","coordinates":[19.277135,50.111619]}},{"type":"Feature","properties":{"lines":"29, 33","arr":["29","33"],"mode":"bus","angle":-74.6,"l0":"29, ","c0":"#5a5d02","l1":"33","c1":"#52ac3c"},"geometry":{"type":"Point","coordinates":[19.399765,50.145845]}},{"type":"Feature","properties":{"lines":"29","arr":["29"],"mode":"bus","angle":86.4,"l0":"29","c0":"#5a5d02"},"geometry":{"type":"Point","coordinates":[19.398596,50.150178]}},{"type":"Feature","properties":{"lines":"29","arr":["29"],"mode":"bus","angle":59.5,"extra":1,"ei":0,"l0":"29","c0":"#5a5d02"},"geometry":{"type":"Point","coordinates":[19.399709,50.148564]}},{"type":"Feature","properties":{"lines":"29","arr":["29"],"mode":"bus","angle":-84,"extra":1,"ei":1,"l0":"29","c0":"#5a5d02"},"geometry":{"type":"Point","coordinates":[19.398871,50.152163]}},{"type":"Feature","properties":{"lines":"29","arr":["29"],"mode":"bus","angle":13.2,"mi":1,"l0":"29","c0":"#5a5d02"},"geometry":{"type":"Point","coordinates":[19.402008,50.152698]}},{"type":"Feature","properties":{"lines":"29","arr":["29"],"mode":"bus","angle":6.5,"mi":5,"l0":"29","c0":"#5a5d02"},"geometry":{"type":"Point","coordinates":[19.397172,50.166115]}},{"type":"Feature","properties":{"lines":"29","arr":["29"],"mode":"bus","angle":-14.7,"extra":1,"ei":0,"l0":"29","c0":"#5a5d02"},"geometry":{"type":"Point","coordinates":[19.402658,50.166195]}},{"type":"Feature","properties":{"lines":"29","arr":["29"],"mode":"bus","angle":5.7,"extra":1,"ei":1,"l0":"29","c0":"#5a5d02"},"geometry":{"type":"Point","coordinates":[19.399769,50.165927]}},{"type":"Feature","properties":{"lines":"29","arr":["29"],"mode":"bus","angle":6.3,"extra":1,"ei":2,"l0":"29","c0":"#5a5d02"},"geometry":{"type":"Point","coordinates":[19.393911,50.166346]}},{"type":"Feature","properties":{"lines":"29","arr":["29"],"mode":"bus","angle":-34.7,"extra":1,"ei":3,"l0":"29","c0":"#5a5d02"},"geometry":{"type":"Point","coordinates":[19.391378,50.165808]}},{"type":"Feature","properties":{"lines":"29","arr":["29"],"mode":"bus","angle":-80.7,"mi":3,"l0":"29","c0":"#5a5d02"},"geometry":{"type":"Point","coordinates":[19.389997,50.164268]}},{"type":"Feature","properties":{"lines":"29","arr":["29"],"mode":"bus","angle":46.8,"mi":2,"l0":"29","c0":"#5a5d02"},"geometry":{"type":"Point","coordinates":[19.377294,50.166249]}},{"type":"Feature","properties":{"lines":"29","arr":["29"],"mode":"bus","angle":14.6,"extra":1,"ei":0,"l0":"29","c0":"#5a5d02"},"geometry":{"type":"Point","coordinates":[19.388593,50.163184]}},{"type":"Feature","properties":{"lines":"29","arr":["29"],"mode":"bus","angle":-23.2,"extra":1,"ei":1,"l0":"29","c0":"#5a5d02"},"geometry":{"type":"Point","coordinates":[19.385715,50.162956]}},{"type":"Feature","properties":{"lines":"29","arr":["29"],"mode":"bus","angle":2.7,"extra":1,"ei":2,"l0":"29","c0":"#5a5d02"},"geometry":{"type":"Point","coordinates":[19.382845,50.16265]}},{"type":"Feature","properties":{"lines":"29","arr":["29"],"mode":"bus","angle":60.3,"extra":1,"ei":3,"l0":"29","c0":"#5a5d02"},"geometry":{"type":"Point","coordinates":[19.38098,50.163956]}},{"type":"Feature","properties":{"lines":"29","arr":["29"],"mode":"bus","angle":41.8,"extra":1,"ei":4,"l0":"29","c0":"#5a5d02"},"geometry":{"type":"Point","coordinates":[19.378916,50.165292]}},{"type":"Feature","properties":{"lines":"29","arr":["29"],"mode":"bus","angle":50.2,"extra":1,"ei":5,"l0":"29","c0":"#5a5d02"},"geometry":{"type":"Point","coordinates":[19.374862,50.168025]}},{"type":"Feature","properties":{"lines":"29","arr":["29"],"mode":"bus","angle":60.4,"extra":1,"ei":6,"l0":"29","c0":"#5a5d02"},"geometry":{"type":"Point","coordinates":[19.373094,50.169529]}},{"type":"Feature","properties":{"lines":"29","arr":["29"],"mode":"bus","angle":43.4,"extra":1,"ei":7,"l0":"29","c0":"#5a5d02"},"geometry":{"type":"Point","coordinates":[19.371072,50.170874]}},{"type":"Feature","properties":{"lines":"29","arr":["29"],"mode":"bus","angle":33.9,"extra":1,"ei":8,"l0":"29","c0":"#5a5d02"},"geometry":{"type":"Point","coordinates":[19.368761,50.172031]}},{"type":"Feature","properties":{"lines":"29","arr":["29"],"mode":"bus","angle":53.1,"l0":"29","c0":"#5a5d02"},"geometry":{"type":"Point","coordinates":[19.381025,50.167833]}},{"type":"Feature","properties":{"lines":"29","arr":["29"],"mode":"bus","angle":29.3,"mi":4,"l0":"29","c0":"#5a5d02"},"geometry":{"type":"Point","coordinates":[19.369591,50.172691]}},{"type":"Feature","properties":{"lines":"29","arr":["29"],"mode":"bus","angle":29.6,"extra":1,"ei":0,"l0":"29","c0":"#5a5d02"},"geometry":{"type":"Point","coordinates":[19.371211,50.172104]}},{"type":"Feature","properties":{"lines":"29","arr":["29"],"mode":"bus","angle":19.7,"extra":1,"ei":0,"l0":"29","c0":"#5a5d02"},"geometry":{"type":"Point","coordinates":[19.374223,50.171343]}},{"type":"Feature","properties":{"lines":"29","arr":["29"],"mode":"bus","angle":25,"extra":1,"ei":1,"l0":"29","c0":"#5a5d02"},"geometry":{"type":"Point","coordinates":[19.376905,50.170577]}},{"type":"Feature","properties":{"lines":"29","arr":["29"],"mode":"bus","angle":68.9,"extra":1,"ei":2,"l0":"29","c0":"#5a5d02"},"geometry":{"type":"Point","coordinates":[19.379106,50.169426]}},{"type":"Feature","properties":{"lines":"29","arr":["29"],"mode":"bus","angle":22.3,"extra":1,"ei":3,"l0":"29","c0":"#5a5d02"},"geometry":{"type":"Point","coordinates":[19.383325,50.166952]}},{"type":"Feature","properties":{"lines":"29","arr":["29"],"mode":"bus","angle":17.3,"extra":1,"ei":4,"l0":"29","c0":"#5a5d02"},"geometry":{"type":"Point","coordinates":[19.386152,50.166483]}},{"type":"Feature","properties":{"lines":"29","arr":["29"],"mode":"bus","angle":10.7,"extra":1,"ei":5,"l0":"29","c0":"#5a5d02"},"geometry":{"type":"Point","coordinates":[19.389055,50.166192]}},{"type":"Feature","properties":{"lines":"29","arr":["29"],"mode":"bus","angle":-88.7,"mi":1,"l0":"29","c0":"#5a5d02"},"geometry":{"type":"Point","coordinates":[19.382176,50.173934]}},{"type":"Feature","properties":{"lines":"29","arr":["29"],"mode":"bus","angle":-77,"extra":1,"ei":0,"l0":"29","c0":"#5a5d02"},"geometry":{"type":"Point","coordinates":[19.382426,50.168215]}},{"type":"Feature","properties":{"lines":"29","arr":["29"],"mode":"bus","angle":82.5,"extra":1,"ei":1,"l0":"29","c0":"#5a5d02"},"geometry":{"type":"Point","coordinates":[19.382458,50.170082]}},{"type":"Feature","properties":{"lines":"29","arr":["29"],"mode":"bus","angle":88.2,"extra":1,"ei":2,"l0":"29","c0":"#5a5d02"},"geometry":{"type":"Point","coordinates":[19.382091,50.171955]}},{"type":"Feature","properties":{"lines":"29","arr":["29"],"mode":"bus","angle":84,"extra":1,"ei":3,"l0":"29","c0":"#5a5d02"},"geometry":{"type":"Point","coordinates":[19.38207,50.175728]}},{"type":"Feature","properties":{"lines":"29","arr":["29"],"mode":"bus","angle":74,"extra":1,"ei":4,"l0":"29","c0":"#5a5d02"},"geometry":{"type":"Point","coordinates":[19.381362,50.177558]}},{"type":"Feature","properties":{"lines":"29","arr":["29"],"mode":"bus","angle":71.8,"extra":1,"ei":5,"l0":"29","c0":"#5a5d02"},"geometry":{"type":"Point","coordinates":[19.380619,50.179385]}},{"type":"Feature","properties":{"lines":"29","arr":["29"],"mode":"bus","angle":-78.8,"mi":6,"l0":"29","c0":"#5a5d02"},"geometry":{"type":"Point","coordinates":[19.378723,50.182018]}},{"type":"Feature","properties":{"lines":"30, 31","arr":["30","31"],"mode":"bus","angle":69,"mi":1,"l0":"30, ","c0":"#c17aef","l1":"31","c1":"#a72d06"},"geometry":{"type":"Point","coordinates":[19.40252,50.12723]}},{"type":"Feature","properties":{"lines":"30, 31","arr":["30","31"],"mode":"bus","angle":70.7,"extra":1,"ei":0,"l0":"30, ","c0":"#c17aef","l1":"31","c1":"#a72d06"},"geometry":{"type":"Point","coordinates":[19.403269,50.125958]}},{"type":"Feature","properties":{"lines":"30, 31","arr":["30","31"],"mode":"bus","angle":31.7,"side":-1,"l0":"30, ","c0":"#c17aef","l1":"31","c1":"#a72d06"},"geometry":{"type":"Point","coordinates":[19.403882,50.124774]}},{"type":"Feature","properties":{"lines":"30, 31","arr":["30","31"],"mode":"bus","angle":-39.4,"mi":2,"l0":"30, ","c0":"#c17aef","l1":"31","c1":"#a72d06"},"geometry":{"type":"Point","coordinates":[19.407604,50.12587]}},{"type":"Feature","properties":{"lines":"30, 31","arr":["30","31"],"mode":"bus","angle":-19,"extra":1,"ei":0,"l0":"30, ","c0":"#c17aef","l1":"31","c1":"#a72d06"},"geometry":{"type":"Point","coordinates":[19.405731,50.125147]}},{"type":"Feature","properties":{"lines":"30","arr":["30"],"mode":"bus","angle":55.2,"mi":1,"l0":"30","c0":"#c17aef"},"geometry":{"type":"Point","coordinates":[19.400151,50.129311]}},{"type":"Feature","properties":{"lines":"30","arr":["30"],"mode":"bus","angle":31.3,"l0":"30","c0":"#c17aef"},"geometry":{"type":"Point","coordinates":[19.403985,50.124882]}},{"type":"Feature","properties":{"lines":"31","arr":["31"],"mode":"bus","angle":43.7,"mi":2,"l0":"31","c0":"#a72d06"},"geometry":{"type":"Point","coordinates":[19.400087,50.129214]}},{"type":"Feature","properties":{"lines":"31","arr":["31"],"mode":"bus","angle":32.9,"l0":"31","c0":"#a72d06"},"geometry":{"type":"Point","coordinates":[19.411114,50.133479]}},{"type":"Feature","properties":{"lines":"31","arr":["31"],"mode":"bus","angle":13.9,"extra":1,"ei":0,"l0":"31","c0":"#a72d06"},"geometry":{"type":"Point","coordinates":[19.412809,50.132975]}},{"type":"Feature","properties":{"lines":"31","arr":["31"],"mode":"bus","angle":-25.5,"mi":1,"l0":"31","c0":"#a72d06"},"geometry":{"type":"Point","coordinates":[19.415173,50.133075]}},{"type":"Feature","properties":{"lines":"31, 32b","arr":["31","32b"],"mode":"bus","angle":71.6,"mi":3,"l0":"31, ","c0":"#a72d06","l1":"32b","c1":"#119efc"},"geometry":{"type":"Point","coordinates":[19.416234,50.133877]}},{"type":"Feature","properties":{"lines":"31, 32b","arr":["31","32b"],"mode":"bus","angle":-11.5,"l0":"31, ","c0":"#a72d06","l1":"32b","c1":"#119efc"},"geometry":{"type":"Point","coordinates":[19.419004,50.134569]}},{"type":"Feature","properties":{"lines":"31, 32b","arr":["31","32b"],"mode":"bus","angle":66.5,"mi":1,"l0":"31, ","c0":"#a72d06","l1":"32b","c1":"#119efc"},"geometry":{"type":"Point","coordinates":[19.421566,50.135433]}},{"type":"Feature","properties":{"lines":"31, 32b","arr":["31","32b"],"mode":"bus","angle":-0.1,"mi":2,"l0":"31, ","c0":"#a72d06","l1":"32b","c1":"#119efc"},"geometry":{"type":"Point","coordinates":[19.421982,50.135854]}},{"type":"Feature","properties":{"lines":"31B","arr":["31B"],"mode":"bus","angle":2.1,"mi":2,"l0":"31B","c0":"#b0045c"},"geometry":{"type":"Point","coordinates":[19.412713,50.149199]}},{"type":"Feature","properties":{"lines":"31B","arr":["31B"],"mode":"bus","angle":-4,"extra":1,"ei":0,"l0":"31B","c0":"#b0045c"},"geometry":{"type":"Point","coordinates":[19.409723,50.149077]}},{"type":"Feature","properties":{"lines":"31B","arr":["31B"],"mode":"bus","angle":88,"extra":1,"ei":1,"l0":"31B","c0":"#b0045c"},"geometry":{"type":"Point","coordinates":[19.41479,50.148207]}},{"type":"Feature","properties":{"lines":"31B","arr":["31B"],"mode":"bus","angle":8.8,"l0":"31B","c0":"#b0045c"},"geometry":{"type":"Point","coordinates":[19.417616,50.146643]}},{"type":"Feature","properties":{"lines":"31B","arr":["31B"],"mode":"bus","angle":10.9,"side":-1,"mi":1,"l0":"31B","c0":"#b0045c"},"geometry":{"type":"Point","coordinates":[19.423833,50.14607]}},{"type":"Feature","properties":{"lines":"31B, 41","arr":["31B","41"],"mode":"bus","angle":84.9,"l0":"31B, ","c0":"#b0045c","l1":"41","c1":"#03636c"},"geometry":{"type":"Point","coordinates":[19.426334,50.141463]}},{"type":"Feature","properties":{"lines":"31B, 41","arr":["31B","41"],"mode":"bus","angle":85.5,"extra":1,"ei":0,"l0":"31B, ","c0":"#b0045c","l1":"41","c1":"#03636c"},"geometry":{"type":"Point","coordinates":[19.426386,50.143638]}},{"type":"Feature","properties":{"lines":"31B, 41","arr":["31B","41"],"mode":"bus","angle":76.1,"extra":1,"ei":1,"l0":"31B, ","c0":"#b0045c","l1":"41","c1":"#03636c"},"geometry":{"type":"Point","coordinates":[19.426773,50.139892]}},{"type":"Feature","properties":{"lines":"32b","arr":["32b"],"mode":"bus","angle":83.1,"mi":1,"l0":"32b","c0":"#119efc"},"geometry":{"type":"Point","coordinates":[19.423747,50.131778]}},{"type":"Feature","properties":{"lines":"32b","arr":["32b"],"mode":"bus","angle":-3.3,"l0":"32b","c0":"#119efc"},"geometry":{"type":"Point","coordinates":[19.420867,50.132477]}},{"type":"Feature","properties":{"lines":"32b","arr":["32b"],"mode":"bus","angle":55.8,"mi":2,"l0":"32b","c0":"#119efc"},"geometry":{"type":"Point","coordinates":[19.417093,50.132923]}},{"type":"Feature","properties":{"lines":"33","arr":["33"],"mode":"bus","angle":15.7,"l0":"33","c0":"#52ac3c"},"geometry":{"type":"Point","coordinates":[19.383476,50.146471]}},{"type":"Feature","properties":{"lines":"33","arr":["33"],"mode":"bus","angle":6,"extra":1,"ei":0,"l0":"33","c0":"#52ac3c"},"geometry":{"type":"Point","coordinates":[19.370083,50.149496]}},{"type":"Feature","properties":{"lines":"33","arr":["33"],"mode":"bus","angle":10.9,"extra":1,"ei":1,"l0":"33","c0":"#52ac3c"},"geometry":{"type":"Point","coordinates":[19.372991,50.149193]}},{"type":"Feature","properties":{"lines":"33","arr":["33"],"mode":"bus","angle":12.8,"extra":1,"ei":2,"l0":"33","c0":"#52ac3c"},"geometry":{"type":"Point","coordinates":[19.375876,50.148808]}},{"type":"Feature","properties":{"lines":"33","arr":["33"],"mode":"bus","angle":27.2,"extra":1,"ei":3,"l0":"33","c0":"#52ac3c"},"geometry":{"type":"Point","coordinates":[19.378681,50.148251]}},{"type":"Feature","properties":{"lines":"33","arr":["33"],"mode":"bus","angle":34.1,"extra":1,"ei":4,"l0":"33","c0":"#52ac3c"},"geometry":{"type":"Point","coordinates":[19.381205,50.14728]}},{"type":"Feature","properties":{"lines":"33","arr":["33"],"mode":"bus","angle":15.3,"extra":1,"ei":5,"l0":"33","c0":"#52ac3c"},"geometry":{"type":"Point","coordinates":[19.386629,50.145905]}},{"type":"Feature","properties":{"lines":"33","arr":["33"],"mode":"bus","angle":15.2,"extra":1,"ei":6,"l0":"33","c0":"#52ac3c"},"geometry":{"type":"Point","coordinates":[19.389475,50.145414]}},{"type":"Feature","properties":{"lines":"33","arr":["33"],"mode":"bus","angle":15.1,"extra":1,"ei":7,"l0":"33","c0":"#52ac3c"},"geometry":{"type":"Point","coordinates":[19.392319,50.14492]}},{"type":"Feature","properties":{"lines":"33","arr":["33"],"mode":"bus","angle":9.6,"extra":1,"ei":8,"l0":"33","c0":"#52ac3c"},"geometry":{"type":"Point","coordinates":[19.395169,50.144442]}},{"type":"Feature","properties":{"lines":"33","arr":["33"],"mode":"bus","angle":18.5,"extra":1,"ei":9,"l0":"33","c0":"#52ac3c"},"geometry":{"type":"Point","coordinates":[19.398095,50.144239]}},{"type":"Feature","properties":{"lines":"33","arr":["33"],"mode":"bus","angle":63.4,"l0":"33","c0":"#52ac3c"},"geometry":{"type":"Point","coordinates":[19.401924,50.145748]}},{"type":"Feature","properties":{"lines":"35","arr":["35"],"mode":"bus","angle":2.2,"l0":"35","c0":"#126804"},"geometry":{"type":"Point","coordinates":[19.411127,50.116023]}},{"type":"Feature","properties":{"lines":"41, N","arr":["41","N"],"mode":"bus","angle":33.8,"l0":"41, ","c0":"#03636c","l1":"N","c1":"#b0045c"},"geometry":{"type":"Point","coordinates":[19.473316,50.158328]}},{"type":"Feature","properties":{"lines":"41, 42","arr":["41","42"],"mode":"bus","angle":-10.3,"l0":"41, ","c0":"#03636c","l1":"42","c1":"#02af5a"},"geometry":{"type":"Point","coordinates":[19.422666,50.145981]}},{"type":"Feature","properties":{"lines":"41","arr":["41"],"mode":"bus","angle":-0.1,"l0":"41","c0":"#03636c"},"geometry":{"type":"Point","coordinates":[19.52656,50.142446]}},{"type":"Feature","properties":{"lines":"41","arr":["41"],"mode":"bus","angle":-0.2,"extra":1,"ei":0,"l0":"41","c0":"#03636c"},"geometry":{"type":"Point","coordinates":[19.523232,50.142441]}},{"type":"Feature","properties":{"lines":"41","arr":["41"],"mode":"bus","angle":-0.2,"extra":1,"ei":1,"l0":"41","c0":"#03636c"},"geometry":{"type":"Point","coordinates":[19.529126,50.142451]}},{"type":"Feature","properties":{"lines":"41","arr":["41"],"mode":"bus","angle":48.9,"mi":1,"l0":"41","c0":"#03636c"},"geometry":{"type":"Point","coordinates":[19.530204,50.144432]}},{"type":"Feature","properties":{"lines":"41","arr":["41"],"mode":"bus","angle":73.3,"extra":1,"ei":0,"l0":"41","c0":"#03636c"},"geometry":{"type":"Point","coordinates":[19.531154,50.143393]}},{"type":"Feature","properties":{"lines":"41","arr":["41"],"mode":"bus","angle":-80,"side":-1,"l0":"41","c0":"#03636c"},"geometry":{"type":"Point","coordinates":[19.422577,50.145756]}},{"type":"Feature","properties":{"lines":"41, 42, La, Lb, Lc","arr":["41","42","La","Lb","Lc"],"mode":"bus","angle":64.9,"l0":"41, ","c0":"#03636c","l1":"42, ","c1":"#02af5a","l2":"La, ","c2":"#11a2e3","l3":"Lb, ","c3":"#b59607","l4":"Lc","c4":"#e16cd6"},"geometry":{"type":"Point","coordinates":[19.459852,50.157901]}},{"type":"Feature","properties":{"lines":"41, 42, Lc, N","arr":["41","42","Lc","N"],"mode":"bus","angle":-42.2,"mi":3,"l0":"41, ","c0":"#03636c","l1":"42, ","c1":"#02af5a","l2":"Lc, ","c2":"#e16cd6","l3":"N","c3":"#b0045c"},"geometry":{"type":"Point","coordinates":[19.490162,50.18806]}},{"type":"Feature","properties":{"lines":"41, 42, Lc, N","arr":["41","42","Lc","N"],"mode":"bus","angle":-37.5,"extra":1,"ei":0,"l0":"41, ","c0":"#03636c","l1":"42, ","c1":"#02af5a","l2":"Lc, ","c2":"#e16cd6","l3":"N","c3":"#b0045c"},"geometry":{"type":"Point","coordinates":[19.48604,50.185682]}},{"type":"Feature","properties":{"lines":"41, 42, Lc, N","arr":["41","42","Lc","N"],"mode":"bus","angle":-43.5,"extra":1,"ei":1,"l0":"41, ","c0":"#03636c","l1":"42, ","c1":"#02af5a","l2":"Lc, ","c2":"#e16cd6","l3":"N","c3":"#b0045c"},"geometry":{"type":"Point","coordinates":[19.488265,50.186918]}},{"type":"Feature","properties":{"lines":"41, 42, Lc, N","arr":["41","42","Lc","N"],"mode":"bus","angle":-35.4,"extra":1,"ei":2,"l0":"41, ","c0":"#03636c","l1":"42, ","c1":"#02af5a","l2":"Lc, ","c2":"#e16cd6","l3":"N","c3":"#b0045c"},"geometry":{"type":"Point","coordinates":[19.492687,50.189408]}},{"type":"Feature","properties":{"lines":"41, 42, Lc, N","arr":["41","42","Lc","N"],"mode":"bus","angle":-40.4,"extra":1,"ei":3,"l0":"41, ","c0":"#03636c","l1":"42, ","c1":"#02af5a","l2":"Lc, ","c2":"#e16cd6","l3":"N","c3":"#b0045c"},"geometry":{"type":"Point","coordinates":[19.495041,50.190542]}},{"type":"Feature","properties":{"lines":"41, 42, Lc, N","arr":["41","42","Lc","N"],"mode":"bus","angle":-41.8,"l0":"41, ","c0":"#03636c","l1":"42, ","c1":"#02af5a","l2":"Lc, ","c2":"#e16cd6","l3":"N","c3":"#b0045c"},"geometry":{"type":"Point","coordinates":[19.49922,50.192863]}},{"type":"Feature","properties":{"lines":"41, 42, Lc, N","arr":["41","42","Lc","N"],"mode":"bus","angle":-41.3,"extra":1,"ei":0,"l0":"41, ","c0":"#03636c","l1":"42, ","c1":"#02af5a","l2":"Lc, ","c2":"#e16cd6","l3":"N","c3":"#b0045c"},"geometry":{"type":"Point","coordinates":[19.496764,50.191479]}},{"type":"Feature","properties":{"lines":"41, 42, Lc, N","arr":["41","42","Lc","N"],"mode":"bus","angle":-52.3,"extra":1,"ei":1,"l0":"41, ","c0":"#03636c","l1":"42, ","c1":"#02af5a","l2":"Lc, ","c2":"#e16cd6","l3":"N","c3":"#b0045c"},"geometry":{"type":"Point","coordinates":[19.501082,50.194043]}},{"type":"Feature","properties":{"lines":"41, 42, Lc, N","arr":["41","42","Lc","N"],"mode":"bus","angle":-49.5,"mi":1,"l0":"41, ","c0":"#03636c","l1":"42, ","c1":"#02af5a","l2":"Lc, ","c2":"#e16cd6","l3":"N","c3":"#b0045c"},"geometry":{"type":"Point","coordinates":[19.50631,50.198209]}},{"type":"Feature","properties":{"lines":"41, 42, Lc, N","arr":["41","42","Lc","N"],"mode":"bus","angle":-50,"extra":1,"ei":0,"l0":"41, ","c0":"#03636c","l1":"42, ","c1":"#02af5a","l2":"Lc, ","c2":"#e16cd6","l3":"N","c3":"#b0045c"},"geometry":{"type":"Point","coordinates":[19.503241,50.195881]}},{"type":"Feature","properties":{"lines":"41, 42, Lc, N","arr":["41","42","Lc","N"],"mode":"bus","angle":-49.7,"extra":1,"ei":1,"l0":"41, ","c0":"#03636c","l1":"42, ","c1":"#02af5a","l2":"Lc, ","c2":"#e16cd6","l3":"N","c3":"#b0045c"},"geometry":{"type":"Point","coordinates":[19.508945,50.200209]}},{"type":"Feature","properties":{"lines":"41, 42, Lc, N","arr":["41","42","Lc","N"],"mode":"bus","angle":-83.9,"mi":2,"l0":"41, ","c0":"#03636c","l1":"42, ","c1":"#02af5a","l2":"Lc, ","c2":"#e16cd6","l3":"N","c3":"#b0045c"},"geometry":{"type":"Point","coordinates":[19.510623,50.202335]}},{"type":"Feature","properties":{"lines":"42, N","arr":["42","N"],"mode":"bus","angle":-23.4,"l0":"42, ","c0":"#02af5a","l1":"N","c1":"#b0045c"},"geometry":{"type":"Point","coordinates":[19.51226,50.204398]}},{"type":"Feature","properties":{"lines":"42","arr":["42"],"mode":"bus","angle":16.6,"l0":"42","c0":"#02af5a"},"geometry":{"type":"Point","coordinates":[19.438275,50.137118]}},{"type":"Feature","properties":{"lines":"42","arr":["42"],"mode":"bus","angle":42.4,"extra":1,"ei":0,"l0":"42","c0":"#02af5a"},"geometry":{"type":"Point","coordinates":[19.4459,50.134161]}},{"type":"Feature","properties":{"lines":"42","arr":["42"],"mode":"bus","angle":27.1,"extra":1,"ei":1,"l0":"42","c0":"#02af5a"},"geometry":{"type":"Point","coordinates":[19.443519,50.13525]}},{"type":"Feature","properties":{"lines":"42","arr":["42"],"mode":"bus","angle":30.7,"extra":1,"ei":2,"l0":"42","c0":"#02af5a"},"geometry":{"type":"Point","coordinates":[19.440896,50.136111]}},{"type":"Feature","properties":{"lines":"42","arr":["42"],"mode":"bus","angle":21.2,"extra":1,"ei":3,"l0":"42","c0":"#02af5a"},"geometry":{"type":"Point","coordinates":[19.435569,50.137625]}},{"type":"Feature","properties":{"lines":"42","arr":["42"],"mode":"bus","angle":6.5,"extra":1,"ei":4,"l0":"42","c0":"#02af5a"},"geometry":{"type":"Point","coordinates":[19.432746,50.138129]}},{"type":"Feature","properties":{"lines":"42","arr":["42"],"mode":"bus","angle":1,"extra":1,"ei":5,"l0":"42","c0":"#02af5a"},"geometry":{"type":"Point","coordinates":[19.429815,50.138295]}},{"type":"Feature","properties":{"lines":"42","arr":["42"],"mode":"bus","angle":19.6,"l0":"42","c0":"#02af5a"},"geometry":{"type":"Point","coordinates":[19.455021,50.13105]}},{"type":"Feature","properties":{"lines":"42","arr":["42"],"mode":"bus","angle":28.4,"extra":1,"ei":0,"l0":"42","c0":"#02af5a"},"geometry":{"type":"Point","coordinates":[19.448326,50.133103]}},{"type":"Feature","properties":{"lines":"42","arr":["42"],"mode":"bus","angle":25.7,"extra":1,"ei":1,"l0":"42","c0":"#02af5a"},"geometry":{"type":"Point","coordinates":[19.450967,50.132266]}},{"type":"Feature","properties":{"lines":"42","arr":["42"],"mode":"bus","angle":-26.4,"extra":1,"ei":2,"l0":"42","c0":"#02af5a"},"geometry":{"type":"Point","coordinates":[19.459106,50.131744]}},{"type":"Feature","properties":{"lines":"42","arr":["42"],"mode":"bus","angle":18.3,"extra":1,"ei":3,"l0":"42","c0":"#02af5a"},"geometry":{"type":"Point","coordinates":[19.461866,50.131886]}},{"type":"Feature","properties":{"lines":"42","arr":["42"],"mode":"bus","angle":-82.8,"mi":1,"l0":"42","c0":"#02af5a"},"geometry":{"type":"Point","coordinates":[19.464143,50.130214]}},{"type":"Feature","properties":{"lines":"42","arr":["42"],"mode":"bus","angle":-74.3,"extra":1,"ei":0,"l0":"42","c0":"#02af5a"},"geometry":{"type":"Point","coordinates":[19.463629,50.129074]}},{"type":"Feature","properties":{"lines":"42, P","arr":["42","P"],"mode":"bus","angle":83.3,"mi":3,"l0":"42, ","c0":"#02af5a","l1":"P","c1":"#f661b9"},"geometry":{"type":"Point","coordinates":[19.465712,50.124736]}},{"type":"Feature","properties":{"lines":"42, P","arr":["42","P"],"mode":"bus","angle":54.5,"extra":1,"ei":0,"l0":"42, ","c0":"#02af5a","l1":"P","c1":"#f661b9"},"geometry":{"type":"Point","coordinates":[19.464095,50.127786]}},{"type":"Feature","properties":{"lines":"42, P","arr":["42","P"],"mode":"bus","angle":82.4,"extra":1,"ei":1,"l0":"42, ","c0":"#02af5a","l1":"P","c1":"#f661b9"},"geometry":{"type":"Point","coordinates":[19.465451,50.126145]}},{"type":"Feature","properties":{"lines":"42, P","arr":["42","P"],"mode":"bus","angle":65.2,"extra":1,"ei":2,"l0":"42, ","c0":"#02af5a","l1":"P","c1":"#f661b9"},"geometry":{"type":"Point","coordinates":[19.466447,50.122443]}},{"type":"Feature","properties":{"lines":"42, P","arr":["42","P"],"mode":"bus","angle":82.2,"extra":1,"ei":3,"l0":"42, ","c0":"#02af5a","l1":"P","c1":"#f661b9"},"geometry":{"type":"Point","coordinates":[19.467396,50.120668]}},{"type":"Feature","properties":{"lines":"42, P","arr":["42","P"],"mode":"bus","angle":23.2,"l0":"42, ","c0":"#02af5a","l1":"P","c1":"#f661b9"},"geometry":{"type":"Point","coordinates":[19.474638,50.119598]}},{"type":"Feature","properties":{"lines":"42, P","arr":["42","P"],"mode":"bus","angle":7.1,"extra":1,"ei":0,"l0":"42, ","c0":"#02af5a","l1":"P","c1":"#f661b9"},"geometry":{"type":"Point","coordinates":[19.468861,50.120567]}},{"type":"Feature","properties":{"lines":"42, P","arr":["42","P"],"mode":"bus","angle":12.6,"extra":1,"ei":1,"l0":"42, ","c0":"#02af5a","l1":"P","c1":"#f661b9"},"geometry":{"type":"Point","coordinates":[19.471754,50.120212]}},{"type":"Feature","properties":{"lines":"42, P","arr":["42","P"],"mode":"bus","angle":24.1,"extra":1,"ei":2,"l0":"42, ","c0":"#02af5a","l1":"P","c1":"#f661b9"},"geometry":{"type":"Point","coordinates":[19.477261,50.118887]}},{"type":"Feature","properties":{"lines":"42, P","arr":["42","P"],"mode":"bus","angle":41.7,"extra":1,"ei":3,"l0":"42, ","c0":"#02af5a","l1":"P","c1":"#f661b9"},"geometry":{"type":"Point","coordinates":[19.479671,50.117828]}},{"type":"Feature","properties":{"lines":"42","arr":["42"],"mode":"bus","angle":29.1,"l0":"42","c0":"#02af5a"},"geometry":{"type":"Point","coordinates":[19.487909,50.113209]}},{"type":"Feature","properties":{"lines":"42","arr":["42"],"mode":"bus","angle":47,"extra":1,"ei":0,"l0":"42","c0":"#02af5a"},"geometry":{"type":"Point","coordinates":[19.481999,50.116482]}},{"type":"Feature","properties":{"lines":"42","arr":["42"],"mode":"bus","angle":46.5,"extra":1,"ei":1,"l0":"42","c0":"#02af5a"},"geometry":{"type":"Point","coordinates":[19.484025,50.11511]}},{"type":"Feature","properties":{"lines":"42","arr":["42"],"mode":"bus","angle":32,"extra":1,"ei":2,"l0":"42","c0":"#02af5a"},"geometry":{"type":"Point","coordinates":[19.486193,50.113843]}},{"type":"Feature","properties":{"lines":"42","arr":["42"],"mode":"bus","angle":28.7,"extra":1,"ei":3,"l0":"42","c0":"#02af5a"},"geometry":{"type":"Point","coordinates":[19.491317,50.111977]}},{"type":"Feature","properties":{"lines":"42","arr":["42"],"mode":"bus","angle":27.9,"extra":1,"ei":4,"l0":"42","c0":"#02af5a"},"geometry":{"type":"Point","coordinates":[19.493922,50.111094]}},{"type":"Feature","properties":{"lines":"42, P","arr":["42","P"],"mode":"bus","angle":-70,"mi":2,"l0":"42, ","c0":"#02af5a","l1":"P","c1":"#f661b9"},"geometry":{"type":"Point","coordinates":[19.477776,50.111595]}},{"type":"Feature","properties":{"lines":"42, P","arr":["42","P"],"mode":"bus","angle":-64.6,"extra":1,"ei":0,"l0":"42, ","c0":"#02af5a","l1":"P","c1":"#f661b9"},"geometry":{"type":"Point","coordinates":[19.480335,50.11632]}},{"type":"Feature","properties":{"lines":"42, P","arr":["42","P"],"mode":"bus","angle":-75,"extra":1,"ei":1,"l0":"42, ","c0":"#02af5a","l1":"P","c1":"#f661b9"},"geometry":{"type":"Point","coordinates":[19.479202,50.114582]}},{"type":"Feature","properties":{"lines":"42, P","arr":["42","P"],"mode":"bus","angle":-77.8,"extra":1,"ei":2,"l0":"42, ","c0":"#02af5a","l1":"P","c1":"#f661b9"},"geometry":{"type":"Point","coordinates":[19.478244,50.112863]}},{"type":"Feature","properties":{"lines":"42, P","arr":["42","P"],"mode":"bus","angle":-75.7,"extra":1,"ei":3,"l0":"42, ","c0":"#02af5a","l1":"P","c1":"#f661b9"},"geometry":{"type":"Point","coordinates":[19.475933,50.109441]}},{"type":"Feature","properties":{"lines":"42, P","arr":["42","P"],"mode":"bus","angle":-66.3,"extra":1,"ei":4,"l0":"42, ","c0":"#02af5a","l1":"P","c1":"#f661b9"},"geometry":{"type":"Point","coordinates":[19.475404,50.1076]}},{"type":"Feature","properties":{"lines":"42, P","arr":["42","P"],"mode":"bus","angle":83.3,"mi":1,"l0":"42, ","c0":"#02af5a","l1":"P","c1":"#f661b9"},"geometry":{"type":"Point","coordinates":[19.479994,50.116973]}},{"type":"Feature","properties":{"lines":"42, N","arr":["42","N"],"mode":"bus","angle":41.2,"mi":1,"l0":"42, ","c0":"#02af5a","l1":"N","c1":"#b0045c"},"geometry":{"type":"Point","coordinates":[19.512053,50.206725]}},{"type":"Feature","properties":{"lines":"42, N","arr":["42","N"],"mode":"bus","angle":53.7,"extra":1,"ei":0,"l0":"42, ","c0":"#02af5a","l1":"N","c1":"#b0045c"},"geometry":{"type":"Point","coordinates":[19.513429,50.205715]}},{"type":"Feature","properties":{"lines":"42, N","arr":["42","N"],"mode":"bus","angle":-0.8,"l0":"42, ","c0":"#02af5a","l1":"N","c1":"#b0045c"},"geometry":{"type":"Point","coordinates":[19.498094,50.208554]}},{"type":"Feature","properties":{"lines":"42, N","arr":["42","N"],"mode":"bus","angle":33.7,"extra":1,"ei":0,"l0":"42, ","c0":"#02af5a","l1":"N","c1":"#b0045c"},"geometry":{"type":"Point","coordinates":[19.508107,50.208728]}},{"type":"Feature","properties":{"lines":"42, N","arr":["42","N"],"mode":"bus","angle":-8.3,"extra":1,"ei":1,"l0":"42, ","c0":"#02af5a","l1":"N","c1":"#b0045c"},"geometry":{"type":"Point","coordinates":[19.505329,50.209189]}},{"type":"Feature","properties":{"lines":"42, N","arr":["42","N"],"mode":"bus","angle":-8.5,"extra":1,"ei":2,"l0":"42, ","c0":"#02af5a","l1":"N","c1":"#b0045c"},"geometry":{"type":"Point","coordinates":[19.502442,50.208813]}},{"type":"Feature","properties":{"lines":"42, N","arr":["42","N"],"mode":"bus","angle":-11.3,"extra":1,"ei":3,"l0":"42, ","c0":"#02af5a","l1":"N","c1":"#b0045c"},"geometry":{"type":"Point","coordinates":[19.493632,50.208509]}},{"type":"Feature","properties":{"lines":"42, N","arr":["42","N"],"mode":"bus","angle":10.6,"extra":1,"ei":4,"l0":"42, ","c0":"#02af5a","l1":"N","c1":"#b0045c"},"geometry":{"type":"Point","coordinates":[19.490746,50.208269]}},{"type":"Feature","properties":{"lines":"42, N","arr":["42","N"],"mode":"bus","angle":13.7,"extra":1,"ei":5,"l0":"42, ","c0":"#02af5a","l1":"N","c1":"#b0045c"},"geometry":{"type":"Point","coordinates":[19.487904,50.208763]}},{"type":"Feature","properties":{"lines":"42, N","arr":["42","N"],"mode":"bus","angle":-7.6,"l0":"42, ","c0":"#02af5a","l1":"N","c1":"#b0045c"},"geometry":{"type":"Point","coordinates":[19.481641,50.209053]}},{"type":"Feature","properties":{"lines":"42, N","arr":["42","N"],"mode":"bus","angle":-1.7,"extra":1,"ei":0,"l0":"42, ","c0":"#02af5a","l1":"N","c1":"#b0045c"},"geometry":{"type":"Point","coordinates":[19.478125,50.209028]}},{"type":"Feature","properties":{"lines":"42, N","arr":["42","N"],"mode":"bus","angle":8.1,"extra":1,"ei":1,"l0":"42, ","c0":"#02af5a","l1":"N","c1":"#b0045c"},"geometry":{"type":"Point","coordinates":[19.483982,50.209207]}},{"type":"Feature","properties":{"lines":"42, P","arr":["42","P"],"mode":"bus","angle":-60.6,"l0":"42, ","c0":"#02af5a","l1":"P","c1":"#f661b9"},"geometry":{"type":"Point","coordinates":[19.469224,50.102478]}},{"type":"Feature","properties":{"lines":"42, P","arr":["42","P"],"mode":"bus","angle":-60.6,"extra":1,"ei":0,"l0":"42, ","c0":"#02af5a","l1":"P","c1":"#f661b9"},"geometry":{"type":"Point","coordinates":[19.473177,50.105437]}},{"type":"Feature","properties":{"lines":"42, P","arr":["42","P"],"mode":"bus","angle":-44.6,"extra":1,"ei":1,"l0":"42, ","c0":"#02af5a","l1":"P","c1":"#f661b9"},"geometry":{"type":"Point","coordinates":[19.471306,50.103982]}},{"type":"Feature","properties":{"lines":"42, P","arr":["42","P"],"mode":"bus","angle":-47.5,"extra":1,"ei":2,"l0":"42, ","c0":"#02af5a","l1":"P","c1":"#f661b9"},"geometry":{"type":"Point","coordinates":[19.467859,50.100958]}},{"type":"Feature","properties":{"lines":"42, P","arr":["42","P"],"mode":"bus","angle":-33.9,"extra":1,"ei":3,"l0":"42, ","c0":"#02af5a","l1":"P","c1":"#f661b9"},"geometry":{"type":"Point","coordinates":[19.46542,50.099901]}},{"type":"Feature","properties":{"lines":"42, La, Lb","arr":["42","La","Lb"],"mode":"bus","angle":88.6,"mi":1,"l0":"42, ","c0":"#02af5a","l1":"La, ","c1":"#11a2e3","l2":"Lb","c2":"#b59607"},"geometry":{"type":"Point","coordinates":[19.479338,50.185833]}},{"type":"Feature","properties":{"lines":"42, La, Lb","arr":["42","La","Lb"],"mode":"bus","angle":42.8,"extra":1,"ei":0,"l0":"42, ","c0":"#02af5a","l1":"La, ","c1":"#11a2e3","l2":"Lb","c2":"#b59607"},"geometry":{"type":"Point","coordinates":[19.478469,50.186959]}},{"type":"Feature","properties":{"lines":"42, La, Lb","arr":["42","La","Lb"],"mode":"bus","angle":45.1,"l0":"42, ","c0":"#02af5a","l1":"La, ","c1":"#11a2e3","l2":"Lb","c2":"#b59607"},"geometry":{"type":"Point","coordinates":[19.476393,50.188082]}},{"type":"Feature","properties":{"lines":"42, La, Lb","arr":["42","La","Lb"],"mode":"bus","angle":54.5,"extra":1,"ei":0,"l0":"42, ","c0":"#02af5a","l1":"La, ","c1":"#11a2e3","l2":"Lb","c2":"#b59607"},"geometry":{"type":"Point","coordinates":[19.475064,50.189091]}},{"type":"Feature","properties":{"lines":"42, La","arr":["42","La"],"mode":"bus","angle":58.3,"mi":1,"l0":"42, ","c0":"#02af5a","l1":"La","c1":"#11a2e3"},"geometry":{"type":"Point","coordinates":[19.470528,50.193797]}},{"type":"Feature","properties":{"lines":"42, La, Lb","arr":["42","La","Lb"],"mode":"bus","angle":59.1,"mi":2,"l0":"42, ","c0":"#02af5a","l1":"La, ","c1":"#11a2e3","l2":"Lb","c2":"#b59607"},"geometry":{"type":"Point","coordinates":[19.472826,50.191394]}},{"type":"Feature","properties":{"lines":"42, La, Lb","arr":["42","La","Lb"],"mode":"bus","angle":59,"extra":1,"ei":0,"l0":"42, ","c0":"#02af5a","l1":"La, ","c1":"#11a2e3","l2":"Lb","c2":"#b59607"},"geometry":{"type":"Point","coordinates":[19.47153,50.192739]}},{"type":"Feature","properties":{"lines":"42, La, Lb","arr":["42","La","Lb"],"mode":"bus","angle":58.4,"extra":1,"ei":1,"l0":"42, ","c0":"#02af5a","l1":"La, ","c1":"#11a2e3","l2":"Lb","c2":"#b59607"},"geometry":{"type":"Point","coordinates":[19.474635,50.189529]}},{"type":"Feature","properties":{"lines":"42, La","arr":["42","La"],"mode":"bus","angle":63,"l0":"42, ","c0":"#02af5a","l1":"La","c1":"#11a2e3"},"geometry":{"type":"Point","coordinates":[19.467671,50.197502]}},{"type":"Feature","properties":{"lines":"42, La","arr":["42","La"],"mode":"bus","angle":65.6,"extra":1,"ei":0,"l0":"42, ","c0":"#02af5a","l1":"La","c1":"#11a2e3"},"geometry":{"type":"Point","coordinates":[19.465733,50.200118]}},{"type":"Feature","properties":{"lines":"42, La","arr":["42","La"],"mode":"bus","angle":64.1,"extra":1,"ei":1,"l0":"42, ","c0":"#02af5a","l1":"La","c1":"#11a2e3"},"geometry":{"type":"Point","coordinates":[19.469566,50.195013]}},{"type":"Feature","properties":{"lines":"A, B","arr":["A","B"],"mode":"bus","angle":79.1,"mi":1,"l0":"A, ","c0":"#736adf","l1":"B","c1":"#05617d"},"geometry":{"type":"Point","coordinates":[19.331527,50.110417]}},{"type":"Feature","properties":{"lines":"A, B","arr":["A","B"],"mode":"bus","angle":28.4,"extra":1,"ei":0,"l0":"A, ","c0":"#736adf","l1":"B","c1":"#05617d"},"geometry":{"type":"Point","coordinates":[19.330011,50.111807]}},{"type":"Feature","properties":{"lines":"A, B","arr":["A","B"],"mode":"bus","angle":69.2,"extra":1,"ei":1,"l0":"A, ","c0":"#736adf","l1":"B","c1":"#05617d"},"geometry":{"type":"Point","coordinates":[19.332101,50.108508]}},{"type":"Feature","properties":{"lines":"A, B","arr":["A","B"],"mode":"bus","angle":21.2,"l0":"A, ","c0":"#736adf","l1":"B","c1":"#05617d"},"geometry":{"type":"Point","coordinates":[19.327739,50.112435]}},{"type":"Feature","properties":{"lines":"A","arr":["A"],"mode":"bus","angle":18.4,"l0":"A","c0":"#736adf"},"geometry":{"type":"Point","coordinates":[19.325278,50.113092]}},{"type":"Feature","properties":{"lines":"A","arr":["A"],"mode":"bus","angle":-35.6,"mi":1,"l0":"A","c0":"#736adf"},"geometry":{"type":"Point","coordinates":[19.321128,50.108233]}},{"type":"Feature","properties":{"lines":"A","arr":["A"],"mode":"bus","angle":-69.7,"extra":1,"ei":0,"l0":"A","c0":"#736adf"},"geometry":{"type":"Point","coordinates":[19.31632,50.104981]}},{"type":"Feature","properties":{"lines":"A","arr":["A"],"mode":"bus","angle":-52.3,"extra":1,"ei":1,"l0":"A","c0":"#736adf"},"geometry":{"type":"Point","coordinates":[19.317526,50.106704]}},{"type":"Feature","properties":{"lines":"A","arr":["A"],"mode":"bus","angle":-80.1,"extra":1,"ei":2,"l0":"A","c0":"#736adf"},"geometry":{"type":"Point","coordinates":[19.322969,50.110749]}},{"type":"Feature","properties":{"lines":"A","arr":["A"],"mode":"bus","angle":-81.5,"extra":1,"ei":3,"l0":"A","c0":"#736adf"},"geometry":{"type":"Point","coordinates":[19.323449,50.112612]}},{"type":"Feature","properties":{"lines":"A, B","arr":["A","B"],"mode":"bus","angle":-49,"l0":"A, ","c0":"#736adf","l1":"B","c1":"#05617d"},"geometry":{"type":"Point","coordinates":[19.290601,50.090177]}},{"type":"Feature","properties":{"lines":"A, B","arr":["A","B"],"mode":"bus","angle":-84,"extra":1,"ei":0,"l0":"A, ","c0":"#736adf","l1":"B","c1":"#05617d"},"geometry":{"type":"Point","coordinates":[19.288993,50.087203]}},{"type":"Feature","properties":{"lines":"A, B","arr":["A","B"],"mode":"bus","angle":-64.6,"extra":1,"ei":1,"l0":"A, ","c0":"#736adf","l1":"B","c1":"#05617d"},"geometry":{"type":"Point","coordinates":[19.289499,50.089051]}},{"type":"Feature","properties":{"lines":"A, B","arr":["A","B"],"mode":"bus","angle":-45.9,"extra":1,"ei":2,"l0":"A, ","c0":"#736adf","l1":"B","c1":"#05617d"},"geometry":{"type":"Point","coordinates":[19.293253,50.091934]}},{"type":"Feature","properties":{"lines":"A, B","arr":["A","B"],"mode":"bus","angle":20.9,"mi":2,"l0":"A, ","c0":"#736adf","l1":"B","c1":"#05617d"},"geometry":{"type":"Point","coordinates":[19.28174,50.096756]}},{"type":"Feature","properties":{"lines":"A, B","arr":["A","B"],"mode":"bus","angle":21.5,"extra":1,"ei":0,"l0":"A, ","c0":"#736adf","l1":"B","c1":"#05617d"},"geometry":{"type":"Point","coordinates":[19.29391,50.093722]}},{"type":"Feature","properties":{"lines":"A, B","arr":["A","B"],"mode":"bus","angle":21.4,"extra":1,"ei":1,"l0":"A, ","c0":"#736adf","l1":"B","c1":"#05617d"},"geometry":{"type":"Point","coordinates":[19.291167,50.094412]}},{"type":"Feature","properties":{"lines":"A, B","arr":["A","B"],"mode":"bus","angle":21.3,"extra":1,"ei":2,"l0":"A, ","c0":"#736adf","l1":"B","c1":"#05617d"},"geometry":{"type":"Point","coordinates":[19.288423,50.095101]}},{"type":"Feature","properties":{"lines":"A, B","arr":["A","B"],"mode":"bus","angle":21.1,"extra":1,"ei":3,"l0":"A, ","c0":"#736adf","l1":"B","c1":"#05617d"},"geometry":{"type":"Point","coordinates":[19.285675,50.095783]}},{"type":"Feature","properties":{"lines":"A, B","arr":["A","B"],"mode":"bus","angle":20.9,"extra":1,"ei":4,"l0":"A, ","c0":"#736adf","l1":"B","c1":"#05617d"},"geometry":{"type":"Point","coordinates":[19.277421,50.097812]}},{"type":"Feature","properties":{"lines":"A, B","arr":["A","B"],"mode":"bus","angle":20.7,"extra":1,"ei":5,"l0":"A, ","c0":"#736adf","l1":"B","c1":"#05617d"},"geometry":{"type":"Point","coordinates":[19.274667,50.098484]}},{"type":"Feature","properties":{"lines":"A, B","arr":["A","B"],"mode":"bus","angle":20.9,"extra":1,"ei":6,"l0":"A, ","c0":"#736adf","l1":"B","c1":"#05617d"},"geometry":{"type":"Point","coordinates":[19.271913,50.099157]}},{"type":"Feature","properties":{"lines":"A, B","arr":["A","B"],"mode":"bus","angle":20.6,"extra":1,"ei":7,"l0":"A, ","c0":"#736adf","l1":"B","c1":"#05617d"},"geometry":{"type":"Point","coordinates":[19.269157,50.099826]}},{"type":"Feature","properties":{"lines":"B","arr":["B"],"mode":"bus","angle":14.3,"l0":"B","c0":"#05617d"},"geometry":{"type":"Point","coordinates":[19.380453,50.050301]}},{"type":"Feature","properties":{"lines":"B","arr":["B"],"mode":"bus","angle":0.8,"extra":1,"ei":0,"l0":"B","c0":"#05617d"},"geometry":{"type":"Point","coordinates":[19.386158,50.049441]}},{"type":"Feature","properties":{"lines":"B","arr":["B"],"mode":"bus","angle":14.7,"extra":1,"ei":1,"l0":"B","c0":"#05617d"},"geometry":{"type":"Point","coordinates":[19.383278,50.049807]}},{"type":"Feature","properties":{"lines":"B","arr":["B"],"mode":"bus","angle":14.2,"extra":1,"ei":2,"l0":"B","c0":"#05617d"},"geometry":{"type":"Point","coordinates":[19.37758,50.050771]}},{"type":"Feature","properties":{"lines":"B","arr":["B"],"mode":"bus","angle":13.9,"extra":1,"ei":3,"l0":"B","c0":"#05617d"},"geometry":{"type":"Point","coordinates":[19.374727,50.051243]}},{"type":"Feature","properties":{"lines":"B","arr":["B"],"mode":"bus","angle":2.2,"mi":2,"l0":"B","c0":"#05617d"},"geometry":{"type":"Point","coordinates":[19.366607,50.052066]}},{"type":"Feature","properties":{"lines":"B","arr":["B"],"mode":"bus","angle":25.9,"mi":1,"l0":"B","c0":"#05617d"},"geometry":{"type":"Point","coordinates":[19.359321,50.051681]}},{"type":"Feature","properties":{"lines":"B","arr":["B"],"mode":"bus","angle":-12.4,"extra":1,"ei":0,"l0":"B","c0":"#05617d"},"geometry":{"type":"Point","coordinates":[19.36176,50.052029]}},{"type":"Feature","properties":{"lines":"B","arr":["B"],"mode":"bus","angle":2.1,"extra":1,"ei":1,"l0":"B","c0":"#05617d"},"geometry":{"type":"Point","coordinates":[19.364694,50.052121]}},{"type":"Feature","properties":{"lines":"B","arr":["B"],"mode":"bus","angle":7.7,"extra":1,"ei":2,"l0":"B","c0":"#05617d"},"geometry":{"type":"Point","coordinates":[19.370577,50.051939]}},{"type":"Feature","properties":{"lines":"B","arr":["B"],"mode":"bus","angle":49.7,"l0":"B","c0":"#05617d"},"geometry":{"type":"Point","coordinates":[19.355099,50.057818]}},{"type":"Feature","properties":{"lines":"B","arr":["B"],"mode":"bus","angle":-83.6,"extra":1,"ei":0,"l0":"B","c0":"#05617d"},"geometry":{"type":"Point","coordinates":[19.358471,50.052785]}},{"type":"Feature","properties":{"lines":"B","arr":["B"],"mode":"bus","angle":71.2,"extra":1,"ei":1,"l0":"B","c0":"#05617d"},"geometry":{"type":"Point","coordinates":[19.358445,50.054608]}},{"type":"Feature","properties":{"lines":"B","arr":["B"],"mode":"bus","angle":53.6,"extra":1,"ei":2,"l0":"B","c0":"#05617d"},"geometry":{"type":"Point","coordinates":[19.357097,50.05627]}},{"type":"Feature","properties":{"lines":"B","arr":["B"],"mode":"bus","angle":49,"extra":1,"ei":3,"l0":"B","c0":"#05617d"},"geometry":{"type":"Point","coordinates":[19.3533,50.059158]}},{"type":"Feature","properties":{"lines":"B","arr":["B"],"mode":"bus","angle":49.7,"extra":1,"ei":4,"l0":"B","c0":"#05617d"},"geometry":{"type":"Point","coordinates":[19.351382,50.060592]}},{"type":"Feature","properties":{"lines":"B","arr":["B"],"mode":"bus","angle":63.5,"extra":1,"ei":5,"l0":"B","c0":"#05617d"},"geometry":{"type":"Point","coordinates":[19.349503,50.062046]}},{"type":"Feature","properties":{"lines":"B","arr":["B"],"mode":"bus","angle":-87.9,"mi":5,"l0":"B","c0":"#05617d"},"geometry":{"type":"Point","coordinates":[19.351569,50.071211]}},{"type":"Feature","properties":{"lines":"B","arr":["B"],"mode":"bus","angle":82.6,"extra":1,"ei":0,"l0":"B","c0":"#05617d"},"geometry":{"type":"Point","coordinates":[19.349014,50.064146]}},{"type":"Feature","properties":{"lines":"B","arr":["B"],"mode":"bus","angle":-62.4,"extra":1,"ei":1,"l0":"B","c0":"#05617d"},"geometry":{"type":"Point","coordinates":[19.349261,50.06597]}},{"type":"Feature","properties":{"lines":"B","arr":["B"],"mode":"bus","angle":-77.7,"extra":1,"ei":2,"l0":"B","c0":"#05617d"},"geometry":{"type":"Point","coordinates":[19.350464,50.067684]}},{"type":"Feature","properties":{"lines":"B","arr":["B"],"mode":"bus","angle":-78.3,"extra":1,"ei":3,"l0":"B","c0":"#05617d"},"geometry":{"type":"Point","coordinates":[19.351047,50.069535]}},{"type":"Feature","properties":{"lines":"B","arr":["B"],"mode":"bus","angle":67.5,"extra":1,"ei":4,"l0":"B","c0":"#05617d"},"geometry":{"type":"Point","coordinates":[19.351045,50.073242]}},{"type":"Feature","properties":{"lines":"B","arr":["B"],"mode":"bus","angle":70.5,"extra":1,"ei":5,"l0":"B","c0":"#05617d"},"geometry":{"type":"Point","coordinates":[19.349957,50.074996]}},{"type":"Feature","properties":{"lines":"B","arr":["B"],"mode":"bus","angle":78.1,"extra":1,"ei":6,"l0":"B","c0":"#05617d"},"geometry":{"type":"Point","coordinates":[19.348602,50.076521]}},{"type":"Feature","properties":{"lines":"B","arr":["B"],"mode":"bus","angle":-80.8,"extra":1,"ei":7,"l0":"B","c0":"#05617d"},"geometry":{"type":"Point","coordinates":[19.348277,50.078388]}},{"type":"Feature","properties":{"lines":"B","arr":["B"],"mode":"bus","angle":-69,"l0":"B","c0":"#05617d"},"geometry":{"type":"Point","coordinates":[19.345638,50.077497]}},{"type":"Feature","properties":{"lines":"B","arr":["B"],"mode":"bus","angle":-36.5,"extra":1,"ei":0,"l0":"B","c0":"#05617d"},"geometry":{"type":"Point","coordinates":[19.347189,50.078499]}},{"type":"Feature","properties":{"lines":"B","arr":["B"],"mode":"bus","angle":-63.6,"extra":1,"ei":1,"l0":"B","c0":"#05617d"},"geometry":{"type":"Point","coordinates":[19.344579,50.075292]}},{"type":"Feature","properties":{"lines":"B","arr":["B"],"mode":"bus","angle":15.8,"mi":1,"l0":"B","c0":"#05617d"},"geometry":{"type":"Point","coordinates":[19.342866,50.075609]}},{"type":"Feature","properties":{"lines":"B","arr":["B"],"mode":"bus","angle":67,"mi":2,"l0":"B","c0":"#05617d"},"geometry":{"type":"Point","coordinates":[19.340931,50.076345]}},{"type":"Feature","properties":{"lines":"B","arr":["B"],"mode":"bus","angle":-50.1,"mi":3,"l0":"B","c0":"#05617d"},"geometry":{"type":"Point","coordinates":[19.341092,50.077402]}},{"type":"Feature","properties":{"lines":"B","arr":["B"],"mode":"bus","angle":-31.4,"extra":1,"ei":0,"l0":"B","c0":"#05617d"},"geometry":{"type":"Point","coordinates":[19.336638,50.074595]}},{"type":"Feature","properties":{"lines":"B","arr":["B"],"mode":"bus","angle":-54.5,"extra":1,"ei":1,"l0":"B","c0":"#05617d"},"geometry":{"type":"Point","coordinates":[19.33844,50.076018]}},{"type":"Feature","properties":{"lines":"B","arr":["B"],"mode":"bus","angle":-47.1,"extra":1,"ei":2,"l0":"B","c0":"#05617d"},"geometry":{"type":"Point","coordinates":[19.342625,50.078627]}},{"type":"Feature","properties":{"lines":"B","arr":["B"],"mode":"bus","angle":-60,"extra":1,"ei":3,"l0":"B","c0":"#05617d"},"geometry":{"type":"Point","coordinates":[19.344645,50.079838]}},{"type":"Feature","properties":{"lines":"B","arr":["B"],"mode":"bus","angle":-13.1,"mi":4,"l0":"B","c0":"#05617d"},"geometry":{"type":"Point","coordinates":[19.349976,50.080761]}},{"type":"Feature","properties":{"lines":"B","arr":["B"],"mode":"bus","angle":13.3,"extra":1,"ei":0,"l0":"B","c0":"#05617d"},"geometry":{"type":"Point","coordinates":[19.34789,50.080623]}},{"type":"Feature","properties":{"lines":"B","arr":["B"],"mode":"bus","angle":-74.9,"extra":1,"ei":1,"l0":"B","c0":"#05617d"},"geometry":{"type":"Point","coordinates":[19.351796,50.082392]}},{"type":"Feature","properties":{"lines":"B","arr":["B"],"mode":"bus","angle":-64.5,"mi":3,"l0":"B","c0":"#05617d"},"geometry":{"type":"Point","coordinates":[19.346858,50.059855]}},{"type":"Feature","properties":{"lines":"B","arr":["B"],"mode":"bus","angle":-80.3,"extra":1,"ei":0,"l0":"B","c0":"#05617d"},"geometry":{"type":"Point","coordinates":[19.344466,50.057683]}},{"type":"Feature","properties":{"lines":"B","arr":["B"],"mode":"bus","angle":-68.6,"extra":1,"ei":1,"l0":"B","c0":"#05617d"},"geometry":{"type":"Point","coordinates":[19.348697,50.062557]}},{"type":"Feature","properties":{"lines":"La","arr":["La"],"mode":"bus","angle":10.2,"mi":1,"l0":"La","c0":"#11a2e3"},"geometry":{"type":"Point","coordinates":[19.464901,50.167899]}},{"type":"Feature","properties":{"lines":"La","arr":["La"],"mode":"bus","angle":18.5,"extra":1,"ei":0,"l0":"La","c0":"#11a2e3"},"geometry":{"type":"Point","coordinates":[19.458216,50.1687]}},{"type":"Feature","properties":{"lines":"La","arr":["La"],"mode":"bus","angle":7.6,"extra":1,"ei":1,"l0":"La","c0":"#11a2e3"},"geometry":{"type":"Point","coordinates":[19.461064,50.168231]}},{"type":"Feature","properties":{"lines":"La","arr":["La"],"mode":"bus","angle":7.8,"extra":1,"ei":2,"l0":"La","c0":"#11a2e3"},"geometry":{"type":"Point","coordinates":[19.466883,50.167726]}},{"type":"Feature","properties":{"lines":"La","arr":["La"],"mode":"bus","angle":9,"extra":1,"ei":3,"l0":"La","c0":"#11a2e3"},"geometry":{"type":"Point","coordinates":[19.469788,50.167411]}},{"type":"Feature","properties":{"lines":"La","arr":["La"],"mode":"bus","angle":3.3,"extra":1,"ei":4,"l0":"La","c0":"#11a2e3"},"geometry":{"type":"Point","coordinates":[19.472708,50.16716]}},{"type":"Feature","properties":{"lines":"La","arr":["La"],"mode":"bus","angle":-71.1,"l0":"La","c0":"#11a2e3"},"geometry":{"type":"Point","coordinates":[19.464217,50.170798]}},{"type":"Feature","properties":{"lines":"La","arr":["La"],"mode":"bus","angle":-80,"extra":1,"ei":0,"l0":"La","c0":"#11a2e3"},"geometry":{"type":"Point","coordinates":[19.463784,50.169051]}},{"type":"Feature","properties":{"lines":"La","arr":["La"],"mode":"bus","angle":-71,"extra":1,"ei":1,"l0":"La","c0":"#11a2e3"},"geometry":{"type":"Point","coordinates":[19.465614,50.172584]}},{"type":"Feature","properties":{"lines":"La","arr":["La"],"mode":"bus","angle":88.4,"l0":"La","c0":"#11a2e3"},"geometry":{"type":"Point","coordinates":[19.450197,50.202296]}},{"type":"Feature","properties":{"lines":"La","arr":["La"],"mode":"bus","angle":-86.9,"extra":1,"ei":0,"l0":"La","c0":"#11a2e3"},"geometry":{"type":"Point","coordinates":[19.450265,50.204158]}},{"type":"Feature","properties":{"lines":"La","arr":["La"],"mode":"bus","angle":-74.7,"extra":1,"ei":1,"l0":"La","c0":"#11a2e3"},"geometry":{"type":"Point","coordinates":[19.450344,50.200427]}},{"type":"Feature","properties":{"lines":"La","arr":["La"],"mode":"bus","angle":86.9,"mi":1,"l0":"La","c0":"#11a2e3"},"geometry":{"type":"Point","coordinates":[19.44411,50.203577]}},{"type":"Feature","properties":{"lines":"La","arr":["La"],"mode":"bus","angle":83.9,"extra":1,"ei":0,"l0":"La","c0":"#11a2e3"},"geometry":{"type":"Point","coordinates":[19.444789,50.19957]}},{"type":"Feature","properties":{"lines":"La","arr":["La"],"mode":"bus","angle":84.4,"extra":1,"ei":1,"l0":"La","c0":"#11a2e3"},"geometry":{"type":"Point","coordinates":[19.444498,50.201449]}},{"type":"Feature","properties":{"lines":"La","arr":["La"],"mode":"bus","angle":-33.5,"extra":1,"ei":2,"l0":"La","c0":"#11a2e3"},"geometry":{"type":"Point","coordinates":[19.445243,50.204921]}},{"type":"Feature","properties":{"lines":"La","arr":["La"],"mode":"bus","angle":-0.2,"extra":1,"ei":3,"l0":"La","c0":"#11a2e3"},"geometry":{"type":"Point","coordinates":[19.448126,50.205096]}},{"type":"Feature","properties":{"lines":"La","arr":["La"],"mode":"bus","angle":3.7,"mi":2,"l0":"La","c0":"#11a2e3"},"geometry":{"type":"Point","coordinates":[19.410577,50.200791]}},{"type":"Feature","properties":{"lines":"La","arr":["La"],"mode":"bus","angle":22.8,"extra":1,"ei":0,"l0":"La","c0":"#11a2e3"},"geometry":{"type":"Point","coordinates":[19.415749,50.200086]}},{"type":"Feature","properties":{"lines":"La","arr":["La"],"mode":"bus","angle":15.5,"extra":1,"ei":1,"l0":"La","c0":"#11a2e3"},"geometry":{"type":"Point","coordinates":[19.413006,50.200674]}},{"type":"Feature","properties":{"lines":"La","arr":["La"],"mode":"bus","angle":14.1,"extra":1,"ei":2,"l0":"La","c0":"#11a2e3"},"geometry":{"type":"Point","coordinates":[19.407136,50.20071]}},{"type":"Feature","properties":{"lines":"La","arr":["La"],"mode":"bus","angle":15,"extra":1,"ei":3,"l0":"La","c0":"#11a2e3"},"geometry":{"type":"Point","coordinates":[19.404362,50.201317]}},{"type":"Feature","properties":{"lines":"La","arr":["La"],"mode":"bus","angle":-68.9,"mi":3,"l0":"La","c0":"#11a2e3"},"geometry":{"type":"Point","coordinates":[19.403517,50.202594]}},{"type":"Feature","properties":{"lines":"La","arr":["La"],"mode":"bus","angle":2,"l0":"La","c0":"#11a2e3"},"geometry":{"type":"Point","coordinates":[19.407214,50.203991]}},{"type":"Feature","properties":{"lines":"La","arr":["La"],"mode":"bus","angle":67.2,"mi":1,"l0":"La","c0":"#11a2e3"},"geometry":{"type":"Point","coordinates":[19.411485,50.202543]}},{"type":"Feature","properties":{"lines":"La","arr":["La"],"mode":"bus","angle":67.4,"extra":1,"ei":0,"l0":"La","c0":"#11a2e3"},"geometry":{"type":"Point","coordinates":[19.410723,50.203668]}},{"type":"Feature","properties":{"lines":"Lb","arr":["Lb"],"mode":"bus","angle":-2.8,"l0":"Lb","c0":"#b59607"},"geometry":{"type":"Point","coordinates":[19.495172,50.183964]}},{"type":"Feature","properties":{"lines":"Lb","arr":["Lb"],"mode":"bus","angle":-50.2,"l0":"Lb","c0":"#b59607"},"geometry":{"type":"Point","coordinates":[19.525151,50.191915]}},{"type":"Feature","properties":{"lines":"Lb","arr":["Lb"],"mode":"bus","angle":-10.3,"extra":1,"ei":0,"l0":"Lb","c0":"#b59607"},"geometry":{"type":"Point","coordinates":[19.497371,50.184134]}},{"type":"Feature","properties":{"lines":"Lb","arr":["Lb"],"mode":"bus","angle":-10.9,"extra":1,"ei":1,"l0":"Lb","c0":"#b59607"},"geometry":{"type":"Point","coordinates":[19.500263,50.184498]}},{"type":"Feature","properties":{"lines":"Lb","arr":["Lb"],"mode":"bus","angle":-10.3,"extra":1,"ei":2,"l0":"Lb","c0":"#b59607"},"geometry":{"type":"Point","coordinates":[19.503162,50.184839]}},{"type":"Feature","properties":{"lines":"Lb","arr":["Lb"],"mode":"bus","angle":-10.6,"extra":1,"ei":3,"l0":"Lb","c0":"#b59607"},"geometry":{"type":"Point","coordinates":[19.506057,50.185189]}},{"type":"Feature","properties":{"lines":"Lb","arr":["Lb"],"mode":"bus","angle":22.6,"extra":1,"ei":4,"l0":"Lb","c0":"#b59607"},"geometry":{"type":"Point","coordinates":[19.50894,50.185281]}},{"type":"Feature","properties":{"lines":"Lb","arr":["Lb"],"mode":"bus","angle":-8,"extra":1,"ei":5,"l0":"Lb","c0":"#b59607"},"geometry":{"type":"Point","coordinates":[19.511777,50.185113]}},{"type":"Feature","properties":{"lines":"Lb","arr":["Lb"],"mode":"bus","angle":-24.9,"extra":1,"ei":6,"l0":"Lb","c0":"#b59607"},"geometry":{"type":"Point","coordinates":[19.514669,50.185451]}},{"type":"Feature","properties":{"lines":"Lb","arr":["Lb"],"mode":"bus","angle":-32.2,"extra":1,"ei":7,"l0":"Lb","c0":"#b59607"},"geometry":{"type":"Point","coordinates":[19.517102,50.186511]}},{"type":"Feature","properties":{"lines":"Lb","arr":["Lb"],"mode":"bus","angle":-32.2,"extra":1,"ei":8,"l0":"Lb","c0":"#b59607"},"geometry":{"type":"Point","coordinates":[19.519596,50.187517]}},{"type":"Feature","properties":{"lines":"Lb","arr":["Lb"],"mode":"bus","angle":-55.7,"extra":1,"ei":9,"l0":"Lb","c0":"#b59607"},"geometry":{"type":"Point","coordinates":[19.521889,50.188669]}},{"type":"Feature","properties":{"lines":"Lb","arr":["Lb"],"mode":"bus","angle":-57.4,"extra":1,"ei":10,"l0":"Lb","c0":"#b59607"},"geometry":{"type":"Point","coordinates":[19.523477,50.190259]}},{"type":"Feature","properties":{"lines":"Lb","arr":["Lb"],"mode":"bus","angle":-24.2,"extra":1,"ei":11,"l0":"Lb","c0":"#b59607"},"geometry":{"type":"Point","coordinates":[19.527603,50.192765]}},{"type":"Feature","properties":{"lines":"Lb","arr":["Lb"],"mode":"bus","angle":-23.6,"extra":1,"ei":12,"l0":"Lb","c0":"#b59607"},"geometry":{"type":"Point","coordinates":[19.530292,50.193538]}},{"type":"Feature","properties":{"lines":"Lb","arr":["Lb"],"mode":"bus","angle":-14.2,"extra":1,"ei":13,"l0":"Lb","c0":"#b59607"},"geometry":{"type":"Point","coordinates":[19.533112,50.194073]}},{"type":"Feature","properties":{"lines":"Lb","arr":["Lb"],"mode":"bus","angle":-13.8,"extra":1,"ei":14,"l0":"Lb","c0":"#b59607"},"geometry":{"type":"Point","coordinates":[19.53597,50.194533]}},{"type":"Feature","properties":{"lines":"Lb","arr":["Lb"],"mode":"bus","angle":44,"extra":1,"ei":15,"l0":"Lb","c0":"#b59607"},"geometry":{"type":"Point","coordinates":[19.537688,50.195417]}},{"type":"Feature","properties":{"lines":"Lb","arr":["Lb"],"mode":"bus","angle":77.8,"extra":1,"ei":16,"l0":"Lb","c0":"#b59607"},"geometry":{"type":"Point","coordinates":[19.53575,50.196772]}},{"type":"Feature","properties":{"lines":"Lb","arr":["Lb"],"mode":"bus","angle":-21,"extra":1,"ei":17,"l0":"Lb","c0":"#b59607"},"geometry":{"type":"Point","coordinates":[19.537232,50.198225]}},{"type":"Feature","properties":{"lines":"Lb","arr":["Lb"],"mode":"bus","angle":-22.7,"extra":1,"ei":18,"l0":"Lb","c0":"#b59607"},"geometry":{"type":"Point","coordinates":[19.539931,50.19898]}},{"type":"Feature","properties":{"lines":"Lb","arr":["Lb"],"mode":"bus","angle":-26.2,"extra":1,"ei":19,"l0":"Lb","c0":"#b59607"},"geometry":{"type":"Point","coordinates":[19.542574,50.199813]}},{"type":"Feature","properties":{"lines":"Lb","arr":["Lb"],"mode":"bus","angle":-21.3,"extra":1,"ei":20,"l0":"Lb","c0":"#b59607"},"geometry":{"type":"Point","coordinates":[19.545225,50.200634]}},{"type":"Feature","properties":{"lines":"Lb","arr":["Lb"],"mode":"bus","angle":-21.2,"extra":1,"ei":21,"l0":"Lb","c0":"#b59607"},"geometry":{"type":"Point","coordinates":[19.547973,50.201316]}},{"type":"Feature","properties":{"lines":"Lb","arr":["Lb"],"mode":"bus","angle":-73.6,"l0":"Lb","c0":"#b59607"},"geometry":{"type":"Point","coordinates":[19.554322,50.203403]}},{"type":"Feature","properties":{"lines":"Lb","arr":["Lb"],"mode":"bus","angle":-21.8,"extra":1,"ei":0,"l0":"Lb","c0":"#b59607"},"geometry":{"type":"Point","coordinates":[19.550965,50.202061]}},{"type":"Feature","properties":{"lines":"Lb","arr":["Lb"],"mode":"bus","angle":-66.1,"extra":1,"ei":1,"l0":"Lb","c0":"#b59607"},"geometry":{"type":"Point","coordinates":[19.555178,50.206217]}},{"type":"Feature","properties":{"lines":"P","arr":["P"],"mode":"bus","angle":10.7,"mi":2,"l0":"P","c0":"#f661b9"},"geometry":{"type":"Point","coordinates":[19.43898,50.12122]}},{"type":"Feature","properties":{"lines":"P","arr":["P"],"mode":"bus","angle":2.1,"extra":1,"ei":0,"l0":"P","c0":"#f661b9"},"geometry":{"type":"Point","coordinates":[19.443215,50.121178]}},{"type":"Feature","properties":{"lines":"P","arr":["P"],"mode":"bus","angle":39.2,"extra":1,"ei":1,"l0":"P","c0":"#f661b9"},"geometry":{"type":"Point","coordinates":[19.435307,50.122966]}},{"type":"Feature","properties":{"lines":"P","arr":["P"],"mode":"bus","angle":0.9,"l0":"P","c0":"#f661b9"},"geometry":{"type":"Point","coordinates":[19.451556,50.121054]}},{"type":"Feature","properties":{"lines":"P","arr":["P"],"mode":"bus","angle":1.3,"extra":1,"ei":0,"l0":"P","c0":"#f661b9"},"geometry":{"type":"Point","coordinates":[19.44616,50.121122]}},{"type":"Feature","properties":{"lines":"P","arr":["P"],"mode":"bus","angle":0.6,"extra":1,"ei":1,"l0":"P","c0":"#f661b9"},"geometry":{"type":"Point","coordinates":[19.449106,50.121076]}},{"type":"Feature","properties":{"lines":"P","arr":["P"],"mode":"bus","angle":1,"extra":1,"ei":2,"l0":"P","c0":"#f661b9"},"geometry":{"type":"Point","coordinates":[19.454999,50.121016]}},{"type":"Feature","properties":{"lines":"P","arr":["P"],"mode":"bus","angle":0.5,"extra":1,"ei":3,"l0":"P","c0":"#f661b9"},"geometry":{"type":"Point","coordinates":[19.457945,50.120987]}},{"type":"Feature","properties":{"lines":"P","arr":["P"],"mode":"bus","angle":-89.5,"mi":1,"l0":"P","c0":"#f661b9"},"geometry":{"type":"Point","coordinates":[19.461999,50.124484]}},{"type":"Feature","properties":{"lines":"P","arr":["P"],"mode":"bus","angle":-50.8,"extra":1,"ei":0,"l0":"P","c0":"#f661b9"},"geometry":{"type":"Point","coordinates":[19.458659,50.121886]}},{"type":"Feature","properties":{"lines":"P","arr":["P"],"mode":"bus","angle":-37.2,"extra":1,"ei":1,"l0":"P","c0":"#f661b9"},"geometry":{"type":"Point","coordinates":[19.460985,50.123045]}},{"type":"Feature","properties":{"lines":"P","arr":["P"],"mode":"bus","angle":83.7,"extra":1,"ei":2,"l0":"P","c0":"#f661b9"},"geometry":{"type":"Point","coordinates":[19.46194,50.126506]}},{"type":"Feature","properties":{"lines":"P","arr":["P"],"mode":"bus","angle":-44.6,"extra":1,"ei":3,"l0":"P","c0":"#f661b9"},"geometry":{"type":"Point","coordinates":[19.462715,50.128221]}}]}