{"type":"FeatureCollection","features":[{"type":"Feature","geometry":{"type":"Point","coordinates":[19.392099,50.128225]},"properties":{"name":"Chrzanów Fablok","lines":"3, 30","arr":["3","30"],"terminus":1,"mode":"bus","color":"#0059a9","colorDark":"#00294f","angle":-45.8,"snapDist":11,"label":1}},{"type":"Feature","geometry":{"type":"Point","coordinates":[19.399081,50.133392]},"properties":{"name":"Chrzanów PKP","lines":"3","arr":["3"],"terminus":0,"mode":"bus","color":"#0059a9","colorDark":"#00294f","angle":133.6,"snapDist":7,"label":1}},{"type":"Feature","geometry":{"type":"Point","coordinates":[19.407345,50.138836]},"properties":{"name":"Chrzanów Podwale","lines":"3, 8, 9, 15, 17b, 25, 30, 32a, 35, 38","arr":["3","8","9","15","17b","25","30","32a","35","38"],"terminus":0,"mode":"bus","color":"#0059a9","colorDark":"#00294f","angle":134.2,"snapDist":12,"label":1}},{"type":"Feature","geometry":{"type":"Point","coordinates":[19.411537,50.142649]},"properties":{"name":"Chrzanów Dworzec Autobusowy","lines":"3, 29, 33","arr":["3","29","33"],"terminus":1,"mode":"bus","color":"#0059a9","colorDark":"#00294f","angle":156.4,"snapDist":5,"label":1}},{"type":"Feature","geometry":{"type":"Point","coordinates":[19.404983,50.143907]},"properties":{"name":"Chrzanów Plac Tysiąclecia","lines":"3, 8, 9, 15, 25, 29, 30, 31, 32a, 32b, 33, 38","arr":["3","8","9","15","25","29","30","31","32a","32b","33","38"],"terminus":0,"mode":"bus","color":"#0059a9","colorDark":"#00294f","angle":337.2,"snapDist":2,"label":1}},{"type":"Feature","geometry":{"type":"Point","coordinates":[19.397897,50.142328]},"properties":{"name":"Chrzanów ZUS","lines":"3, 8, 9, 15, 25, 30, 31, 32a, 32b, 38","arr":["3","8","9","15","25","30","31","32a","32b","38"],"terminus":0,"mode":"bus","color":"#0059a9","colorDark":"#00294f","angle":295.4,"snapDist":5,"label":1}},{"type":"Feature","geometry":{"type":"Point","coordinates":[19.400291,50.136421]},"properties":{"name":"Chrzanów Sienna","lines":"3, 8, 9, 15, 25, 30, 31, 32a, 32b, 38","arr":["3","8","9","15","25","30","31","32a","32b","38"],"terminus":0,"mode":"bus","color":"#0059a9","colorDark":"#00294f","angle":214.1,"snapDist":11,"label":1}},{"type":"Feature","geometry":{"type":"Point","coordinates":[19.398843,50.133232]},"properties":{"name":"Chrzanów PKP","lines":"3, 30","arr":["3","30"],"terminus":0,"mode":"bus","color":"#0059a9","colorDark":"#00294f","angle":313.6,"snapDist":1,"label":0}},{"type":"Feature","geometry":{"type":"Point","coordinates":[19.411584,50.142564]},"properties":{"name":"Chrzanów Dworzec Autobusowy","lines":"8, 15, 25, 38","arr":["8","15","25","38"],"terminus":1,"mode":"bus","color":"#0059a9","colorDark":"#00294f","angle":155.8,"snapDist":4,"label":0}},{"type":"Feature","geometry":{"type":"Point","coordinates":[19.400644,50.133228]},"properties":{"name":"Chrzanów Kolejowa","lines":"8, 31, 38","arr":["8","31","38"],"terminus":0,"mode":"bus","color":"#0059a9","colorDark":"#00294f","angle":292.6,"snapDist":1,"label":1}},{"type":"Feature","geometry":{"type":"Point","coordinates":[19.397685,50.125289]},"properties":{"name":"Chrzanów Rospontowa I","lines":"8, 38","arr":["8","38"],"terminus":0,"mode":"bus","color":"#0059a9","colorDark":"#00294f","angle":305.1,"snapDist":7,"label":1}},{"type":"Feature","geometry":{"type":"Point","coordinates":[19.39165,50.120725]},"properties":{"name":"Chrzanów Rospontowa II","lines":"8, 38","arr":["8","38"],"terminus":0,"mode":"bus","color":"#0059a9","colorDark":"#00294f","angle":277.5,"snapDist":7,"label":1}},{"type":"Feature","geometry":{"type":"Point","coordinates":[19.385971,50.115463]},"properties":{"name":"Chrzanów Borowiec I","lines":"8, 38","arr":["8","38"],"terminus":0,"mode":"bus","color":"#0059a9","colorDark":"#00294f","angle":314.9,"snapDist":5,"label":1}},{"type":"Feature","geometry":{"type":"Point","coordinates":[19.378964,50.104658]},"properties":{"name":"Chrzanów Borowiec II","lines":"8, 38","arr":["8","38"],"terminus":0,"mode":"bus","color":"#0059a9","colorDark":"#00294f","angle":260.7,"snapDist":5,"label":1}},{"type":"Feature","geometry":{"type":"Point","coordinates":[19.377045,50.100335]},"properties":{"name":"Chrzanów Borowiec III","lines":"8, 38","arr":["8","38"],"terminus":0,"mode":"bus","color":"#0059a9","colorDark":"#00294f","angle":20.6,"snapDist":4,"label":1}},{"type":"Feature","geometry":{"type":"Point","coordinates":[19.376142,50.08999]},"properties":{"name":"Babice Maniska Las","lines":"8, 38","arr":["8","38"],"terminus":0,"mode":"bus","color":"#0059a9","colorDark":"#00294f","angle":273.1,"snapDist":8,"label":1}},{"type":"Feature","geometry":{"type":"Point","coordinates":[19.375291,50.079725]},"properties":{"name":"Babice Skrzyżowanie","lines":"8, 38","arr":["8","38"],"terminus":0,"mode":"bus","color":"#0059a9","colorDark":"#00294f","angle":273.2,"snapDist":3,"label":1}},{"type":"Feature","geometry":{"type":"Point","coordinates":[19.364291,50.081762]},"properties":{"name":"Żarki Młyn","lines":"8, 38","arr":["8","38"],"terminus":0,"mode":"bus","color":"#0059a9","colorDark":"#00294f","angle":345.9,"snapDist":2,"label":1}},{"type":"Feature","geometry":{"type":"Point","coordinates":[19.351362,50.082646]},"properties":{"name":"Żarki Centrum","lines":"8, B","arr":["8","B"],"terminus":0,"mode":"bus","color":"#0059a9","colorDark":"#00294f","angle":20.3,"snapDist":3,"label":1}},{"type":"Feature","geometry":{"type":"Point","coordinates":[19.342308,50.084608]},"properties":{"name":"Żarki Kościuszki","lines":"8, B","arr":["8","B"],"terminus":0,"mode":"bus","color":"#0059a9","colorDark":"#00294f","angle":16.7,"snapDist":5,"label":1}},{"type":"Feature","geometry":{"type":"Point","coordinates":[19.332906,50.086348]},"properties":{"name":"Libiąż Górka Moczydlańska","lines":"8, B","arr":["8","B"],"terminus":0,"mode":"bus","color":"#0059a9","colorDark":"#00294f","angle":15.4,"snapDist":4,"label":1}},{"type":"Feature","geometry":{"type":"Point","coordinates":[19.321941,50.087659]},"properties":{"name":"Libiąż Krakowska Moczydło","lines":"8, B","arr":["8","B"],"terminus":0,"mode":"bus","color":"#0059a9","colorDark":"#00294f","angle":343.7,"snapDist":3,"label":1}},{"type":"Feature","geometry":{"type":"Point","coordinates":[19.321291,50.091773]},"properties":{"name":"Libiąż Sikorskiego Moczydło","lines":"8, 15, B","arr":["8","15","B"],"terminus":0,"mode":"bus","color":"#0059a9","colorDark":"#00294f","angle":84.8,"snapDist":5,"label":1}},{"type":"Feature","geometry":{"type":"Point","coordinates":[19.320738,50.099021]},"properties":{"name":"Libiąż Skotnica","lines":"8, 15, B","arr":["8","15","B"],"terminus":0,"mode":"bus","color":"#0059a9","colorDark":"#00294f","angle":139.7,"snapDist":13,"label":1}},{"type":"Feature","geometry":{"type":"Point","coordinates":[19.327708,50.101341]},"properties":{"name":"Libiąż Makowa","lines":"8, 15, B","arr":["8","15","B"],"terminus":0,"mode":"bus","color":"#0059a9","colorDark":"#00294f","angle":167.8,"snapDist":13,"label":1}},{"type":"Feature","geometry":{"type":"Point","coordinates":[19.329254,50.096216]},"properties":{"name":"Libiąż Kopalnia Janina","lines":"8, 15, 25, 38, A, B","arr":["8","15","25","38","A","B"],"terminus":1,"mode":"bus","color":"#0059a9","colorDark":"#00294f","angle":164.9,"snapDist":19,"label":1}},{"type":"Feature","geometry":{"type":"Point","coordinates":[19.330005,50.106421]},"properties":{"name":"Libiąż Dworzec Autobusowy","lines":"8, 15, 25","arr":["8","15","25"],"terminus":1,"mode":"bus","color":"#0059a9","colorDark":"#00294f","angle":46.6,"snapDist":2,"label":1}},{"type":"Feature","geometry":{"type":"Point","coordinates":[19.313546,50.103]},"properties":{"name":"Libiąż Urząd Miejski","lines":"8, 15, 25, A, B","arr":["8","15","25","A","B"],"terminus":0,"mode":"bus","color":"#0059a9","colorDark":"#00294f","angle":-41.2,"snapDist":7,"label":1}},{"type":"Feature","geometry":{"type":"Point","coordinates":[19.306111,50.098595]},"properties":{"name":"Libiąż Oświęcimska Kościół","lines":"8, 15, 25, A, B","arr":["8","15","25","A","B"],"terminus":0,"mode":"bus","color":"#0059a9","colorDark":"#00294f","angle":-50.3,"snapDist":11,"label":1}},{"type":"Feature","geometry":{"type":"Point","coordinates":[19.303338,50.098853]},"properties":{"name":"Libiąż Spokojna Cmentarz","lines":"8, 25","arr":["8","25"],"terminus":0,"mode":"bus","color":"#0059a9","colorDark":"#00294f","angle":159.4,"snapDist":1,"label":1}},{"type":"Feature","geometry":{"type":"Point","coordinates":[19.301377,50.103001]},"properties":{"name":"Libiąż Spokojna","lines":"8, 25","arr":["8","25"],"terminus":0,"mode":"bus","color":"#0059a9","colorDark":"#00294f","angle":74.4,"snapDist":5,"label":1}},{"type":"Feature","geometry":{"type":"Point","coordinates":[19.296684,50.103803]},"properties":{"name":"Libiąż Jazdówka Spółdzielnia","lines":"8, 25","arr":["8","25"],"terminus":0,"mode":"bus","color":"#0059a9","colorDark":"#00294f","angle":16.4,"snapDist":2,"label":1}},{"type":"Feature","geometry":{"type":"Point","coordinates":[19.287078,50.104246]},"properties":{"name":"Libiąż Jazdówka","lines":"8, 25","arr":["8","25"],"terminus":0,"mode":"bus","color":"#0059a9","colorDark":"#00294f","angle":1.9,"snapDist":1,"label":1}},{"type":"Feature","geometry":{"type":"Point","coordinates":[19.286352,50.109702]},"properties":{"name":"Libiąż Kosówki","lines":"8, 25","arr":["8","25"],"terminus":0,"mode":"bus","color":"#0059a9","colorDark":"#00294f","angle":88.8,"snapDist":10,"label":1}},{"type":"Feature","geometry":{"type":"Point","coordinates":[19.276951,50.110927]},"properties":{"name":"Libiąż Kosówki Paprocia","lines":"8, 25","arr":["8","25"],"terminus":0,"mode":"bus","color":"#0059a9","colorDark":"#00294f","angle":289.6,"snapDist":7,"label":1}},{"type":"Feature","geometry":{"type":"Point","coordinates":[19.268803,50.10121]},"properties":{"name":"Chełmek Osiedle","lines":"8, 25","arr":["8","25"],"terminus":0,"mode":"bus","color":"#0059a9","colorDark":"#00294f","angle":289.9,"snapDist":4,"label":1}},{"type":"Feature","geometry":{"type":"Point","coordinates":[19.263131,50.10058]},"properties":{"name":"Chełmek Krakowska","lines":"8, 25","arr":["8","25"],"terminus":0,"mode":"bus","color":"#0059a9","colorDark":"#00294f","angle":353.9,"snapDist":7,"label":1}},{"type":"Feature","geometry":{"type":"Point","coordinates":[19.252052,50.100068]},"properties":{"name":"Chełmek Policja","lines":"8, 25","arr":["8","25"],"terminus":0,"mode":"bus","color":"#0059a9","colorDark":"#00294f","angle":357.6,"snapDist":5,"label":1}},{"type":"Feature","geometry":{"type":"Point","coordinates":[19.249322,50.101471]},"properties":{"name":"Chełmek Stara Remiza","lines":"8, 25","arr":["8","25"],"terminus":0,"mode":"bus","color":"#0059a9","colorDark":"#00294f","angle":104.6,"snapDist":6,"label":1}},{"type":"Feature","geometry":{"type":"Point","coordinates":[19.249408,50.105696]},"properties":{"name":"Chełmek Mickiewicza","lines":"8, 25","arr":["8","25"],"terminus":0,"mode":"bus","color":"#0059a9","colorDark":"#00294f","angle":69.5,"snapDist":2,"label":1}},{"type":"Feature","geometry":{"type":"Point","coordinates":[19.243216,50.108998]},"properties":{"name":"Chełmek Młyny","lines":"8, 25","arr":["8","25"],"terminus":1,"mode":"bus","color":"#0059a9","colorDark":"#00294f","angle":35.8,"snapDist":4,"label":1}},{"type":"Feature","geometry":{"type":"Point","coordinates":[19.237661,50.107376]},"properties":{"name":"Chełmek Jagiellońska","lines":"8, 25","arr":["8","25"],"terminus":0,"mode":"bus","color":"#0059a9","colorDark":"#00294f","angle":297.4,"snapDist":1,"label":1}},{"type":"Feature","geometry":{"type":"Point","coordinates":[19.232789,50.10199]},"properties":{"name":"Chełmek Dom Ludowy","lines":"8, 25","arr":["8","25"],"terminus":0,"mode":"bus","color":"#0059a9","colorDark":"#00294f","angle":284.2,"snapDist":6,"label":1}},{"type":"Feature","geometry":{"type":"Point","coordinates":[19.237893,50.097626]},"properties":{"name":"Chełmek Chrobrego Szkoła","lines":"8, 25","arr":["8","25"],"terminus":1,"mode":"bus","color":"#0059a9","colorDark":"#00294f","angle":215.5,"snapDist":9,"label":1}},{"type":"Feature","geometry":{"type":"Point","coordinates":[19.252264,50.100071]},"properties":{"name":"Chełmek Policja","lines":"8, 25","arr":["8","25"],"terminus":0,"mode":"bus","color":"#0059a9","colorDark":"#00294f","angle":179.1,"snapDist":10,"label":0}},{"type":"Feature","geometry":{"type":"Point","coordinates":[19.264515,50.100676]},"properties":{"name":"Chełmek Krakowska","lines":"8, 25","arr":["8","25"],"terminus":0,"mode":"bus","color":"#0059a9","colorDark":"#00294f","angle":174.6,"snapDist":11,"label":0}},{"type":"Feature","geometry":{"type":"Point","coordinates":[19.26871,50.101045]},"properties":{"name":"Chełmek Osiedle","lines":"8, 25, A, B","arr":["8","25","A","B"],"terminus":0,"mode":"bus","color":"#0059a9","colorDark":"#00294f","angle":109.9,"snapDist":6,"label":0}},{"type":"Feature","geometry":{"type":"Point","coordinates":[19.276724,50.110518]},"properties":{"name":"Libiąż Kosówki Paprocia","lines":"8, 25, A, B","arr":["8","25","A","B"],"terminus":0,"mode":"bus","color":"#0059a9","colorDark":"#00294f","angle":109.3,"snapDist":12,"label":0}},{"type":"Feature","geometry":{"type":"Point","coordinates":[19.286349,50.109789]},"properties":{"name":"Libiąż Kosówki","lines":"8, 25, A, B","arr":["8","25","A","B"],"terminus":0,"mode":"bus","color":"#0059a9","colorDark":"#00294f","angle":268.8,"snapDist":5,"label":0}},{"type":"Feature","geometry":{"type":"Point","coordinates":[19.287099,50.104245]},"properties":{"name":"Libiąż Jazdówka","lines":"8, 25, A, B","arr":["8","25","A","B"],"terminus":0,"mode":"bus","color":"#0059a9","colorDark":"#00294f","angle":181.9,"snapDist":15,"label":0}},{"type":"Feature","geometry":{"type":"Point","coordinates":[19.29659,50.103821]},"properties":{"name":"Libiąż Jazdówka Spółdzielnia","lines":"8, 25, A, B","arr":["8","25","A","B"],"terminus":0,"mode":"bus","color":"#0059a9","colorDark":"#00294f","angle":196.4,"snapDist":16,"label":0}},{"type":"Feature","geometry":{"type":"Point","coordinates":[19.301182,50.103444]},"properties":{"name":"Libiąż Spokojna","lines":"8, 25, A, B","arr":["8","25","A","B"],"terminus":0,"mode":"bus","color":"#0059a9","colorDark":"#00294f","angle":254.2,"snapDist":9,"label":0}},{"type":"Feature","geometry":{"type":"Point","coordinates":[19.303652,50.097907]},"properties":{"name":"Libiąż Spokojna Cmentarz","lines":"8, 25, A, B","arr":["8","25","A","B"],"terminus":0,"mode":"bus","color":"#0059a9","colorDark":"#00294f","angle":254.4,"snapDist":10,"label":0}},{"type":"Feature","geometry":{"type":"Point","coordinates":[19.306702,50.099082]},"properties":{"name":"Libiąż Oświęcimska Kościół","lines":"8, 15, 25, A, B","arr":["8","15","25","A","B"],"terminus":0,"mode":"bus","color":"#0059a9","colorDark":"#00294f","angle":126.6,"snapDist":14,"label":0}},{"type":"Feature","geometry":{"type":"Point","coordinates":[19.313382,50.10277]},"properties":{"name":"Libiąż Urząd Miejski","lines":"8, 15, 25, A, B","arr":["8","15","25","A","B"],"terminus":0,"mode":"bus","color":"#0059a9","colorDark":"#00294f","angle":133,"snapDist":14,"label":0}},{"type":"Feature","geometry":{"type":"Point","coordinates":[19.327745,50.101346]},"properties":{"name":"Libiąż Makowa","lines":"8, 25, B","arr":["8","25","B"],"terminus":0,"mode":"bus","color":"#0059a9","colorDark":"#00294f","angle":347.8,"snapDist":3,"label":0}},{"type":"Feature","geometry":{"type":"Point","coordinates":[19.320631,50.098963]},"properties":{"name":"Libiąż Skotnica","lines":"8, 25, B","arr":["8","25","B"],"terminus":0,"mode":"bus","color":"#0059a9","colorDark":"#00294f","angle":319.7,"snapDist":2,"label":0}},{"type":"Feature","geometry":{"type":"Point","coordinates":[19.321286,50.091813]},"properties":{"name":"Libiąż Sikorskiego Moczydło","lines":"8, 25, B","arr":["8","25","B"],"terminus":0,"mode":"bus","color":"#0059a9","colorDark":"#00294f","angle":264.8,"snapDist":6,"label":0}},{"type":"Feature","geometry":{"type":"Point","coordinates":[19.321027,50.087488]},"properties":{"name":"Libiąż Krakowska Moczydło","lines":"8, 25, B","arr":["8","25","B"],"terminus":0,"mode":"bus","color":"#0059a9","colorDark":"#00294f","angle":164.2,"snapDist":19,"label":0}},{"type":"Feature","geometry":{"type":"Point","coordinates":[19.333679,50.086212]},"properties":{"name":"Libiąż Górka Moczydlańska","lines":"8, 25, B","arr":["8","25","B"],"terminus":0,"mode":"bus","color":"#0059a9","colorDark":"#00294f","angle":195,"snapDist":9,"label":0}},{"type":"Feature","geometry":{"type":"Point","coordinates":[19.343238,50.08443]},"properties":{"name":"Żarki Kościuszki","lines":"8, 25, B","arr":["8","25","B"],"terminus":0,"mode":"bus","color":"#0059a9","colorDark":"#00294f","angle":196.6,"snapDist":19,"label":0}},{"type":"Feature","geometry":{"type":"Point","coordinates":[19.35327,50.082364]},"properties":{"name":"Żarki Centrum","lines":"8, 38","arr":["8","38"],"terminus":0,"mode":"bus","color":"#0059a9","colorDark":"#00294f","angle":187.5,"snapDist":13,"label":0}},{"type":"Feature","geometry":{"type":"Point","coordinates":[19.364415,50.081782]},"properties":{"name":"Żarki Młyn","lines":"8, 38","arr":["8","38"],"terminus":0,"mode":"bus","color":"#0059a9","colorDark":"#00294f","angle":165.9,"snapDist":19,"label":0}},{"type":"Feature","geometry":{"type":"Point","coordinates":[19.3753,50.07983]},"properties":{"name":"Babice Skrzyżowanie","lines":"8, 38","arr":["8","38"],"terminus":0,"mode":"bus","color":"#0059a9","colorDark":"#00294f","angle":93.2,"snapDist":6,"label":0}},{"type":"Feature","geometry":{"type":"Point","coordinates":[19.376163,50.090217]},"properties":{"name":"Babice Maniska Las","lines":"8, 38","arr":["8","38"],"terminus":0,"mode":"bus","color":"#0059a9","colorDark":"#00294f","angle":93.5,"snapDist":11,"label":0}},{"type":"Feature","geometry":{"type":"Point","coordinates":[19.37727,50.101023]},"properties":{"name":"Chrzanów Borowiec III","lines":"8, 38","arr":["8","38"],"terminus":0,"mode":"bus","color":"#0059a9","colorDark":"#00294f","angle":163.7,"snapDist":7,"label":0}},{"type":"Feature","geometry":{"type":"Point","coordinates":[19.37903,50.1042]},"properties":{"name":"Chrzanów Borowiec II","lines":"8, 38","arr":["8","38"],"terminus":0,"mode":"bus","color":"#0059a9","colorDark":"#00294f","angle":120.9,"snapDist":7,"label":0}},{"type":"Feature","geometry":{"type":"Point","coordinates":[19.38599,50.115347]},"properties":{"name":"Chrzanów Borowiec I","lines":"8, 38","arr":["8","38"],"terminus":0,"mode":"bus","color":"#0059a9","colorDark":"#00294f","angle":135.8,"snapDist":2,"label":0}},{"type":"Feature","geometry":{"type":"Point","coordinates":[19.391709,50.121014]},"properties":{"name":"Chrzanów Rospontowa II","lines":"8, 38","arr":["8","38"],"terminus":0,"mode":"bus","color":"#0059a9","colorDark":"#00294f","angle":97.5,"snapDist":9,"label":0}},{"type":"Feature","geometry":{"type":"Point","coordinates":[19.397147,50.124814]},"properties":{"name":"Chrzanów Rospontowa I","lines":"8, 38","arr":["8","38"],"terminus":0,"mode":"bus","color":"#0059a9","colorDark":"#00294f","angle":127,"snapDist":14,"label":0}},{"type":"Feature","geometry":{"type":"Point","coordinates":[19.400983,50.133763]},"properties":{"name":"Chrzanów Kolejowa","lines":"8, 38","arr":["8","38"],"terminus":0,"mode":"bus","color":"#0059a9","colorDark":"#00294f","angle":112.5,"snapDist":17,"label":0}},{"type":"Feature","geometry":{"type":"Point","coordinates":[19.467481,50.210231]},"properties":{"name":"Czyżówka Pętla","lines":"9, 42","arr":["9","42"],"terminus":1,"mode":"bus","color":"#0059a9","colorDark":"#00294f","angle":166.5,"snapDist":9,"label":1}},{"type":"Feature","geometry":{"type":"Point","coordinates":[19.472996,50.208929]},"properties":{"name":"Czyżówka Kaplica","lines":"9, 42","arr":["9","42"],"terminus":0,"mode":"bus","color":"#0059a9","colorDark":"#00294f","angle":194.6,"snapDist":11,"label":1}},{"type":"Feature","geometry":{"type":"Point","coordinates":[19.476836,50.208316]},"properties":{"name":"Czyżówka Mostek","lines":"9","arr":["9"],"terminus":0,"mode":"bus","color":"#0059a9","colorDark":"#00294f","angle":257,"snapDist":5,"label":1}},{"type":"Feature","geometry":{"type":"Point","coordinates":[19.465452,50.201076]},"properties":{"name":"Czyżówka Piła Myślachowicka","lines":"9","arr":["9"],"terminus":0,"mode":"bus","color":"#0059a9","colorDark":"#00294f","angle":334.9,"snapDist":3,"label":1}},{"type":"Feature","geometry":{"type":"Point","coordinates":[19.453679,50.200146]},"properties":{"name":"Trzebinia Os.Energetyków","lines":"9, La","arr":["9","La"],"terminus":1,"mode":"bus","color":"#0059a9","colorDark":"#00294f","angle":344.7,"snapDist":1,"label":1}},{"type":"Feature","geometry":{"type":"Point","coordinates":[19.444362,50.198522]},"properties":{"name":"Trzebinia Gaj Siersza","lines":"9, La","arr":["9","La"],"terminus":0,"mode":"bus","color":"#0059a9","colorDark":"#00294f","angle":342.9,"snapDist":7,"label":1}},{"type":"Feature","geometry":{"type":"Point","coordinates":[19.435315,50.196646]},"properties":{"name":"Trzebinia Siersza Huta","lines":"9, La","arr":["9","La"],"terminus":0,"mode":"bus","color":"#0059a9","colorDark":"#00294f","angle":334.5,"snapDist":0,"label":1}},{"type":"Feature","geometry":{"type":"Point","coordinates":[19.42985,50.194727]},"properties":{"name":"Trzebinia Siersza Kościół","lines":"9, 10, La, N","arr":["9","10","La","N"],"terminus":0,"mode":"bus","color":"#0059a9","colorDark":"#00294f","angle":32.5,"snapDist":2,"label":1}},{"type":"Feature","geometry":{"type":"Point","coordinates":[19.42546,50.197251]},"properties":{"name":"Trzebinia Siersza Liceum","lines":"9, 10, La, N","arr":["9","10","La","N"],"terminus":0,"mode":"bus","color":"#0059a9","colorDark":"#00294f","angle":26.4,"snapDist":1,"label":0}},{"type":"Feature","geometry":{"type":"Point","coordinates":[19.421448,50.198202]},"properties":{"name":"Trzebinia Siersza Zwycięstwa","lines":"9, 10, La","arr":["9","10","La"],"terminus":0,"mode":"bus","color":"#0059a9","colorDark":"#00294f","angle":22.8,"snapDist":1,"label":1}},{"type":"Feature","geometry":{"type":"Point","coordinates":[19.425454,50.197253]},"properties":{"name":"Trzebinia Siersza Liceum","lines":"9, 10, La","arr":["9","10","La"],"terminus":1,"mode":"bus","color":"#0059a9","colorDark":"#00294f","angle":-153.6,"snapDist":14,"label":1}},{"type":"Feature","geometry":{"type":"Point","coordinates":[19.429843,50.19473]},"properties":{"name":"Trzebinia Siersza Kościół","lines":"9, 10, La","arr":["9","10","La"],"terminus":0,"mode":"bus","color":"#0059a9","colorDark":"#00294f","angle":-147.5,"snapDist":10,"label":0}},{"type":"Feature","geometry":{"type":"Point","coordinates":[19.434867,50.192677]},"properties":{"name":"Trzebinia Siersza Stadion","lines":"9, 10","arr":["9","10"],"terminus":0,"mode":"bus","color":"#0059a9","colorDark":"#00294f","angle":211.9,"snapDist":7,"label":1}},{"type":"Feature","geometry":{"type":"Point","coordinates":[19.439782,50.190704]},"properties":{"name":"Trzebinia Siersza Trętowiec","lines":"9, 10","arr":["9","10"],"terminus":0,"mode":"bus","color":"#0059a9","colorDark":"#00294f","angle":212,"snapDist":13,"label":1}},{"type":"Feature","geometry":{"type":"Point","coordinates":[19.449542,50.186631]},"properties":{"name":"Trzebinia Siersza Ośrodek Zdrowia","lines":"9, 10","arr":["9","10"],"terminus":0,"mode":"bus","color":"#0059a9","colorDark":"#00294f","angle":122.5,"snapDist":9,"label":1}},{"type":"Feature","geometry":{"type":"Point","coordinates":[19.453812,50.185159]},"properties":{"name":"Trzebinia KWK Siersza","lines":"9, 10","arr":["9","10"],"terminus":1,"mode":"bus","color":"#0059a9","colorDark":"#00294f","angle":210.9,"snapDist":0,"label":1}},{"type":"Feature","geometry":{"type":"Point","coordinates":[19.457532,50.179614]},"properties":{"name":"Trzebinia Krze I","lines":"9, 10","arr":["9","10"],"terminus":0,"mode":"bus","color":"#0059a9","colorDark":"#00294f","angle":321.5,"snapDist":1,"label":1}},{"type":"Feature","geometry":{"type":"Point","coordinates":[19.452757,50.177631]},"properties":{"name":"Trzebinia Górka Kościół","lines":"9","arr":["9"],"terminus":0,"mode":"bus","color":"#0059a9","colorDark":"#00294f","angle":352.1,"snapDist":3,"label":1}},{"type":"Feature","geometry":{"type":"Point","coordinates":[19.439932,50.174554]},"properties":{"name":"Trzebinia Kolonia","lines":"9","arr":["9"],"terminus":0,"mode":"bus","color":"#0059a9","colorDark":"#00294f","angle":323.2,"snapDist":7,"label":1}},{"type":"Feature","geometry":{"type":"Point","coordinates":[19.43585,50.170441]},"properties":{"name":"Trzebinia Wodna","lines":"9","arr":["9"],"terminus":0,"mode":"bus","color":"#0059a9","colorDark":"#00294f","angle":221,"snapDist":19,"label":1}},{"type":"Feature","geometry":{"type":"Point","coordinates":[19.444034,50.167115]},"properties":{"name":"Trzebinia Trzebionka","lines":"9","arr":["9"],"terminus":0,"mode":"bus","color":"#0059a9","colorDark":"#00294f","angle":195.2,"snapDist":14,"label":1}},{"type":"Feature","geometry":{"type":"Point","coordinates":[19.456771,50.164985]},"properties":{"name":"Trzebinia Górka","lines":"9","arr":["9"],"terminus":0,"mode":"bus","color":"#0059a9","colorDark":"#00294f","angle":294.6,"snapDist":7,"label":1}},{"type":"Feature","geometry":{"type":"Point","coordinates":[19.461544,50.161721]},"properties":{"name":"Trzebinia Balaton","lines":"9, 10, La","arr":["9","10","La"],"terminus":0,"mode":"bus","color":"#0059a9","colorDark":"#00294f","angle":219.4,"snapDist":16,"label":1}},{"type":"Feature","geometry":{"type":"Point","coordinates":[19.46596,50.159168]},"properties":{"name":"Trzebinia Mały Rynek Kościuszki","lines":"9, 10, 15, 41, 42, La, Lb, Lc","arr":["9","10","15","41","42","La","Lb","Lc"],"terminus":1,"mode":"bus","color":"#0059a9","colorDark":"#00294f","angle":337.1,"snapDist":3,"label":1}},{"type":"Feature","geometry":{"type":"Point","coordinates":[19.454056,50.155141]},"properties":{"name":"Trzebinia PKP","lines":"9, 15, 41, 42","arr":["9","15","41","42"],"terminus":1,"mode":"bus","color":"#0059a9","colorDark":"#00294f","angle":308.1,"snapDist":1,"label":1}},{"type":"Feature","geometry":{"type":"Point","coordinates":[19.442344,50.151913]},"properties":{"name":"Trzebinia Długa","lines":"9, 15, 41, 42","arr":["9","15","41","42"],"terminus":0,"mode":"bus","color":"#0059a9","colorDark":"#00294f","angle":334.8,"snapDist":6,"label":1}},{"type":"Feature","geometry":{"type":"Point","coordinates":[19.433883,50.144061]},"properties":{"name":"Chrzanów Valeo","lines":"9, 15, 41","arr":["9","15","41"],"terminus":0,"mode":"bus","color":"#0059a9","colorDark":"#00294f","angle":80.2,"snapDist":3,"label":1}},{"type":"Feature","geometry":{"type":"Point","coordinates":[19.411496,50.142748]},"properties":{"name":"Chrzanów Dworzec Autobusowy","lines":"9, 10","arr":["9","10"],"terminus":1,"mode":"bus","color":"#0059a9","colorDark":"#00294f","angle":334.6,"snapDist":2,"label":0}},{"type":"Feature","geometry":{"type":"Point","coordinates":[19.462663,50.204972]},"properties":{"name":"Trzebinia Elektrownia Siersza","lines":"9","arr":["9"],"terminus":1,"mode":"bus","color":"#0059a9","colorDark":"#00294f","angle":284.9,"snapDist":3,"label":1}},{"type":"Feature","geometry":{"type":"Point","coordinates":[19.414339,50.143308]},"properties":{"name":"Chrzanów Trzebińska","lines":"9, 41, 42, P","arr":["9","41","42","P"],"terminus":1,"mode":"bus","color":"#0059a9","colorDark":"#00294f","angle":334.2,"snapDist":6,"label":1}},{"type":"Feature","geometry":{"type":"Point","coordinates":[19.41454,50.143095]},"properties":{"name":"Chrzanów Trzebińska","lines":"9, 15, 42, P","arr":["9","15","42","P"],"terminus":1,"mode":"bus","color":"#0059a9","colorDark":"#00294f","angle":334.9,"snapDist":12,"label":0}},{"type":"Feature","geometry":{"type":"Point","coordinates":[19.435214,50.144948]},"properties":{"name":"Chrzanów Valeo","lines":"9, 15, 41","arr":["9","15","41"],"terminus":0,"mode":"bus","color":"#0059a9","colorDark":"#00294f","angle":22.2,"snapDist":13,"label":0}},{"type":"Feature","geometry":{"type":"Point","coordinates":[19.44315,50.152196]},"properties":{"name":"Trzebinia Długa","lines":"9, 15, 41, 42","arr":["9","15","41","42"],"terminus":0,"mode":"bus","color":"#0059a9","colorDark":"#00294f","angle":154.5,"snapDist":13,"label":0}},{"type":"Feature","geometry":{"type":"Point","coordinates":[19.454132,50.155317]},"properties":{"name":"Trzebinia PKP","lines":"9, 10, 15, 41, 42, La, Lb, Lc, N","arr":["9","10","15","41","42","La","Lb","Lc","N"],"terminus":1,"mode":"bus","color":"#0059a9","colorDark":"#00294f","angle":326.8,"snapDist":2,"label":0}},{"type":"Feature","geometry":{"type":"Point","coordinates":[19.466627,50.159686]},"properties":{"name":"Trzebinia Mały Rynek","lines":"9, 10, 41, 42, La, Lb, Lc, N","arr":["9","10","41","42","La","Lb","Lc","N"],"terminus":1,"mode":"bus","color":"#0059a9","colorDark":"#00294f","angle":49.9,"snapDist":8,"label":1}},{"type":"Feature","geometry":{"type":"Point","coordinates":[19.461534,50.161726]},"properties":{"name":"Trzebinia Balaton","lines":"9, La, N","arr":["9","La","N"],"terminus":0,"mode":"bus","color":"#0059a9","colorDark":"#00294f","angle":39.4,"snapDist":1,"label":0}},{"type":"Feature","geometry":{"type":"Point","coordinates":[19.457185,50.164923]},"properties":{"name":"Trzebinia Górka","lines":"9, N","arr":["9","N"],"terminus":0,"mode":"bus","color":"#0059a9","colorDark":"#00294f","angle":22.7,"snapDist":0,"label":0}},{"type":"Feature","geometry":{"type":"Point","coordinates":[19.443347,50.167279]},"properties":{"name":"Trzebinia Trzebionka","lines":"9, N","arr":["9","N"],"terminus":0,"mode":"bus","color":"#0059a9","colorDark":"#00294f","angle":24.9,"snapDist":4,"label":0}},{"type":"Feature","geometry":{"type":"Point","coordinates":[19.434948,50.170984]},"properties":{"name":"Trzebinia Wodna","lines":"9, N","arr":["9","N"],"terminus":0,"mode":"bus","color":"#0059a9","colorDark":"#00294f","angle":53,"snapDist":3,"label":0}},{"type":"Feature","geometry":{"type":"Point","coordinates":[19.439781,50.174488]},"properties":{"name":"Trzebinia Kolonia","lines":"9, N","arr":["9","N"],"terminus":0,"mode":"bus","color":"#0059a9","colorDark":"#00294f","angle":148.2,"snapDist":9,"label":0}},{"type":"Feature","geometry":{"type":"Point","coordinates":[19.452144,50.177577]},"properties":{"name":"Trzebinia Górka Kościół","lines":"9, N","arr":["9","N"],"terminus":0,"mode":"bus","color":"#0059a9","colorDark":"#00294f","angle":172.1,"snapDist":15,"label":0}},{"type":"Feature","geometry":{"type":"Point","coordinates":[19.457211,50.179502]},"properties":{"name":"Trzebinia Krze I","lines":"9, N","arr":["9","N"],"terminus":0,"mode":"bus","color":"#0059a9","colorDark":"#00294f","angle":153.9,"snapDist":13,"label":0}},{"type":"Feature","geometry":{"type":"Point","coordinates":[19.453992,50.185234]},"properties":{"name":"Trzebinia KWK Siersza","lines":"9, 10, N","arr":["9","10","N"],"terminus":0,"mode":"bus","color":"#0059a9","colorDark":"#00294f","angle":47.9,"snapDist":2,"label":0}},{"type":"Feature","geometry":{"type":"Point","coordinates":[19.44984,50.186625]},"properties":{"name":"Trzebinia Siersza Ośrodek Zdrowia","lines":"9, 10, N","arr":["9","10","N"],"terminus":0,"mode":"bus","color":"#0059a9","colorDark":"#00294f","angle":32,"snapDist":4,"label":0}},{"type":"Feature","geometry":{"type":"Point","coordinates":[19.439867,50.19067]},"properties":{"name":"Trzebinia Siersza Trętowiec","lines":"9, 10, N","arr":["9","10","N"],"terminus":0,"mode":"bus","color":"#0059a9","colorDark":"#00294f","angle":32,"snapDist":6,"label":0}},{"type":"Feature","geometry":{"type":"Point","coordinates":[19.434511,50.19282]},"properties":{"name":"Trzebinia Siersza Stadion","lines":"9, 10, N","arr":["9","10","N"],"terminus":0,"mode":"bus","color":"#0059a9","colorDark":"#00294f","angle":33,"snapDist":2,"label":0}},{"type":"Feature","geometry":{"type":"Point","coordinates":[19.435376,50.196666]},"properties":{"name":"Trzebinia Siersza Huta","lines":"9, N","arr":["9","N"],"terminus":0,"mode":"bus","color":"#0059a9","colorDark":"#00294f","angle":-28.4,"snapDist":14,"label":0}},{"type":"Feature","geometry":{"type":"Point","coordinates":[19.445553,50.198738]},"properties":{"name":"Trzebinia Gaj Siersza","lines":"9, N","arr":["9","N"],"terminus":0,"mode":"bus","color":"#0059a9","colorDark":"#00294f","angle":165,"snapDist":10,"label":0}},{"type":"Feature","geometry":{"type":"Point","coordinates":[19.45301,50.200027]},"properties":{"name":"Trzebinia Os.Energetyków","lines":"9, La, N","arr":["9","La","N"],"terminus":1,"mode":"bus","color":"#0059a9","colorDark":"#00294f","angle":165.5,"snapDist":12,"label":0}},{"type":"Feature","geometry":{"type":"Point","coordinates":[19.465466,50.20108]},"properties":{"name":"Czyżówka Piła Myślachowicka","lines":"9, 42, N","arr":["9","42","N"],"terminus":0,"mode":"bus","color":"#0059a9","colorDark":"#00294f","angle":154.9,"snapDist":16,"label":0}},{"type":"Feature","geometry":{"type":"Point","coordinates":[19.476773,50.208496]},"properties":{"name":"Czyżówka Mostek","lines":"9, 42, N","arr":["9","42","N"],"terminus":0,"mode":"bus","color":"#0059a9","colorDark":"#00294f","angle":77.4,"snapDist":4,"label":0}},{"type":"Feature","geometry":{"type":"Point","coordinates":[19.472594,50.208998]},"properties":{"name":"Czyżówka Kaplica","lines":"9, 42","arr":["9","42"],"terminus":0,"mode":"bus","color":"#0059a9","colorDark":"#00294f","angle":15,"snapDist":2,"label":0}},{"type":"Feature","geometry":{"type":"Point","coordinates":[19.437161,50.150362]},"properties":{"name":"Trzebinia Berezka","lines":"9, 15, 41, 42","arr":["9","15","41","42"],"terminus":0,"mode":"bus","color":"#0059a9","colorDark":"#00294f","angle":154.9,"snapDist":11,"label":1}},{"type":"Feature","geometry":{"type":"Point","coordinates":[19.473097,50.166388]},"properties":{"name":"Trzebinia Piłsudskiego Kościół","lines":"10, 41, 42, La, Lb, Lc, N","arr":["10","41","42","La","Lb","Lc","N"],"terminus":1,"mode":"bus","color":"#0059a9","colorDark":"#00294f","angle":105.3,"snapDist":9,"label":1}},{"type":"Feature","geometry":{"type":"Point","coordinates":[19.472204,50.17428]},"properties":{"name":"Trzebinia Zbyszek","lines":"10","arr":["10"],"terminus":0,"mode":"bus","color":"#0059a9","colorDark":"#00294f","angle":36.6,"snapDist":8,"label":0}},{"type":"Feature","geometry":{"type":"Point","coordinates":[19.460778,50.178979]},"properties":{"name":"Trzebinia Krze","lines":"10","arr":["10"],"terminus":0,"mode":"bus","color":"#0059a9","colorDark":"#00294f","angle":38.6,"snapDist":2,"label":1}},{"type":"Feature","geometry":{"type":"Point","coordinates":[19.417776,50.197419]},"properties":{"name":"Trzebinia Siersza Na Moście","lines":"10","arr":["10"],"terminus":0,"mode":"bus","color":"#0059a9","colorDark":"#00294f","angle":286,"snapDist":2,"label":1}},{"type":"Feature","geometry":{"type":"Point","coordinates":[19.41744,50.192688]},"properties":{"name":"Trzebinia Siersza Polna","lines":"10","arr":["10"],"terminus":0,"mode":"bus","color":"#0059a9","colorDark":"#00294f","angle":278,"snapDist":4,"label":1}},{"type":"Feature","geometry":{"type":"Point","coordinates":[19.414916,50.183365]},"properties":{"name":"Luszowice Góry Luszowskie","lines":"10","arr":["10"],"terminus":0,"mode":"bus","color":"#0059a9","colorDark":"#00294f","angle":304.4,"snapDist":2,"label":1}},{"type":"Feature","geometry":{"type":"Point","coordinates":[19.408832,50.178265]},"properties":{"name":"Luszowice II","lines":"10","arr":["10"],"terminus":0,"mode":"bus","color":"#0059a9","colorDark":"#00294f","angle":310.7,"snapDist":5,"label":1}},{"type":"Feature","geometry":{"type":"Point","coordinates":[19.403594,50.173816]},"properties":{"name":"Luszowice","lines":"10","arr":["10"],"terminus":0,"mode":"bus","color":"#0059a9","colorDark":"#00294f","angle":293.8,"snapDist":10,"label":1}},{"type":"Feature","geometry":{"type":"Point","coordinates":[19.404331,50.165979]},"properties":{"name":"Luszowice Piaski","lines":"10, 29","arr":["10","29"],"terminus":0,"mode":"bus","color":"#0059a9","colorDark":"#00294f","angle":250.8,"snapDist":12,"label":1}},{"type":"Feature","geometry":{"type":"Point","coordinates":[19.40582,50.158693]},"properties":{"name":"Chrzanów Piaski","lines":"10, 29","arr":["10","29"],"terminus":0,"mode":"bus","color":"#0059a9","colorDark":"#00294f","angle":283.1,"snapDist":5,"label":1}},{"type":"Feature","geometry":{"type":"Point","coordinates":[19.404669,50.152407]},"properties":{"name":"Chrzanów Działkowa","lines":"10, 29","arr":["10","29"],"terminus":0,"mode":"bus","color":"#0059a9","colorDark":"#00294f","angle":279.9,"snapDist":7,"label":1}},{"type":"Feature","geometry":{"type":"Point","coordinates":[19.406231,50.148112]},"properties":{"name":"Chrzanów Wodzińska","lines":"10, 29","arr":["10","29"],"terminus":0,"mode":"bus","color":"#0059a9","colorDark":"#00294f","angle":288.9,"snapDist":2,"label":1}},{"type":"Feature","geometry":{"type":"Point","coordinates":[19.404824,50.144128]},"properties":{"name":"Chrzanów Plac Tysiąclecia","lines":"10, 29, 33","arr":["10","29","33"],"terminus":0,"mode":"bus","color":"#0059a9","colorDark":"#00294f","angle":187,"snapDist":5,"label":0}},{"type":"Feature","geometry":{"type":"Point","coordinates":[19.404681,50.144139]},"properties":{"name":"Chrzanów Plac Tysiąclecia","lines":"10, 31B","arr":["10","31B"],"terminus":0,"mode":"bus","color":"#0059a9","colorDark":"#00294f","angle":187,"snapDist":3,"label":0}},{"type":"Feature","geometry":{"type":"Point","coordinates":[19.40605,50.147895]},"properties":{"name":"Chrzanów Wodzińska","lines":"10, 31B","arr":["10","31B"],"terminus":0,"mode":"bus","color":"#0059a9","colorDark":"#00294f","angle":119.4,"snapDist":9,"label":0}},{"type":"Feature","geometry":{"type":"Point","coordinates":[19.404668,50.152406]},"properties":{"name":"Chrzanów Działkowa","lines":"10, 29","arr":["10","29"],"terminus":0,"mode":"bus","color":"#0059a9","colorDark":"#00294f","angle":99.9,"snapDist":6,"label":0}},{"type":"Feature","geometry":{"type":"Point","coordinates":[19.406099,50.159386]},"properties":{"name":"Chrzanów Piaski","lines":"10, 29","arr":["10","29"],"terminus":0,"mode":"bus","color":"#0059a9","colorDark":"#00294f","angle":104.6,"snapDist":6,"label":0}},{"type":"Feature","geometry":{"type":"Point","coordinates":[19.404346,50.165951]},"properties":{"name":"Luszowice Piaski","lines":"10, 29","arr":["10","29"],"terminus":0,"mode":"bus","color":"#0059a9","colorDark":"#00294f","angle":70.8,"snapDist":7,"label":0}},{"type":"Feature","geometry":{"type":"Point","coordinates":[19.402754,50.172434]},"properties":{"name":"Luszowice","lines":"10","arr":["10"],"terminus":0,"mode":"bus","color":"#0059a9","colorDark":"#00294f","angle":85.5,"snapDist":7,"label":0}},{"type":"Feature","geometry":{"type":"Point","coordinates":[19.408546,50.178041]},"properties":{"name":"Luszowice II","lines":"10","arr":["10"],"terminus":0,"mode":"bus","color":"#0059a9","colorDark":"#00294f","angle":128.8,"snapDist":10,"label":0}},{"type":"Feature","geometry":{"type":"Point","coordinates":[19.414604,50.183068]},"properties":{"name":"Trzebinia Góry Luszowskie","lines":"10","arr":["10"],"terminus":0,"mode":"bus","color":"#0059a9","colorDark":"#00294f","angle":123.9,"snapDist":4,"label":1}},{"type":"Feature","geometry":{"type":"Point","coordinates":[19.417426,50.192626]},"properties":{"name":"Trzebinia Siersza Polna","lines":"10","arr":["10"],"terminus":0,"mode":"bus","color":"#0059a9","colorDark":"#00294f","angle":98,"snapDist":7,"label":0}},{"type":"Feature","geometry":{"type":"Point","coordinates":[19.417764,50.197393]},"properties":{"name":"Trzebinia Siersza Na Moście","lines":"10","arr":["10"],"terminus":0,"mode":"bus","color":"#0059a9","colorDark":"#00294f","angle":106,"snapDist":11,"label":0}},{"type":"Feature","geometry":{"type":"Point","coordinates":[19.451713,50.174016]},"properties":{"name":"Trzebinia OHP","lines":"10","arr":["10"],"terminus":0,"mode":"bus","color":"#0059a9","colorDark":"#00294f","angle":247.9,"snapDist":8,"label":1}},{"type":"Feature","geometry":{"type":"Point","coordinates":[19.457214,50.168703]},"properties":{"name":"Trzebinia Górka Dwór","lines":"10","arr":["10"],"terminus":0,"mode":"bus","color":"#0059a9","colorDark":"#00294f","angle":224.9,"snapDist":10,"label":1}},{"type":"Feature","geometry":{"type":"Point","coordinates":[19.470289,50.158214]},"properties":{"name":"Trzebinia Krakowska","lines":"10, 15, 41","arr":["10","15","41"],"terminus":0,"mode":"bus","color":"#0059a9","colorDark":"#00294f","angle":184.6,"snapDist":5,"label":1}},{"type":"Feature","geometry":{"type":"Point","coordinates":[19.477659,50.156897]},"properties":{"name":"Trzebinia Szkoła","lines":"10, 41","arr":["10","41"],"terminus":0,"mode":"bus","color":"#0059a9","colorDark":"#00294f","angle":207.4,"snapDist":5,"label":1}},{"type":"Feature","geometry":{"type":"Point","coordinates":[19.491327,50.1503]},"properties":{"name":"Młoszowa Florkiewicza","lines":"10, 15","arr":["10","15"],"terminus":1,"mode":"bus","color":"#0059a9","colorDark":"#00294f","angle":121.2,"snapDist":13,"label":1}},{"type":"Feature","geometry":{"type":"Point","coordinates":[19.46066,50.178959]},"properties":{"name":"Trzebinia Krze","lines":"10","arr":["10"],"terminus":0,"mode":"bus","color":"#0059a9","colorDark":"#00294f","angle":131.4,"snapDist":11,"label":0}},{"type":"Feature","geometry":{"type":"Point","coordinates":[19.473132,50.172723]},"properties":{"name":"Trzebinia Zbyszek","lines":"10, 15, 41, 42, La, Lb, Lc","arr":["10","15","41","42","La","Lb","Lc"],"terminus":1,"mode":"bus","color":"#0059a9","colorDark":"#00294f","angle":275.5,"snapDist":10,"label":1}},{"type":"Feature","geometry":{"type":"Point","coordinates":[19.472894,50.165914]},"properties":{"name":"Trzebinia Piłsudskiego Kościół","lines":"10, 42, Lb, Lc","arr":["10","42","Lb","Lc"],"terminus":0,"mode":"bus","color":"#0059a9","colorDark":"#00294f","angle":285.4,"snapDist":9,"label":0}},{"type":"Feature","geometry":{"type":"Point","coordinates":[19.272845,50.051761]},"properties":{"name":"Gromiec Granica","lines":"15","arr":["15"],"terminus":1,"mode":"bus","color":"#0059a9","colorDark":"#00294f","angle":141.9,"snapDist":6,"label":1}},{"type":"Feature","geometry":{"type":"Point","coordinates":[19.281638,50.051154]},"properties":{"name":"Gromiec Elektrownia Wodna","lines":"15","arr":["15"],"terminus":0,"mode":"bus","color":"#0059a9","colorDark":"#00294f","angle":149,"snapDist":14,"label":1}},{"type":"Feature","geometry":{"type":"Point","coordinates":[19.28644,50.054578]},"properties":{"name":"Gromiec Szkoła","lines":"15","arr":["15"],"terminus":0,"mode":"bus","color":"#0059a9","colorDark":"#00294f","angle":161,"snapDist":15,"label":1}},{"type":"Feature","geometry":{"type":"Point","coordinates":[19.291506,50.057118]},"properties":{"name":"Gromiec Podwale","lines":"15","arr":["15"],"terminus":0,"mode":"bus","color":"#0059a9","colorDark":"#00294f","angle":81.3,"snapDist":7,"label":1}},{"type":"Feature","geometry":{"type":"Point","coordinates":[19.291376,50.061065]},"properties":{"name":"Gromiec Sołtysówka","lines":"15","arr":["15"],"terminus":0,"mode":"bus","color":"#0059a9","colorDark":"#00294f","angle":124.8,"snapDist":8,"label":1}},{"type":"Feature","geometry":{"type":"Point","coordinates":[19.294653,50.066461]},"properties":{"name":"Gromiec Szyjki","lines":"15","arr":["15"],"terminus":0,"mode":"bus","color":"#0059a9","colorDark":"#00294f","angle":113,"snapDist":9,"label":1}},{"type":"Feature","geometry":{"type":"Point","coordinates":[19.300494,50.071547]},"properties":{"name":"Gromiec Szyjki II","lines":"15","arr":["15"],"terminus":0,"mode":"bus","color":"#0059a9","colorDark":"#00294f","angle":149.2,"snapDist":9,"label":1}},{"type":"Feature","geometry":{"type":"Point","coordinates":[19.312158,50.078919]},"properties":{"name":"Libiąż Gromiecka","lines":"15","arr":["15"],"terminus":0,"mode":"bus","color":"#0059a9","colorDark":"#00294f","angle":138.7,"snapDist":7,"label":1}},{"type":"Feature","geometry":{"type":"Point","coordinates":[19.320332,50.086966]},"properties":{"name":"Libiąż Gromiecka Moczydło","lines":"15","arr":["15"],"terminus":0,"mode":"bus","color":"#0059a9","colorDark":"#00294f","angle":107.9,"snapDist":11,"label":1}},{"type":"Feature","geometry":{"type":"Point","coordinates":[19.304042,50.09018]},"properties":{"name":"Libiąż Krakowska Krzywda","lines":"15","arr":["15"],"terminus":0,"mode":"bus","color":"#0059a9","colorDark":"#00294f","angle":33.4,"snapDist":3,"label":1}},{"type":"Feature","geometry":{"type":"Point","coordinates":[19.300013,50.091886]},"properties":{"name":"Libiąż Krakowska Piaski","lines":"15","arr":["15"],"terminus":0,"mode":"bus","color":"#0059a9","colorDark":"#00294f","angle":33.7,"snapDist":4,"label":1}},{"type":"Feature","geometry":{"type":"Point","coordinates":[19.30328,50.096719]},"properties":{"name":"Libiąż Oświęcimska Cmentarz","lines":"15","arr":["15"],"terminus":0,"mode":"bus","color":"#0059a9","colorDark":"#00294f","angle":134.4,"snapDist":13,"label":0}},{"type":"Feature","geometry":{"type":"Point","coordinates":[19.317853,50.100786]},"properties":{"name":"Libiąż os. Flagówka II","lines":"15, A, B","arr":["15","A","B"],"terminus":0,"mode":"bus","color":"#0059a9","colorDark":"#00294f","angle":247.4,"snapDist":12,"label":1}},{"type":"Feature","geometry":{"type":"Point","coordinates":[19.323124,50.101283]},"properties":{"name":"Libiąż os. Flagówka I","lines":"15, A, B","arr":["15","A","B"],"terminus":0,"mode":"bus","color":"#0059a9","colorDark":"#00294f","angle":62.3,"snapDist":23,"label":1}},{"type":"Feature","geometry":{"type":"Point","coordinates":[19.32874,50.102704]},"properties":{"name":"Libiąż os. Flagówka Pawilon","lines":"15, A, B","arr":["15","A","B"],"terminus":0,"mode":"bus","color":"#0059a9","colorDark":"#00294f","angle":179.3,"snapDist":12,"label":1}},{"type":"Feature","geometry":{"type":"Point","coordinates":[19.338866,50.110045]},"properties":{"name":"Libiąż Chrzanowska Kamieniec","lines":"15","arr":["15"],"terminus":0,"mode":"bus","color":"#0059a9","colorDark":"#00294f","angle":152.4,"snapDist":14,"label":1}},{"type":"Feature","geometry":{"type":"Point","coordinates":[19.366779,50.124971]},"properties":{"name":"Chrzanów Fadom","lines":"15","arr":["15"],"terminus":0,"mode":"bus","color":"#0059a9","colorDark":"#00294f","angle":116.5,"snapDist":2,"label":1}},{"type":"Feature","geometry":{"type":"Point","coordinates":[19.369928,50.128979]},"properties":{"name":"Chrzanów Kroczymiech","lines":"15","arr":["15"],"terminus":0,"mode":"bus","color":"#0059a9","colorDark":"#00294f","angle":117.2,"snapDist":9,"label":1}},{"type":"Feature","geometry":{"type":"Point","coordinates":[19.381568,50.133533]},"properties":{"name":"Chrzanów Os.Kopanina","lines":"15","arr":["15"],"terminus":0,"mode":"bus","color":"#0059a9","colorDark":"#00294f","angle":142.7,"snapDist":9,"label":1}},{"type":"Feature","geometry":{"type":"Point","coordinates":[19.390579,50.137164]},"properties":{"name":"Chrzanów PZGS","lines":"15","arr":["15"],"terminus":0,"mode":"bus","color":"#0059a9","colorDark":"#00294f","angle":155.9,"snapDist":11,"label":1}},{"type":"Feature","geometry":{"type":"Point","coordinates":[19.531502,50.172033]},"properties":{"name":"Psary Centrum","lines":"15, 41, N","arr":["15","41","N"],"terminus":1,"mode":"bus","color":"#0059a9","colorDark":"#00294f","angle":300.3,"snapDist":2,"label":1}},{"type":"Feature","geometry":{"type":"Point","coordinates":[19.522919,50.169416]},"properties":{"name":"Psary Ośr. Zdrowia","lines":"15, 41, N","arr":["15","41","N"],"terminus":0,"mode":"bus","color":"#0059a9","colorDark":"#00294f","angle":321.5,"snapDist":4,"label":1}},{"type":"Feature","geometry":{"type":"Point","coordinates":[19.519221,50.164937]},"properties":{"name":"Karniowice","lines":"15, 41, N","arr":["15","41","N"],"terminus":0,"mode":"bus","color":"#0059a9","colorDark":"#00294f","angle":278.5,"snapDist":5,"label":1}},{"type":"Feature","geometry":{"type":"Point","coordinates":[19.520346,50.159787]},"properties":{"name":"Karniowice Poczta","lines":"15, 41, N","arr":["15","41","N"],"terminus":0,"mode":"bus","color":"#0059a9","colorDark":"#00294f","angle":246.2,"snapDist":6,"label":1}},{"type":"Feature","geometry":{"type":"Point","coordinates":[19.521606,50.152357]},"properties":{"name":"Karniowice Kościół","lines":"15, 41, N","arr":["15","41","N"],"terminus":0,"mode":"bus","color":"#0059a9","colorDark":"#00294f","angle":264.4,"snapDist":5,"label":1}},{"type":"Feature","geometry":{"type":"Point","coordinates":[19.521788,50.147535]},"properties":{"name":"Dulowa Paderewskiego","lines":"15, 41, N","arr":["15","41","N"],"terminus":0,"mode":"bus","color":"#0059a9","colorDark":"#00294f","angle":359.6,"snapDist":10,"label":1}},{"type":"Feature","geometry":{"type":"Point","coordinates":[19.52102,50.142436]},"properties":{"name":"Dulowa","lines":"15, 41, N","arr":["15","41","N"],"terminus":0,"mode":"bus","color":"#0059a9","colorDark":"#00294f","angle":359.6,"snapDist":6,"label":1}},{"type":"Feature","geometry":{"type":"Point","coordinates":[19.50468,50.145926]},"properties":{"name":"Młoszowa Leśniczówka","lines":"15, 41, N","arr":["15","41","N"],"terminus":0,"mode":"bus","color":"#0059a9","colorDark":"#00294f","angle":24.9,"snapDist":5,"label":1}},{"type":"Feature","geometry":{"type":"Point","coordinates":[19.49105,50.15023]},"properties":{"name":"Młoszowa","lines":"15, 41, N","arr":["15","41","N"],"terminus":0,"mode":"bus","color":"#0059a9","colorDark":"#00294f","angle":38.8,"snapDist":8,"label":1}},{"type":"Feature","geometry":{"type":"Point","coordinates":[19.480673,50.156751]},"properties":{"name":"Trzebinia Os.Widokowe Szkoła","lines":"15","arr":["15"],"terminus":0,"mode":"bus","color":"#0059a9","colorDark":"#00294f","angle":-60.9,"snapDist":7,"label":1}},{"type":"Feature","geometry":{"type":"Point","coordinates":[19.481104,50.160451]},"properties":{"name":"Trzebinia Os.Widokowe Kiosk","lines":"15","arr":["15"],"terminus":0,"mode":"bus","color":"#0059a9","colorDark":"#00294f","angle":35,"snapDist":8,"label":1}},{"type":"Feature","geometry":{"type":"Point","coordinates":[19.475943,50.162121]},"properties":{"name":"Trzebinia Os.Widokowe Schody","lines":"15","arr":["15"],"terminus":0,"mode":"bus","color":"#0059a9","colorDark":"#00294f","angle":338.7,"snapDist":6,"label":1}},{"type":"Feature","geometry":{"type":"Point","coordinates":[19.389799,50.136944]},"properties":{"name":"Chrzanów PZGS","lines":"15","arr":["15"],"terminus":0,"mode":"bus","color":"#0059a9","colorDark":"#00294f","angle":335.9,"snapDist":4,"label":0}},{"type":"Feature","geometry":{"type":"Point","coordinates":[19.380542,50.133038]},"properties":{"name":"Chrzanów Os.Kopanina","lines":"15","arr":["15"],"terminus":0,"mode":"bus","color":"#0059a9","colorDark":"#00294f","angle":323.1,"snapDist":8,"label":0}},{"type":"Feature","geometry":{"type":"Point","coordinates":[19.369483,50.128426]},"properties":{"name":"Chrzanów Kroczymiech","lines":"15","arr":["15"],"terminus":0,"mode":"bus","color":"#0059a9","colorDark":"#00294f","angle":297.3,"snapDist":9,"label":0}},{"type":"Feature","geometry":{"type":"Point","coordinates":[19.367722,50.126223]},"properties":{"name":"Chrzanów Fadom","lines":"15","arr":["15"],"terminus":0,"mode":"bus","color":"#0059a9","colorDark":"#00294f","angle":296.7,"snapDist":11,"label":0}},{"type":"Feature","geometry":{"type":"Point","coordinates":[19.338255,50.109835]},"properties":{"name":"Libiąż Chrzanowska Kamieniec","lines":"15","arr":["15"],"terminus":0,"mode":"bus","color":"#0059a9","colorDark":"#00294f","angle":331,"snapDist":9,"label":0}},{"type":"Feature","geometry":{"type":"Point","coordinates":[19.3303,50.106606]},"properties":{"name":"Libiąż Dworzec Autobusowy","lines":"15, 25, 38, A, B","arr":["15","25","38","A","B"],"terminus":1,"mode":"bus","color":"#0059a9","colorDark":"#00294f","angle":260.4,"snapDist":8,"label":0}},{"type":"Feature","geometry":{"type":"Point","coordinates":[19.328808,50.102704]},"properties":{"name":"Libiąż os. Flagówka Pawilon","lines":"15, B","arr":["15","B"],"terminus":0,"mode":"bus","color":"#0059a9","colorDark":"#00294f","angle":359.3,"snapDist":1,"label":0}},{"type":"Feature","geometry":{"type":"Point","coordinates":[19.323756,50.101972]},"properties":{"name":"Libiąż os. Flagówka I","lines":"15, B","arr":["15","B"],"terminus":0,"mode":"bus","color":"#0059a9","colorDark":"#00294f","angle":335.9,"snapDist":1,"label":0}},{"type":"Feature","geometry":{"type":"Point","coordinates":[19.317327,50.101834]},"properties":{"name":"Libiąż os. Flagówka II","lines":"15, B","arr":["15","B"],"terminus":0,"mode":"bus","color":"#0059a9","colorDark":"#00294f","angle":77.3,"snapDist":11,"label":0}},{"type":"Feature","geometry":{"type":"Point","coordinates":[19.302157,50.095969]},"properties":{"name":"Libiąż Oświęcimska Cmentarz","lines":"15, A, B","arr":["15","A","B"],"terminus":1,"mode":"bus","color":"#0059a9","colorDark":"#00294f","angle":313.5,"snapDist":2,"label":1}},{"type":"Feature","geometry":{"type":"Point","coordinates":[19.300872,50.091519]},"properties":{"name":"Libiąż Krakowska Piaski","lines":"15, A, B","arr":["15","A","B"],"terminus":0,"mode":"bus","color":"#0059a9","colorDark":"#00294f","angle":214.3,"snapDist":13,"label":0}},{"type":"Feature","geometry":{"type":"Point","coordinates":[19.304865,50.08983]},"properties":{"name":"Libiąż Krakowska Krzywda","lines":"15, A, B","arr":["15","A","B"],"terminus":0,"mode":"bus","color":"#0059a9","colorDark":"#00294f","angle":213.8,"snapDist":7,"label":0}},{"type":"Feature","geometry":{"type":"Point","coordinates":[19.320266,50.086835]},"properties":{"name":"Libiąż Gromiecka Moczydło","lines":"15","arr":["15"],"terminus":0,"mode":"bus","color":"#0059a9","colorDark":"#00294f","angle":287.9,"snapDist":2,"label":0}},{"type":"Feature","geometry":{"type":"Point","coordinates":[19.312163,50.078921]},"properties":{"name":"Libiąż Gromiecka","lines":"15","arr":["15"],"terminus":0,"mode":"bus","color":"#0059a9","colorDark":"#00294f","angle":318.7,"snapDist":3,"label":0}},{"type":"Feature","geometry":{"type":"Point","coordinates":[19.299933,50.071329]},"properties":{"name":"Gromiec Szyjki II","lines":"15","arr":["15"],"terminus":0,"mode":"bus","color":"#0059a9","colorDark":"#00294f","angle":326.8,"snapDist":6,"label":0}},{"type":"Feature","geometry":{"type":"Point","coordinates":[19.294553,50.06644]},"properties":{"name":"Gromiec Szyjki","lines":"15","arr":["15"],"terminus":0,"mode":"bus","color":"#0059a9","colorDark":"#00294f","angle":24.7,"snapDist":6,"label":0}},{"type":"Feature","geometry":{"type":"Point","coordinates":[19.290983,50.060707]},"properties":{"name":"Gromiec Sołtysówka","lines":"15","arr":["15"],"terminus":0,"mode":"bus","color":"#0059a9","colorDark":"#00294f","angle":306,"snapDist":5,"label":0}},{"type":"Feature","geometry":{"type":"Point","coordinates":[19.291508,50.057111]},"properties":{"name":"Gromiec Podwale","lines":"15","arr":["15"],"terminus":0,"mode":"bus","color":"#0059a9","colorDark":"#00294f","angle":261.3,"snapDist":8,"label":0}},{"type":"Feature","geometry":{"type":"Point","coordinates":[19.284697,50.05417]},"properties":{"name":"Gromiec Szkoła","lines":"15","arr":["15"],"terminus":0,"mode":"bus","color":"#0059a9","colorDark":"#00294f","angle":327.4,"snapDist":4,"label":0}},{"type":"Feature","geometry":{"type":"Point","coordinates":[19.281645,50.051157]},"properties":{"name":"Gromiec Elektrownia Wodna","lines":"15","arr":["15"],"terminus":0,"mode":"bus","color":"#0059a9","colorDark":"#00294f","angle":329,"snapDist":3,"label":0}},{"type":"Feature","geometry":{"type":"Point","coordinates":[19.497888,50.165502]},"properties":{"name":"Młoszowa Wzgórze II","lines":"15","arr":["15"],"terminus":1,"mode":"bus","color":"#0059a9","colorDark":"#00294f","angle":265.4,"snapDist":5,"label":1}},{"type":"Feature","geometry":{"type":"Point","coordinates":[19.495097,50.16242]},"properties":{"name":"Młoszowa Wzgórze na żądanie","lines":"15","arr":["15"],"terminus":0,"mode":"bus","color":"#0059a9","colorDark":"#00294f","angle":322.2,"snapDist":7,"label":1}},{"type":"Feature","geometry":{"type":"Point","coordinates":[19.492197,50.159198]},"properties":{"name":"Młoszowa Wzgórze I","lines":"15","arr":["15"],"terminus":0,"mode":"bus","color":"#0059a9","colorDark":"#00294f","angle":279,"snapDist":6,"label":1}},{"type":"Feature","geometry":{"type":"Point","coordinates":[19.494011,50.153717]},"properties":{"name":"Młoszowa Studium","lines":"15","arr":["15"],"terminus":0,"mode":"bus","color":"#0059a9","colorDark":"#00294f","angle":262.6,"snapDist":9,"label":1}},{"type":"Feature","geometry":{"type":"Point","coordinates":[19.305446,50.088271]},"properties":{"name":"Libiąż Dąbrowskiego","lines":"15, A, B","arr":["15","A","B"],"terminus":0,"mode":"bus","color":"#0059a9","colorDark":"#00294f","angle":297.3,"snapDist":2,"label":1}},{"type":"Feature","geometry":{"type":"Point","coordinates":[19.297173,50.081565]},"properties":{"name":"Libiąż Budzowy Sklep","lines":"15, A, B","arr":["15","A","B"],"terminus":1,"mode":"bus","color":"#0059a9","colorDark":"#00294f","angle":44,"snapDist":5,"label":1}},{"type":"Feature","geometry":{"type":"Point","coordinates":[19.494015,50.153698]},"properties":{"name":"Młoszowa Studium","lines":"15","arr":["15"],"terminus":0,"mode":"bus","color":"#0059a9","colorDark":"#00294f","angle":82.6,"snapDist":8,"label":0}},{"type":"Feature","geometry":{"type":"Point","coordinates":[19.492094,50.158721]},"properties":{"name":"Młoszowa Wzgórze I","lines":"15","arr":["15"],"terminus":0,"mode":"bus","color":"#0059a9","colorDark":"#00294f","angle":97.7,"snapDist":6,"label":0}},{"type":"Feature","geometry":{"type":"Point","coordinates":[19.494901,50.162249]},"properties":{"name":"Młoszowa Wzgórze na żądanie","lines":"15","arr":["15"],"terminus":0,"mode":"bus","color":"#0059a9","colorDark":"#00294f","angle":222.2,"snapDist":5,"label":0}},{"type":"Feature","geometry":{"type":"Point","coordinates":[19.476272,50.162204]},"properties":{"name":"Trzebinia Os.Widokowe Schody","lines":"15","arr":["15"],"terminus":0,"mode":"bus","color":"#0059a9","colorDark":"#00294f","angle":158.7,"snapDist":9,"label":0}},{"type":"Feature","geometry":{"type":"Point","coordinates":[19.480922,50.160533]},"properties":{"name":"Trzebinia Os.Widokowe Kiosk","lines":"15","arr":["15"],"terminus":0,"mode":"bus","color":"#0059a9","colorDark":"#00294f","angle":215,"snapDist":9,"label":0}},{"type":"Feature","geometry":{"type":"Point","coordinates":[19.480291,50.156499]},"properties":{"name":"Trzebinia Os.Widokowe Szkoła","lines":"15","arr":["15"],"terminus":0,"mode":"bus","color":"#0059a9","colorDark":"#00294f","angle":291,"snapDist":3,"label":0}},{"type":"Feature","geometry":{"type":"Point","coordinates":[19.491967,50.149761]},"properties":{"name":"Młoszowa","lines":"15, 41","arr":["15","41"],"terminus":0,"mode":"bus","color":"#0059a9","colorDark":"#00294f","angle":218.6,"snapDist":13,"label":0}},{"type":"Feature","geometry":{"type":"Point","coordinates":[19.505987,50.145542]},"properties":{"name":"Młoszowa Leśniczówka","lines":"15, 41","arr":["15","41"],"terminus":0,"mode":"bus","color":"#0059a9","colorDark":"#00294f","angle":204.7,"snapDist":5,"label":0}},{"type":"Feature","geometry":{"type":"Point","coordinates":[19.520194,50.142441]},"properties":{"name":"Dulowa","lines":"15, 41","arr":["15","41"],"terminus":0,"mode":"bus","color":"#0059a9","colorDark":"#00294f","angle":179.7,"snapDist":13,"label":0}},{"type":"Feature","geometry":{"type":"Point","coordinates":[19.521801,50.147802]},"properties":{"name":"Dulowa Paderewskiego","lines":"15, 41","arr":["15","41"],"terminus":0,"mode":"bus","color":"#0059a9","colorDark":"#00294f","angle":90.3,"snapDist":9,"label":0}},{"type":"Feature","geometry":{"type":"Point","coordinates":[19.521685,50.151803]},"properties":{"name":"Karniowice Kościół","lines":"15, 41","arr":["15","41"],"terminus":0,"mode":"bus","color":"#0059a9","colorDark":"#00294f","angle":85.2,"snapDist":8,"label":0}},{"type":"Feature","geometry":{"type":"Point","coordinates":[19.520105,50.160089]},"properties":{"name":"Karniowice Poczta","lines":"15, 41","arr":["15","41"],"terminus":0,"mode":"bus","color":"#0059a9","colorDark":"#00294f","angle":60.7,"snapDist":3,"label":0}},{"type":"Feature","geometry":{"type":"Point","coordinates":[19.519468,50.164115]},"properties":{"name":"Karniowice","lines":"15, 41","arr":["15","41"],"terminus":0,"mode":"bus","color":"#0059a9","colorDark":"#00294f","angle":68.6,"snapDist":5,"label":0}},{"type":"Feature","geometry":{"type":"Point","coordinates":[19.523689,50.169738]},"properties":{"name":"Psary Ośr. Zdrowia","lines":"15, 41","arr":["15","41"],"terminus":0,"mode":"bus","color":"#0059a9","colorDark":"#00294f","angle":149.2,"snapDist":8,"label":0}},{"type":"Feature","geometry":{"type":"Point","coordinates":[19.514366,50.174463]},"properties":{"name":"Psary Ostra Góra","lines":"15, 41","arr":["15","41"],"terminus":0,"mode":"bus","color":"#0059a9","colorDark":"#00294f","angle":32,"snapDist":4,"label":0}},{"type":"Feature","geometry":{"type":"Point","coordinates":[19.494426,50.1834]},"properties":{"name":"Myślachowice Leśniczówka","lines":"15, 41","arr":["15","41"],"terminus":0,"mode":"bus","color":"#0059a9","colorDark":"#00294f","angle":91.4,"snapDist":5,"label":1}},{"type":"Feature","geometry":{"type":"Point","coordinates":[19.479895,50.184492]},"properties":{"name":"Myślachowice Centrum","lines":"15, 41, 42, Lc, N","arr":["15","41","42","Lc","N"],"terminus":1,"mode":"bus","color":"#0059a9","colorDark":"#00294f","angle":332.7,"snapDist":1,"label":1}},{"type":"Feature","geometry":{"type":"Point","coordinates":[19.436514,50.075992]},"properties":{"name":"Wygiełzów","lines":"17a, 32a","arr":["17a","32a"],"terminus":1,"mode":"bus","color":"#0059a9","colorDark":"#00294f","angle":99.3,"snapDist":5,"label":1}},{"type":"Feature","geometry":{"type":"Point","coordinates":[19.441149,50.081882]},"properties":{"name":"Płaza Dolna I. (Pętla)","lines":"17a, 32a, 42","arr":["17a","32a","42"],"terminus":1,"mode":"bus","color":"#0059a9","colorDark":"#00294f","angle":140.4,"snapDist":0,"label":1}},{"type":"Feature","geometry":{"type":"Point","coordinates":[19.454837,50.085511]},"properties":{"name":"Płaza Dolna II.","lines":"17a, 32a","arr":["17a","32a"],"terminus":0,"mode":"bus","color":"#0059a9","colorDark":"#00294f","angle":132.4,"snapDist":17,"label":1}},{"type":"Feature","geometry":{"type":"Point","coordinates":[19.461091,50.093514]},"properties":{"name":"Płaza Role","lines":"17a, 32a","arr":["17a","32a"],"terminus":0,"mode":"bus","color":"#0059a9","colorDark":"#00294f","angle":157.9,"snapDist":10,"label":1}},{"type":"Feature","geometry":{"type":"Point","coordinates":[19.464147,50.098762]},"properties":{"name":"Płaza Górna Kościół","lines":"17a, 32a, P","arr":["17a","32a","P"],"terminus":1,"mode":"bus","color":"#0059a9","colorDark":"#00294f","angle":110.4,"snapDist":6,"label":1}},{"type":"Feature","geometry":{"type":"Point","coordinates":[19.460566,50.100334]},"properties":{"name":"Płaza Cmentarz","lines":"17a, 32b, 42","arr":["17a","32b","42"],"terminus":1,"mode":"bus","color":"#0059a9","colorDark":"#00294f","angle":21.4,"snapDist":4,"label":1}},{"type":"Feature","geometry":{"type":"Point","coordinates":[19.451036,50.103447]},"properties":{"name":"Płaza Działki","lines":"17a, 32b","arr":["17a","32b"],"terminus":0,"mode":"bus","color":"#0059a9","colorDark":"#00294f","angle":24,"snapDist":2,"label":1}},{"type":"Feature","geometry":{"type":"Point","coordinates":[19.444707,50.107238]},"properties":{"name":"Płaza Wapiennik I","lines":"17a, 32b","arr":["17a","32b"],"terminus":0,"mode":"bus","color":"#0059a9","colorDark":"#00294f","angle":76.5,"snapDist":5,"label":1}},{"type":"Feature","geometry":{"type":"Point","coordinates":[19.442588,50.112901]},"properties":{"name":"Płaza Wapiennik II","lines":"17a, 32b","arr":["17a","32b"],"terminus":0,"mode":"bus","color":"#0059a9","colorDark":"#00294f","angle":76.2,"snapDist":4,"label":1}},{"type":"Feature","geometry":{"type":"Point","coordinates":[19.432719,50.124922]},"properties":{"name":"Chrzanów Kościelec Las","lines":"17a, 32b, P","arr":["17a","32b","P"],"terminus":0,"mode":"bus","color":"#0059a9","colorDark":"#00294f","angle":54.1,"snapDist":5,"label":1}},{"type":"Feature","geometry":{"type":"Point","coordinates":[19.430686,50.126844]},"properties":{"name":"Chrzanów Kościelec","lines":"17a, 32b, P","arr":["17a","32b","P"],"terminus":0,"mode":"bus","color":"#0059a9","colorDark":"#00294f","angle":57.7,"snapDist":7,"label":1}},{"type":"Feature","geometry":{"type":"Point","coordinates":[19.425357,50.127607]},"properties":{"name":"Chrzanów Sendlerowej","lines":"17a, 32b","arr":["17a","32b"],"terminus":0,"mode":"bus","color":"#0059a9","colorDark":"#00294f","angle":319.4,"snapDist":4,"label":1}},{"type":"Feature","geometry":{"type":"Point","coordinates":[19.424271,50.130475]},"properties":{"name":"Chrzanów Kasztanowa","lines":"17a, 32b","arr":["17a","32b"],"terminus":0,"mode":"bus","color":"#0059a9","colorDark":"#00294f","angle":92.2,"snapDist":8,"label":1}},{"type":"Feature","geometry":{"type":"Point","coordinates":[19.424601,50.133466]},"properties":{"name":"Chrzanów Kościelec Staw.","lines":"17a, P","arr":["17a","P"],"terminus":0,"mode":"bus","color":"#0059a9","colorDark":"#00294f","angle":62.4,"snapDist":5,"label":1}},{"type":"Feature","geometry":{"type":"Point","coordinates":[19.423905,50.136075]},"properties":{"name":"Chrzanów Topolowa","lines":"17a, 31, 32b, 41, 42, P","arr":["17a","31","32b","41","42","P"],"terminus":0,"mode":"bus","color":"#0059a9","colorDark":"#00294f","angle":237.6,"snapDist":12,"label":1}},{"type":"Feature","geometry":{"type":"Point","coordinates":[19.42715,50.137775]},"properties":{"name":"Chrzanów Szpital","lines":"17a, 31, 32b, 41, 42, P","arr":["17a","31","32b","41","42","P"],"terminus":1,"mode":"bus","color":"#0059a9","colorDark":"#00294f","angle":143.7,"snapDist":7,"label":1}},{"type":"Feature","geometry":{"type":"Point","coordinates":[19.427273,50.137833]},"properties":{"name":"Chrzanów Szpital","lines":"17a, 31B, 32b, 38, 42, P","arr":["17a","31B","32b","38","42","P"],"terminus":0,"mode":"bus","color":"#0059a9","colorDark":"#00294f","angle":323.4,"snapDist":4,"label":0}},{"type":"Feature","geometry":{"type":"Point","coordinates":[19.422359,50.136246]},"properties":{"name":"Chrzanów Szpitalna","lines":"17a, 31B, 32b, 38, 42, P","arr":["17a","31B","32b","38","42","P"],"terminus":0,"mode":"bus","color":"#0059a9","colorDark":"#00294f","angle":38.1,"snapDist":6,"label":1}},{"type":"Feature","geometry":{"type":"Point","coordinates":[19.411543,50.142651]},"properties":{"name":"Chrzanów Dworzec Autobusowy","lines":"17a, 17b, 30, 31, 31B, 32a, 32b, 35, 38","arr":["17a","17b","30","31","31B","32a","32b","35","38"],"terminus":1,"mode":"bus","color":"#0059a9","colorDark":"#00294f","angle":336.4,"snapDist":4,"label":0}},{"type":"Feature","geometry":{"type":"Point","coordinates":[19.422999,50.135412]},"properties":{"name":"Chrzanów Szpitalna","lines":"17a, 17b, P","arr":["17a","17b","P"],"terminus":0,"mode":"bus","color":"#0059a9","colorDark":"#00294f","angle":244.1,"snapDist":10,"label":0}},{"type":"Feature","geometry":{"type":"Point","coordinates":[19.425134,50.132798]},"properties":{"name":"Chrzanów Kościelec Staw.","lines":"17a, 17b, P","arr":["17a","17b","P"],"terminus":0,"mode":"bus","color":"#0059a9","colorDark":"#00294f","angle":243.3,"snapDist":8,"label":0}},{"type":"Feature","geometry":{"type":"Point","coordinates":[19.429477,50.128086]},"properties":{"name":"Chrzanów Kościelec","lines":"17a, 17b, P","arr":["17a","17b","P"],"terminus":0,"mode":"bus","color":"#0059a9","colorDark":"#00294f","angle":238,"snapDist":11,"label":0}},{"type":"Feature","geometry":{"type":"Point","coordinates":[19.433286,50.124423]},"properties":{"name":"Chrzanów Kościelec Las","lines":"17a, 17b, P","arr":["17a","17b","P"],"terminus":0,"mode":"bus","color":"#0059a9","colorDark":"#00294f","angle":233.5,"snapDist":5,"label":0}},{"type":"Feature","geometry":{"type":"Point","coordinates":[19.442615,50.112831]},"properties":{"name":"Płaza Wapiennik II","lines":"17a, 17b","arr":["17a","17b"],"terminus":0,"mode":"bus","color":"#0059a9","colorDark":"#00294f","angle":256.2,"snapDist":13,"label":0}},{"type":"Feature","geometry":{"type":"Point","coordinates":[19.444764,50.106926]},"properties":{"name":"Płaza Wapiennik I","lines":"17a, 17b","arr":["17a","17b"],"terminus":0,"mode":"bus","color":"#0059a9","colorDark":"#00294f","angle":8,"snapDist":8,"label":0}},{"type":"Feature","geometry":{"type":"Point","coordinates":[19.452039,50.10316]},"properties":{"name":"Płaza Działki","lines":"17a, 17b","arr":["17a","17b"],"terminus":0,"mode":"bus","color":"#0059a9","colorDark":"#00294f","angle":204.3,"snapDist":8,"label":0}},{"type":"Feature","geometry":{"type":"Point","coordinates":[19.460905,50.100249]},"properties":{"name":"Płaza Cmentarz","lines":"17a","arr":["17a"],"terminus":0,"mode":"bus","color":"#0059a9","colorDark":"#00294f","angle":201.4,"snapDist":11,"label":0}},{"type":"Feature","geometry":{"type":"Point","coordinates":[19.464051,50.098593]},"properties":{"name":"Płaza Górna Kościół","lines":"17a, 32a, 42","arr":["17a","32a","42"],"terminus":0,"mode":"bus","color":"#0059a9","colorDark":"#00294f","angle":289.9,"snapDist":3,"label":0}},{"type":"Feature","geometry":{"type":"Point","coordinates":[19.461644,50.094878]},"properties":{"name":"Płaza Role","lines":"17a, 32a, 42","arr":["17a","32a","42"],"terminus":0,"mode":"bus","color":"#0059a9","colorDark":"#00294f","angle":267.2,"snapDist":10,"label":0}},{"type":"Feature","geometry":{"type":"Point","coordinates":[19.454317,50.085156]},"properties":{"name":"Płaza Dolna II.","lines":"17a, 32a, 42","arr":["17a","32a","42"],"terminus":0,"mode":"bus","color":"#0059a9","colorDark":"#00294f","angle":312.3,"snapDist":5,"label":0}},{"type":"Feature","geometry":{"type":"Point","coordinates":[19.442736,50.082385]},"properties":{"name":"Płaza Dolna I.","lines":"17a, 32a, 42","arr":["17a","32a","42"],"terminus":0,"mode":"bus","color":"#0059a9","colorDark":"#00294f","angle":2.4,"snapDist":4,"label":1}},{"type":"Feature","geometry":{"type":"Point","coordinates":[19.460997,50.099934]},"properties":{"name":"Płaza Hetmańska","lines":"17b, 32a","arr":["17b","32a"],"terminus":0,"mode":"bus","color":"#0059a9","colorDark":"#00294f","angle":300.5,"snapDist":8,"label":1}},{"type":"Feature","geometry":{"type":"Point","coordinates":[19.453839,50.097747]},"properties":{"name":"Płaza Syberia","lines":"17b, 32a","arr":["17b","32a"],"terminus":0,"mode":"bus","color":"#0059a9","colorDark":"#00294f","angle":356.2,"snapDist":3,"label":1}},{"type":"Feature","geometry":{"type":"Point","coordinates":[19.443172,50.098919]},"properties":{"name":"Płaza Mazerzyn","lines":"17b, 32a","arr":["17b","32a"],"terminus":0,"mode":"bus","color":"#0059a9","colorDark":"#00294f","angle":19.7,"snapDist":4,"label":1}},{"type":"Feature","geometry":{"type":"Point","coordinates":[19.431029,50.098089]},"properties":{"name":"Pogorzyce Starzyny","lines":"17b, 32a","arr":["17b","32a"],"terminus":0,"mode":"bus","color":"#0059a9","colorDark":"#00294f","angle":14.7,"snapDist":2,"label":1}},{"type":"Feature","geometry":{"type":"Point","coordinates":[19.426013,50.099151]},"properties":{"name":"Pogorzyce Dwór","lines":"17b, 32a","arr":["17b","32a"],"terminus":0,"mode":"bus","color":"#0059a9","colorDark":"#00294f","angle":31.3,"snapDist":3,"label":1}},{"type":"Feature","geometry":{"type":"Point","coordinates":[19.421328,50.101825]},"properties":{"name":"Pogorzyce Kościół","lines":"17b, 32a","arr":["17b","32a"],"terminus":0,"mode":"bus","color":"#0059a9","colorDark":"#00294f","angle":11,"snapDist":3,"label":1}},{"type":"Feature","geometry":{"type":"Point","coordinates":[19.415659,50.107021]},"properties":{"name":"Pogorzyce Szkoła","lines":"17b, 32a","arr":["17b","32a"],"terminus":0,"mode":"bus","color":"#0059a9","colorDark":"#00294f","angle":77.3,"snapDist":9,"label":1}},{"type":"Feature","geometry":{"type":"Point","coordinates":[19.413989,50.111719]},"properties":{"name":"Pogorzyce PKP","lines":"17b, 32a","arr":["17b","32a"],"terminus":0,"mode":"bus","color":"#0059a9","colorDark":"#00294f","angle":77,"snapDist":9,"label":1}},{"type":"Feature","geometry":{"type":"Point","coordinates":[19.412582,50.116207]},"properties":{"name":"Chrzanów Stella","lines":"17b, 32a, 35","arr":["17b","32a","35"],"terminus":0,"mode":"bus","color":"#0059a9","colorDark":"#00294f","angle":90.5,"snapDist":7,"label":1}},{"type":"Feature","geometry":{"type":"Point","coordinates":[19.410342,50.122512]},"properties":{"name":"Chrzanów Ciepłownia","lines":"17b, 32a, 35","arr":["17b","32a","35"],"terminus":0,"mode":"bus","color":"#0059a9","colorDark":"#00294f","angle":79.3,"snapDist":5,"label":1}},{"type":"Feature","geometry":{"type":"Point","coordinates":[19.410537,50.125278]},"properties":{"name":"Chrzanów Pogorska Kościół","lines":"17b, 32a, 35","arr":["17b","32a","35"],"terminus":0,"mode":"bus","color":"#0059a9","colorDark":"#00294f","angle":94.9,"snapDist":6,"label":1}},{"type":"Feature","geometry":{"type":"Point","coordinates":[19.40968,50.128964]},"properties":{"name":"Chrzanów Pogorska Przychodnia","lines":"17b, 30, 31, 32a, 35","arr":["17b","30","31","32a","35"],"terminus":0,"mode":"bus","color":"#0059a9","colorDark":"#00294f","angle":73.5,"snapDist":11,"label":1}},{"type":"Feature","geometry":{"type":"Point","coordinates":[19.408349,50.132045]},"properties":{"name":"Chrzanów Pogorska Szkoła","lines":"17b, 30, 31, 32a, 35","arr":["17b","30","31","32a","35"],"terminus":0,"mode":"bus","color":"#0059a9","colorDark":"#00294f","angle":98.2,"snapDist":3,"label":1}},{"type":"Feature","geometry":{"type":"Point","coordinates":[19.399222,50.136116]},"properties":{"name":"Chrzanów Aleja Henryka","lines":"25","arr":["25"],"terminus":0,"mode":"bus","color":"#0059a9","colorDark":"#00294f","angle":288.3,"snapDist":2,"label":1}},{"type":"Feature","geometry":{"type":"Point","coordinates":[19.395481,50.133749]},"properties":{"name":"Chrzanów Osiedle Robotnicze","lines":"25","arr":["25"],"terminus":0,"mode":"bus","color":"#0059a9","colorDark":"#00294f","angle":339.9,"snapDist":1,"label":1}},{"type":"Feature","geometry":{"type":"Point","coordinates":[19.391821,50.13292]},"properties":{"name":"Chrzanów Stara Huta","lines":"25","arr":["25"],"terminus":0,"mode":"bus","color":"#0059a9","colorDark":"#00294f","angle":339.5,"snapDist":6,"label":1}},{"type":"Feature","geometry":{"type":"Point","coordinates":[19.381113,50.132026]},"properties":{"name":"Chrzanów Powstańców Styczniowych","lines":"25","arr":["25"],"terminus":0,"mode":"bus","color":"#0059a9","colorDark":"#00294f","angle":274.7,"snapDist":5,"label":1}},{"type":"Feature","geometry":{"type":"Point","coordinates":[19.379885,50.126996]},"properties":{"name":"Chrzanów Zakł. Mleczarskie","lines":"25","arr":["25"],"terminus":0,"mode":"bus","color":"#0059a9","colorDark":"#00294f","angle":244.7,"snapDist":7,"label":1}},{"type":"Feature","geometry":{"type":"Point","coordinates":[19.382005,50.122581]},"properties":{"name":"Chrzanów Przetwórnia","lines":"25","arr":["25"],"terminus":0,"mode":"bus","color":"#0059a9","colorDark":"#00294f","angle":314.5,"snapDist":2,"label":1}},{"type":"Feature","geometry":{"type":"Point","coordinates":[19.37725,50.119144]},"properties":{"name":"Chrzanów Chłodnia","lines":"25","arr":["25"],"terminus":0,"mode":"bus","color":"#0059a9","colorDark":"#00294f","angle":316.7,"snapDist":4,"label":1}},{"type":"Feature","geometry":{"type":"Point","coordinates":[19.372308,50.113373]},"properties":{"name":"Chrzanów Oczyszczalnia","lines":"25","arr":["25"],"terminus":1,"mode":"bus","color":"#0059a9","colorDark":"#00294f","angle":294.8,"snapDist":2,"label":1}},{"type":"Feature","geometry":{"type":"Point","coordinates":[19.352347,50.104065]},"properties":{"name":"Libiąż Jaworek","lines":"25, 38","arr":["25","38"],"terminus":0,"mode":"bus","color":"#0059a9","colorDark":"#00294f","angle":358.3,"snapDist":0,"label":1}},{"type":"Feature","geometry":{"type":"Point","coordinates":[19.343366,50.104487]},"properties":{"name":"Libiąż Myśliwska","lines":"25, 38","arr":["25","38"],"terminus":0,"mode":"bus","color":"#0059a9","colorDark":"#00294f","angle":13.9,"snapDist":3,"label":1}},{"type":"Feature","geometry":{"type":"Point","coordinates":[19.330726,50.102291]},"properties":{"name":"Libiąż Rondo Siedmiu Dróg","lines":"25, 38","arr":["25","38"],"terminus":0,"mode":"bus","color":"#0059a9","colorDark":"#00294f","angle":321,"snapDist":3,"label":1}},{"type":"Feature","geometry":{"type":"Point","coordinates":[19.352394,50.082912]},"properties":{"name":"Żarki Szkoła","lines":"25, 38","arr":["25","38"],"terminus":0,"mode":"bus","color":"#0059a9","colorDark":"#00294f","angle":103.7,"snapDist":6,"label":1}},{"type":"Feature","geometry":{"type":"Point","coordinates":[19.358746,50.087853]},"properties":{"name":"Żarki Zagórcze Astronautów","lines":"25, 38","arr":["25","38"],"terminus":0,"mode":"bus","color":"#0059a9","colorDark":"#00294f","angle":129.9,"snapDist":10,"label":1}},{"type":"Feature","geometry":{"type":"Point","coordinates":[19.360698,50.094269]},"properties":{"name":"Żarki Zagórcze","lines":"25, 38","arr":["25","38"],"terminus":0,"mode":"bus","color":"#0059a9","colorDark":"#00294f","angle":115.7,"snapDist":13,"label":1}},{"type":"Feature","geometry":{"type":"Point","coordinates":[19.372618,50.113786]},"properties":{"name":"Chrzanów Oczyszczalnia","lines":"25","arr":["25"],"terminus":0,"mode":"bus","color":"#0059a9","colorDark":"#00294f","angle":115.4,"snapDist":15,"label":0}},{"type":"Feature","geometry":{"type":"Point","coordinates":[19.377992,50.119599]},"properties":{"name":"Chrzanów Chłodnia","lines":"25","arr":["25"],"terminus":0,"mode":"bus","color":"#0059a9","colorDark":"#00294f","angle":135.8,"snapDist":6,"label":0}},{"type":"Feature","geometry":{"type":"Point","coordinates":[19.382516,50.123335]},"properties":{"name":"Chrzanów Przetwórnia","lines":"25","arr":["25"],"terminus":0,"mode":"bus","color":"#0059a9","colorDark":"#00294f","angle":66.8,"snapDist":5,"label":0}},{"type":"Feature","geometry":{"type":"Point","coordinates":[19.379659,50.127319]},"properties":{"name":"Chrzanów Zakł. Mleczarskie","lines":"25","arr":["25"],"terminus":0,"mode":"bus","color":"#0059a9","colorDark":"#00294f","angle":74.5,"snapDist":5,"label":0}},{"type":"Feature","geometry":{"type":"Point","coordinates":[19.381112,50.132019]},"properties":{"name":"Chrzanów Powstańców Styczniowych","lines":"25","arr":["25"],"terminus":0,"mode":"bus","color":"#0059a9","colorDark":"#00294f","angle":94.7,"snapDist":8,"label":0}},{"type":"Feature","geometry":{"type":"Point","coordinates":[19.392497,50.133073]},"properties":{"name":"Chrzanów Stara Huta","lines":"25","arr":["25"],"terminus":0,"mode":"bus","color":"#0059a9","colorDark":"#00294f","angle":160.3,"snapDist":8,"label":0}},{"type":"Feature","geometry":{"type":"Point","coordinates":[19.396387,50.133965]},"properties":{"name":"Chrzanów Osiedle Robotnicze","lines":"25","arr":["25"],"terminus":0,"mode":"bus","color":"#0059a9","colorDark":"#00294f","angle":159,"snapDist":10,"label":0}},{"type":"Feature","geometry":{"type":"Point","coordinates":[19.277053,50.11184]},"properties":{"name":"Libiąż Kosówki Paprocia II","lines":"25","arr":["25"],"terminus":1,"mode":"bus","color":"#0059a9","colorDark":"#00294f","angle":76.8,"snapDist":3,"label":1}},{"type":"Feature","geometry":{"type":"Point","coordinates":[19.400889,50.144254]},"properties":{"name":"Chrzanów Park","lines":"29, 33","arr":["29","33"],"terminus":0,"mode":"bus","color":"#0059a9","colorDark":"#00294f","angle":356.1,"snapDist":4,"label":1}},{"type":"Feature","geometry":{"type":"Point","coordinates":[19.400244,50.147234]},"properties":{"name":"Chrzanów Ks. Skorupki","lines":"29, 33","arr":["29","33"],"terminus":0,"mode":"bus","color":"#0059a9","colorDark":"#00294f","angle":96,"snapDist":4,"label":1}},{"type":"Feature","geometry":{"type":"Point","coordinates":[19.392755,50.166421]},"properties":{"name":"Balin Kościół /tymczasowy/","lines":"29","arr":["29"],"terminus":0,"mode":"bus","color":"#0059a9","colorDark":"#00294f","angle":5.4,"snapDist":5,"label":1}},{"type":"Feature","geometry":{"type":"Point","coordinates":[19.389334,50.163022]},"properties":{"name":"Balin Łąkowa","lines":"29","arr":["29"],"terminus":0,"mode":"bus","color":"#0059a9","colorDark":"#00294f","angle":19.8,"snapDist":3,"label":1}},{"type":"Feature","geometry":{"type":"Point","coordinates":[19.38108,50.163832]},"properties":{"name":"Balin Przychodnia","lines":"29","arr":["29"],"terminus":0,"mode":"bus","color":"#0059a9","colorDark":"#00294f","angle":65.2,"snapDist":6,"label":1}},{"type":"Feature","geometry":{"type":"Point","coordinates":[19.373162,50.169453]},"properties":{"name":"Balin Straż Poż.","lines":"29","arr":["29"],"terminus":0,"mode":"bus","color":"#0059a9","colorDark":"#00294f","angle":60.4,"snapDist":4,"label":1}},{"type":"Feature","geometry":{"type":"Point","coordinates":[19.367021,50.172847]},"properties":{"name":"Balin Graniczny","lines":"29","arr":["29"],"terminus":0,"mode":"bus","color":"#0059a9","colorDark":"#00294f","angle":34.9,"snapDist":3,"label":1}},{"type":"Feature","geometry":{"type":"Point","coordinates":[19.37391,50.171413]},"properties":{"name":"Balin Szkoła","lines":"29","arr":["29"],"terminus":0,"mode":"bus","color":"#0059a9","colorDark":"#00294f","angle":199.1,"snapDist":10,"label":1}},{"type":"Feature","geometry":{"type":"Point","coordinates":[19.382299,50.167229]},"properties":{"name":"Balin Jaworznicka Pawilon","lines":"29","arr":["29"],"terminus":0,"mode":"bus","color":"#0059a9","colorDark":"#00294f","angle":202.9,"snapDist":12,"label":1}},{"type":"Feature","geometry":{"type":"Point","coordinates":[19.391061,50.165689]},"properties":{"name":"Balin Kościół /tymczasowy/","lines":"29","arr":["29"],"terminus":0,"mode":"bus","color":"#0059a9","colorDark":"#00294f","angle":153,"snapDist":9,"label":0}},{"type":"Feature","geometry":{"type":"Point","coordinates":[19.382145,50.16752]},"properties":{"name":"Balin Pańska Pawilon","lines":"29","arr":["29"],"terminus":0,"mode":"bus","color":"#0059a9","colorDark":"#00294f","angle":107.9,"snapDist":7,"label":1}},{"type":"Feature","geometry":{"type":"Point","coordinates":[19.381116,50.178146]},"properties":{"name":"Okradziejówka","lines":"29","arr":["29"],"terminus":0,"mode":"bus","color":"#0059a9","colorDark":"#00294f","angle":75.9,"snapDist":4,"label":1}},{"type":"Feature","geometry":{"type":"Point","coordinates":[19.378076,50.183832]},"properties":{"name":"Okradziejówka Pętla","lines":"29","arr":["29"],"terminus":1,"mode":"bus","color":"#0059a9","colorDark":"#00294f","angle":298.3,"snapDist":0,"label":1}},{"type":"Feature","geometry":{"type":"Point","coordinates":[19.4026,50.127096]},"properties":{"name":"Chrzanów Os.Młodości Witosa","lines":"30, 31","arr":["30","31"],"terminus":1,"mode":"bus","color":"#0059a9","colorDark":"#00294f","angle":250.2,"snapDist":7,"label":1}},{"type":"Feature","geometry":{"type":"Point","coordinates":[19.408407,50.126292]},"properties":{"name":"Chrzanów Os.Młod.Szarych Szer.","lines":"30, 31","arr":["30","31"],"terminus":0,"mode":"bus","color":"#0059a9","colorDark":"#00294f","angle":139.4,"snapDist":7,"label":1}},{"type":"Feature","geometry":{"type":"Point","coordinates":[19.403073,50.126309]},"properties":{"name":"Chrzanów Os.Młodości Witosa","lines":"30","arr":["30"],"terminus":1,"mode":"bus","color":"#0059a9","colorDark":"#00294f","angle":69.7,"snapDist":5,"label":0}},{"type":"Feature","geometry":{"type":"Point","coordinates":[19.407183,50.137401]},"properties":{"name":"Chrzanów Głowackiego","lines":"30, 32a, 32b, 35","arr":["30","32a","32b","35"],"terminus":0,"mode":"bus","color":"#0059a9","colorDark":"#00294f","angle":53.2,"snapDist":4,"label":1}},{"type":"Feature","geometry":{"type":"Point","coordinates":[19.408303,50.131839]},"properties":{"name":"Chrzanów Pogorska Szkoła","lines":"30, 32a, 32b, 35","arr":["30","32a","32b","35"],"terminus":0,"mode":"bus","color":"#0059a9","colorDark":"#00294f","angle":-81.8,"snapDist":4,"label":0}},{"type":"Feature","geometry":{"type":"Point","coordinates":[19.409358,50.12946]},"properties":{"name":"Chrzanów Pogorska Przychodnia","lines":"30, 32a, 32b, 35","arr":["30","32a","32b","35"],"terminus":0,"mode":"bus","color":"#0059a9","colorDark":"#00294f","angle":-120.4,"snapDist":14,"label":0}},{"type":"Feature","geometry":{"type":"Point","coordinates":[19.408203,50.12618]},"properties":{"name":"Chrzanów Os.Młod.Szarych Szer.","lines":"30","arr":["30"],"terminus":0,"mode":"bus","color":"#0059a9","colorDark":"#00294f","angle":139.4,"snapDist":4,"label":0}},{"type":"Feature","geometry":{"type":"Point","coordinates":[19.412161,50.133101]},"properties":{"name":"Chrzanów Os.Młodości Armii Krajowej","lines":"31","arr":["31"],"terminus":0,"mode":"bus","color":"#0059a9","colorDark":"#00294f","angle":201.6,"snapDist":12,"label":1}},{"type":"Feature","geometry":{"type":"Point","coordinates":[19.41633,50.134254]},"properties":{"name":"Chrzanów Kościelec Kościół","lines":"31, 32b","arr":["31","32b"],"terminus":0,"mode":"bus","color":"#0059a9","colorDark":"#00294f","angle":172.8,"snapDist":8,"label":1}},{"type":"Feature","geometry":{"type":"Point","coordinates":[19.410435,50.124553]},"properties":{"name":"Chrzanów Pogorska Kościół","lines":"32a, 32b, 35","arr":["32a","32b","35"],"terminus":0,"mode":"bus","color":"#0059a9","colorDark":"#00294f","angle":275.3,"snapDist":3,"label":0}},{"type":"Feature","geometry":{"type":"Point","coordinates":[19.41056,50.12187]},"properties":{"name":"Chrzanów Ciepłownia","lines":"32a, 32b, 35","arr":["32a","32b","35"],"terminus":0,"mode":"bus","color":"#0059a9","colorDark":"#00294f","angle":256.8,"snapDist":8,"label":0}},{"type":"Feature","geometry":{"type":"Point","coordinates":[19.412584,50.116298]},"properties":{"name":"Chrzanów Stella","lines":"32a, 32b, 35","arr":["32a","32b","35"],"terminus":0,"mode":"bus","color":"#0059a9","colorDark":"#00294f","angle":271.3,"snapDist":4,"label":0}},{"type":"Feature","geometry":{"type":"Point","coordinates":[19.413744,50.112411]},"properties":{"name":"Pogorzyce PKP","lines":"32a, 32b","arr":["32a","32b"],"terminus":0,"mode":"bus","color":"#0059a9","colorDark":"#00294f","angle":257.1,"snapDist":6,"label":0}},{"type":"Feature","geometry":{"type":"Point","coordinates":[19.415608,50.107166]},"properties":{"name":"Pogorzyce Szkoła","lines":"32a, 32b","arr":["32a","32b"],"terminus":0,"mode":"bus","color":"#0059a9","colorDark":"#00294f","angle":256.8,"snapDist":12,"label":0}},{"type":"Feature","geometry":{"type":"Point","coordinates":[19.421242,50.101836]},"properties":{"name":"Pogorzyce Kościół","lines":"32a, 32b","arr":["32a","32b"],"terminus":0,"mode":"bus","color":"#0059a9","colorDark":"#00294f","angle":191,"snapDist":6,"label":0}},{"type":"Feature","geometry":{"type":"Point","coordinates":[19.426246,50.099061]},"properties":{"name":"Pogorzyce Dwór","lines":"32a, 32b","arr":["32a","32b"],"terminus":0,"mode":"bus","color":"#0059a9","colorDark":"#00294f","angle":206.5,"snapDist":8,"label":0}},{"type":"Feature","geometry":{"type":"Point","coordinates":[19.431719,50.097972]},"properties":{"name":"Pogorzyce Starzyny","lines":"32a, 32b","arr":["32a","32b"],"terminus":0,"mode":"bus","color":"#0059a9","colorDark":"#00294f","angle":195.2,"snapDist":10,"label":0}},{"type":"Feature","geometry":{"type":"Point","coordinates":[19.443248,50.098836]},"properties":{"name":"Płaza Mazerzyn","lines":"32a, 32b","arr":["32a","32b"],"terminus":0,"mode":"bus","color":"#0059a9","colorDark":"#00294f","angle":290.4,"snapDist":7,"label":0}},{"type":"Feature","geometry":{"type":"Point","coordinates":[19.454332,50.097771]},"properties":{"name":"Płaza Syberia","lines":"32a, 32b","arr":["32a","32b"],"terminus":0,"mode":"bus","color":"#0059a9","colorDark":"#00294f","angle":175.8,"snapDist":14,"label":0}},{"type":"Feature","geometry":{"type":"Point","coordinates":[19.46047,50.099502]},"properties":{"name":"Płaza Hetmańska","lines":"32a","arr":["32a"],"terminus":0,"mode":"bus","color":"#0059a9","colorDark":"#00294f","angle":127.6,"snapDist":8,"label":0}},{"type":"Feature","geometry":{"type":"Point","coordinates":[19.390017,50.145318]},"properties":{"name":"Chrzanów Kąty Bloki","lines":"33","arr":["33"],"terminus":0,"mode":"bus","color":"#0059a9","colorDark":"#00294f","angle":195.5,"snapDist":4,"label":1}},{"type":"Feature","geometry":{"type":"Point","coordinates":[19.378781,50.148217]},"properties":{"name":"Chrzanów Kąty Kościół","lines":"33","arr":["33"],"terminus":0,"mode":"bus","color":"#0059a9","colorDark":"#00294f","angle":27.9,"snapDist":7,"label":1}},{"type":"Feature","geometry":{"type":"Point","coordinates":[19.368577,50.14946]},"properties":{"name":"Chrzanów Kąty Osiedle Malarzy","lines":"33","arr":["33"],"terminus":0,"mode":"bus","color":"#0059a9","colorDark":"#00294f","angle":355.2,"snapDist":6,"label":1}},{"type":"Feature","geometry":{"type":"Point","coordinates":[19.368574,50.14946]},"properties":{"name":"Chrzanów Kąty Osiedle Malarzy","lines":"33","arr":["33"],"terminus":0,"mode":"bus","color":"#0059a9","colorDark":"#00294f","angle":175.2,"snapDist":14,"label":0}},{"type":"Feature","geometry":{"type":"Point","coordinates":[19.378771,50.148221]},"properties":{"name":"Chrzanów Kąty Kościół","lines":"33","arr":["33"],"terminus":0,"mode":"bus","color":"#0059a9","colorDark":"#00294f","angle":207.9,"snapDist":11,"label":0}},{"type":"Feature","geometry":{"type":"Point","coordinates":[19.389455,50.145418]},"properties":{"name":"Chrzanów Kąty Bloki","lines":"33","arr":["33"],"terminus":0,"mode":"bus","color":"#0059a9","colorDark":"#00294f","angle":-164.6,"snapDist":6,"label":0}},{"type":"Feature","geometry":{"type":"Point","coordinates":[19.409734,50.115914]},"properties":{"name":"Chrzanów Stella Pętla","lines":"35","arr":["35"],"terminus":1,"mode":"bus","color":"#0059a9","colorDark":"#00294f","angle":139.8,"snapDist":2,"label":1}},{"type":"Feature","geometry":{"type":"Point","coordinates":[19.330655,50.102254]},"properties":{"name":"Libiąż Rondo Siedmiu Dróg","lines":"38","arr":["38"],"terminus":0,"mode":"bus","color":"#0059a9","colorDark":"#00294f","angle":141,"snapDist":15,"label":0}},{"type":"Feature","geometry":{"type":"Point","coordinates":[19.343508,50.104464]},"properties":{"name":"Libiąż Myśliwska","lines":"38","arr":["38"],"terminus":0,"mode":"bus","color":"#0059a9","colorDark":"#00294f","angle":193.9,"snapDist":9,"label":0}},{"type":"Feature","geometry":{"type":"Point","coordinates":[19.351996,50.104059]},"properties":{"name":"Libiąż Jaworek","lines":"38","arr":["38"],"terminus":0,"mode":"bus","color":"#0059a9","colorDark":"#00294f","angle":179.6,"snapDist":13,"label":0}},{"type":"Feature","geometry":{"type":"Point","coordinates":[19.360607,50.094148]},"properties":{"name":"Żarki Zagórcze","lines":"38","arr":["38"],"terminus":0,"mode":"bus","color":"#0059a9","colorDark":"#00294f","angle":295.7,"snapDist":6,"label":0}},{"type":"Feature","geometry":{"type":"Point","coordinates":[19.35855,50.087716]},"properties":{"name":"Żarki Zagórcze Astronautów","lines":"38","arr":["38"],"terminus":0,"mode":"bus","color":"#0059a9","colorDark":"#00294f","angle":314.9,"snapDist":4,"label":0}},{"type":"Feature","geometry":{"type":"Point","coordinates":[19.35253,50.083239]},"properties":{"name":"Żarki Szkoła.","lines":"38","arr":["38"],"terminus":0,"mode":"bus","color":"#0059a9","colorDark":"#00294f","angle":292.6,"snapDist":3,"label":1}},{"type":"Feature","geometry":{"type":"Point","coordinates":[19.479204,50.156384]},"properties":{"name":"Trzebinia Szkoła","lines":"41, N","arr":["41","N"],"terminus":0,"mode":"bus","color":"#0059a9","colorDark":"#00294f","angle":27.4,"snapDist":4,"label":0}},{"type":"Feature","geometry":{"type":"Point","coordinates":[19.435265,50.149745]},"properties":{"name":"Trzebinia Berezka","lines":"41, 42","arr":["41","42"],"terminus":0,"mode":"bus","color":"#0059a9","colorDark":"#00294f","angle":334.4,"snapDist":9,"label":0}},{"type":"Feature","geometry":{"type":"Point","coordinates":[19.479649,50.184293]},"properties":{"name":"Myślachowice Centrum","lines":"41, 42, Lb, Lc, N","arr":["41","42","Lb","Lc","N"],"terminus":1,"mode":"bus","color":"#0059a9","colorDark":"#00294f","angle":43.7,"snapDist":6,"label":0}},{"type":"Feature","geometry":{"type":"Point","coordinates":[19.494426,50.183399]},"properties":{"name":"Myślachowice Leśniczówka","lines":"41, N","arr":["41","N"],"terminus":0,"mode":"bus","color":"#0059a9","colorDark":"#00294f","angle":271.4,"snapDist":5,"label":0}},{"type":"Feature","geometry":{"type":"Point","coordinates":[19.514157,50.174546]},"properties":{"name":"Psary Ostra Góra","lines":"41, N","arr":["41","N"],"terminus":1,"mode":"bus","color":"#0059a9","colorDark":"#00294f","angle":212,"snapDist":7,"label":1}},{"type":"Feature","geometry":{"type":"Point","coordinates":[19.524332,50.171391]},"properties":{"name":"Psary Ostra Góra Lewiatan","lines":"41, N","arr":["41","N"],"terminus":0,"mode":"bus","color":"#0059a9","colorDark":"#00294f","angle":186.4,"snapDist":8,"label":1}},{"type":"Feature","geometry":{"type":"Point","coordinates":[19.528115,50.146104]},"properties":{"name":"Dulowa Leśniczówka","lines":"41","arr":["41"],"terminus":0,"mode":"bus","color":"#0059a9","colorDark":"#00294f","angle":36.8,"snapDist":12,"label":1}},{"type":"Feature","geometry":{"type":"Point","coordinates":[19.459432,50.158207]},"properties":{"name":"Trzebinia Harcerska Przychodnia","lines":"41, 42, La, Lb, Lc","arr":["41","42","La","Lb","Lc"],"terminus":0,"mode":"bus","color":"#0059a9","colorDark":"#00294f","angle":27,"snapDist":5,"label":1}},{"type":"Feature","geometry":{"type":"Point","coordinates":[19.473471,50.173995]},"properties":{"name":"Trzebinia Zbyszek","lines":"41, 42, La, Lb, Lc","arr":["41","42","La","Lb","Lc"],"terminus":0,"mode":"bus","color":"#0059a9","colorDark":"#00294f","angle":-34.9,"snapDist":9,"label":0}},{"type":"Feature","geometry":{"type":"Point","coordinates":[19.491044,50.188573]},"properties":{"name":"Myślachowice RSP","lines":"41, 42, Lc","arr":["41","42","Lc"],"terminus":0,"mode":"bus","color":"#0059a9","colorDark":"#00294f","angle":137.7,"snapDist":4,"label":1}},{"type":"Feature","geometry":{"type":"Point","coordinates":[19.506386,50.198266]},"properties":{"name":"Płoki Leśniczówka","lines":"41, 42, Lc","arr":["41","42","Lc"],"terminus":0,"mode":"bus","color":"#0059a9","colorDark":"#00294f","angle":130.4,"snapDist":6,"label":1}},{"type":"Feature","geometry":{"type":"Point","coordinates":[19.510993,50.203465]},"properties":{"name":"Płoki Centrum","lines":"41, 42, Lc","arr":["41","42","Lc"],"terminus":1,"mode":"bus","color":"#0059a9","colorDark":"#00294f","angle":104.4,"snapDist":4,"label":1}},{"type":"Feature","geometry":{"type":"Point","coordinates":[19.510924,50.20325]},"properties":{"name":"Płoki Centrum","lines":"41, 42, Lc, N","arr":["41","42","Lc","N"],"terminus":1,"mode":"bus","color":"#0059a9","colorDark":"#00294f","angle":279.9,"snapDist":3,"label":0}},{"type":"Feature","geometry":{"type":"Point","coordinates":[19.505391,50.197526]},"properties":{"name":"Płoki Leśniczówka","lines":"41, 42, Lc, N","arr":["41","42","Lc","N"],"terminus":0,"mode":"bus","color":"#0059a9","colorDark":"#00294f","angle":308.9,"snapDist":4,"label":0}},{"type":"Feature","geometry":{"type":"Point","coordinates":[19.491876,50.189033]},"properties":{"name":"Myślachowice RSP","lines":"41, 42, Lc, N","arr":["41","42","Lc","N"],"terminus":0,"mode":"bus","color":"#0059a9","colorDark":"#00294f","angle":321.9,"snapDist":5,"label":0}},{"type":"Feature","geometry":{"type":"Point","coordinates":[19.443695,50.135192]},"properties":{"name":"Chrzanów Chechło Kąpielisko","lines":"42","arr":["42"],"terminus":0,"mode":"bus","color":"#0059a9","colorDark":"#00294f","angle":207,"snapDist":8,"label":1}},{"type":"Feature","geometry":{"type":"Point","coordinates":[19.452593,50.131776]},"properties":{"name":"Piła Kościelecka Folwark","lines":"42","arr":["42"],"terminus":0,"mode":"bus","color":"#0059a9","colorDark":"#00294f","angle":205,"snapDist":12,"label":1}},{"type":"Feature","geometry":{"type":"Point","coordinates":[19.462985,50.131729]},"properties":{"name":"Piła Kościelecka Skrzyżowanie","lines":"42","arr":["42"],"terminus":0,"mode":"bus","color":"#0059a9","colorDark":"#00294f","angle":187.8,"snapDist":13,"label":1}},{"type":"Feature","geometry":{"type":"Point","coordinates":[19.46415,50.127736]},"properties":{"name":"Piła Kościelecka Ruda","lines":"42, P","arr":["42","P"],"terminus":0,"mode":"bus","color":"#0059a9","colorDark":"#00294f","angle":234.4,"snapDist":10,"label":1}},{"type":"Feature","geometry":{"type":"Point","coordinates":[19.466969,50.121723]},"properties":{"name":"Piła Kościelecka Jednostka Wojskowa","lines":"42, P","arr":["42","P"],"terminus":0,"mode":"bus","color":"#0059a9","colorDark":"#00294f","angle":245.6,"snapDist":5,"label":1}},{"type":"Feature","geometry":{"type":"Point","coordinates":[19.472502,50.120098]},"properties":{"name":"Bolęcin Cmentarz","lines":"42, P","arr":["42","P"],"terminus":0,"mode":"bus","color":"#0059a9","colorDark":"#00294f","angle":194.1,"snapDist":6,"label":1}},{"type":"Feature","geometry":{"type":"Point","coordinates":[19.480595,50.117363]},"properties":{"name":"Bolęcin Centrum","lines":"42, P","arr":["42","P"],"terminus":0,"mode":"bus","color":"#0059a9","colorDark":"#00294f","angle":215.9,"snapDist":16,"label":1}},{"type":"Feature","geometry":{"type":"Point","coordinates":[19.488413,50.113028]},"properties":{"name":"Bolęcin Górka","lines":"42","arr":["42"],"terminus":0,"mode":"bus","color":"#0059a9","colorDark":"#00294f","angle":209.3,"snapDist":15,"label":1}},{"type":"Feature","geometry":{"type":"Point","coordinates":[19.496252,50.1104]},"properties":{"name":"Bolęcin Stawki","lines":"42","arr":["42"],"terminus":1,"mode":"bus","color":"#0059a9","colorDark":"#00294f","angle":202.1,"snapDist":2,"label":1}},{"type":"Feature","geometry":{"type":"Point","coordinates":[19.487443,50.113374]},"properties":{"name":"Bolęcin Górka","lines":"42","arr":["42"],"terminus":0,"mode":"bus","color":"#0059a9","colorDark":"#00294f","angle":28.9,"snapDist":4,"label":0}},{"type":"Feature","geometry":{"type":"Point","coordinates":[19.479915,50.117347]},"properties":{"name":"Bolęcin Centrum","lines":"42, P","arr":["42","P"],"terminus":0,"mode":"bus","color":"#0059a9","colorDark":"#00294f","angle":81.7,"snapDist":5,"label":0}},{"type":"Feature","geometry":{"type":"Point","coordinates":[19.471186,50.12029]},"properties":{"name":"Bolęcin Cmentarz","lines":"42, P","arr":["42","P"],"terminus":0,"mode":"bus","color":"#0059a9","colorDark":"#00294f","angle":12,"snapDist":3,"label":0}},{"type":"Feature","geometry":{"type":"Point","coordinates":[19.464531,50.127396]},"properties":{"name":"Piła Kościelecka Ruda","lines":"42, P","arr":["42","P"],"terminus":0,"mode":"bus","color":"#0059a9","colorDark":"#00294f","angle":54.2,"snapDist":7,"label":0}},{"type":"Feature","geometry":{"type":"Point","coordinates":[19.462811,50.131749]},"properties":{"name":"Piła Kościelecka Skrzyżowanie","lines":"42","arr":["42"],"terminus":0,"mode":"bus","color":"#0059a9","colorDark":"#00294f","angle":10.2,"snapDist":4,"label":0}},{"type":"Feature","geometry":{"type":"Point","coordinates":[19.454225,50.131289]},"properties":{"name":"Piła Kościelecka Folwark","lines":"42","arr":["42"],"terminus":0,"mode":"bus","color":"#0059a9","colorDark":"#00294f","angle":24.1,"snapDist":4,"label":0}},{"type":"Feature","geometry":{"type":"Point","coordinates":[19.44307,50.135397]},"properties":{"name":"Chrzanów Chechło Kąpielisko","lines":"42","arr":["42"],"terminus":0,"mode":"bus","color":"#0059a9","colorDark":"#00294f","angle":26.7,"snapDist":6,"label":0}},{"type":"Feature","geometry":{"type":"Point","coordinates":[19.509763,50.207947]},"properties":{"name":"Płoki pl. zabaw","lines":"42","arr":["42"],"terminus":0,"mode":"bus","color":"#0059a9","colorDark":"#00294f","angle":42.5,"snapDist":5,"label":1}},{"type":"Feature","geometry":{"type":"Point","coordinates":[19.478453,50.113971]},"properties":{"name":"Bolęcin Szkoła","lines":"42, P","arr":["42","P"],"terminus":1,"mode":"bus","color":"#0059a9","colorDark":"#00294f","angle":40.7,"snapDist":5,"label":1}},{"type":"Feature","geometry":{"type":"Point","coordinates":[19.47309,50.105345]},"properties":{"name":"Płaza Wieś","lines":"42, P","arr":["42","P"],"terminus":0,"mode":"bus","color":"#0059a9","colorDark":"#00294f","angle":305.4,"snapDist":9,"label":1}},{"type":"Feature","geometry":{"type":"Point","coordinates":[19.479482,50.184451]},"properties":{"name":"Myślachowice Centrum I","lines":"42, La","arr":["42","La"],"terminus":0,"mode":"bus","color":"#0059a9","colorDark":"#00294f","angle":246.5,"snapDist":5,"label":1}},{"type":"Feature","geometry":{"type":"Point","coordinates":[19.475143,50.189019]},"properties":{"name":"Myślachowice Sierszecka","lines":"42, La","arr":["42","La"],"terminus":0,"mode":"bus","color":"#0059a9","colorDark":"#00294f","angle":54.5,"snapDist":4,"label":1}},{"type":"Feature","geometry":{"type":"Point","coordinates":[19.470708,50.19361]},"properties":{"name":"Myślachowice Piekarnia","lines":"42, La","arr":["42","La"],"terminus":0,"mode":"bus","color":"#0059a9","colorDark":"#00294f","angle":58.3,"snapDist":3,"label":0}},{"type":"Feature","geometry":{"type":"Point","coordinates":[19.50973,50.207967]},"properties":{"name":"Płoki pl. zabaw","lines":"42, N","arr":["42","N"],"terminus":0,"mode":"bus","color":"#0059a9","colorDark":"#00294f","angle":222.5,"snapDist":8,"label":0}},{"type":"Feature","geometry":{"type":"Point","coordinates":[19.327582,50.112479]},"properties":{"name":"Libiąż PKP","lines":"A, B","arr":["A","B"],"terminus":1,"mode":"bus","color":"#0059a9","colorDark":"#00294f","angle":23.6,"snapDist":4,"label":1}},{"type":"Feature","geometry":{"type":"Point","coordinates":[19.323301,50.111991]},"properties":{"name":"Libiąż Armii Krajowej II","lines":"A","arr":["A"],"terminus":0,"mode":"bus","color":"#0059a9","colorDark":"#00294f","angle":279.4,"snapDist":6,"label":1}},{"type":"Feature","geometry":{"type":"Point","coordinates":[19.321231,50.108283]},"properties":{"name":"Libiąż Armii Krajowej I","lines":"A","arr":["A"],"terminus":0,"mode":"bus","color":"#0059a9","colorDark":"#00294f","angle":322.9,"snapDist":1,"label":1}},{"type":"Feature","geometry":{"type":"Point","coordinates":[19.290186,50.085799]},"properties":{"name":"Libiąż Budzowy Skrzyżowanie","lines":"A, B","arr":["A","B"],"terminus":0,"mode":"bus","color":"#0059a9","colorDark":"#00294f","angle":27.8,"snapDist":1,"label":1}},{"type":"Feature","geometry":{"type":"Point","coordinates":[19.292972,50.091748]},"properties":{"name":"Libiąż Beskidzka","lines":"A, B","arr":["A","B"],"terminus":0,"mode":"bus","color":"#0059a9","colorDark":"#00294f","angle":134.1,"snapDist":9,"label":1}},{"type":"Feature","geometry":{"type":"Point","coordinates":[19.292284,50.094131]},"properties":{"name":"Libiąż przy Rondach","lines":"A, B","arr":["A","B"],"terminus":0,"mode":"bus","color":"#0059a9","colorDark":"#00294f","angle":21.4,"snapDist":9,"label":1}},{"type":"Feature","geometry":{"type":"Point","coordinates":[19.287669,50.095288]},"properties":{"name":"Libiąż Krakowska Kruczek","lines":"A, B","arr":["A","B"],"terminus":0,"mode":"bus","color":"#0059a9","colorDark":"#00294f","angle":21,"snapDist":7,"label":1}},{"type":"Feature","geometry":{"type":"Point","coordinates":[19.387631,50.049442]},"properties":{"name":"Mętków Mały","lines":"B","arr":["B"],"terminus":1,"mode":"bus","color":"#0059a9","colorDark":"#00294f","angle":358.4,"snapDist":5,"label":1}},{"type":"Feature","geometry":{"type":"Point","coordinates":[19.379843,50.050399]},"properties":{"name":"Mętków Szkoła","lines":"B","arr":["B"],"terminus":0,"mode":"bus","color":"#0059a9","colorDark":"#00294f","angle":13.3,"snapDist":3,"label":1}},{"type":"Feature","geometry":{"type":"Point","coordinates":[19.372337,50.05166]},"properties":{"name":"Mętków","lines":"B","arr":["B"],"terminus":0,"mode":"bus","color":"#0059a9","colorDark":"#00294f","angle":19.5,"snapDist":4,"label":1}},{"type":"Feature","geometry":{"type":"Point","coordinates":[19.358897,50.051959]},"properties":{"name":"Żarki Bębenki","lines":"B","arr":["B"],"terminus":1,"mode":"bus","color":"#0059a9","colorDark":"#00294f","angle":67.7,"snapDist":7,"label":1}},{"type":"Feature","geometry":{"type":"Point","coordinates":[19.349944,50.07502]},"properties":{"name":"Żarki Kilińskiego","lines":"B","arr":["B"],"terminus":0,"mode":"bus","color":"#0059a9","colorDark":"#00294f","angle":70.5,"snapDist":6,"label":1}},{"type":"Feature","geometry":{"type":"Point","coordinates":[19.348082,50.078847]},"properties":{"name":"Żarki Ks. Jana Mroza Krzyżówka","lines":"B","arr":["B"],"terminus":0,"mode":"bus","color":"#0059a9","colorDark":"#00294f","angle":335.1,"snapDist":1,"label":1}},{"type":"Feature","geometry":{"type":"Point","coordinates":[19.344272,50.075287]},"properties":{"name":"Żarki Krakusa","lines":"B","arr":["B"],"terminus":0,"mode":"bus","color":"#0059a9","colorDark":"#00294f","angle":11.9,"snapDist":2,"label":1}},{"type":"Feature","geometry":{"type":"Point","coordinates":[19.335595,50.073932]},"properties":{"name":"Żarki Kadetów Koniec","lines":"B","arr":["B"],"terminus":0,"mode":"bus","color":"#0059a9","colorDark":"#00294f","angle":297.4,"snapDist":3,"label":1}},{"type":"Feature","geometry":{"type":"Point","coordinates":[19.339661,50.076614]},"properties":{"name":"Żarki Kadetów","lines":"B","arr":["B"],"terminus":0,"mode":"bus","color":"#0059a9","colorDark":"#00294f","angle":147.5,"snapDist":7,"label":1}},{"type":"Feature","geometry":{"type":"Point","coordinates":[19.345113,50.080215]},"properties":{"name":"Żarki Kadetów Transformator","lines":"B","arr":["B"],"terminus":0,"mode":"bus","color":"#0059a9","colorDark":"#00294f","angle":127.7,"snapDist":9,"label":1}},{"type":"Feature","geometry":{"type":"Point","coordinates":[19.327585,50.112478]},"properties":{"name":"Libiąż PKP","lines":"B","arr":["B"],"terminus":1,"mode":"bus","color":"#0059a9","colorDark":"#00294f","angle":-156.4,"snapDist":10,"label":0}},{"type":"Feature","geometry":{"type":"Point","coordinates":[19.348874,50.062857]},"properties":{"name":"Żarki Stawy","lines":"B","arr":["B"],"terminus":0,"mode":"bus","color":"#0059a9","colorDark":"#00294f","angle":292.5,"snapDist":0,"label":1}},{"type":"Feature","geometry":{"type":"Point","coordinates":[19.344141,50.056601]},"properties":{"name":"Żarki Ziajki","lines":"B","arr":["B"],"terminus":0,"mode":"bus","color":"#0059a9","colorDark":"#00294f","angle":280,"snapDist":9,"label":1}},{"type":"Feature","geometry":{"type":"Point","coordinates":[19.347877,50.080625]},"properties":{"name":"Żarki Struga","lines":"B","arr":["B"],"terminus":0,"mode":"bus","color":"#0059a9","colorDark":"#00294f","angle":13.3,"snapDist":2,"label":1}},{"type":"Feature","geometry":{"type":"Point","coordinates":[19.340251,50.076894]},"properties":{"name":"Żarki Kadetów","lines":"B","arr":["B"],"terminus":0,"mode":"bus","color":"#0059a9","colorDark":"#00294f","angle":322.5,"snapDist":2,"label":0}},{"type":"Feature","geometry":{"type":"Point","coordinates":[19.344351,50.075276]},"properties":{"name":"Żarki Krakusa","lines":"B","arr":["B"],"terminus":0,"mode":"bus","color":"#0059a9","colorDark":"#00294f","angle":191.9,"snapDist":15,"label":0}},{"type":"Feature","geometry":{"type":"Point","coordinates":[19.348089,50.078849]},"properties":{"name":"Żarki Ks. Jana Mroza Krzyżówka","lines":"B","arr":["B"],"terminus":0,"mode":"bus","color":"#0059a9","colorDark":"#00294f","angle":155.1,"snapDist":12,"label":0}},{"type":"Feature","geometry":{"type":"Point","coordinates":[19.350158,50.074632]},"properties":{"name":"Żarki Kilińskiego","lines":"B","arr":["B"],"terminus":0,"mode":"bus","color":"#0059a9","colorDark":"#00294f","angle":250.5,"snapDist":7,"label":0}},{"type":"Feature","geometry":{"type":"Point","coordinates":[19.358804,50.051886]},"properties":{"name":"Żarki Bębenki","lines":"B","arr":["B"],"terminus":0,"mode":"bus","color":"#0059a9","colorDark":"#00294f","angle":341.7,"snapDist":6,"label":0}},{"type":"Feature","geometry":{"type":"Point","coordinates":[19.373568,50.051425]},"properties":{"name":"Mętków","lines":"B","arr":["B"],"terminus":0,"mode":"bus","color":"#0059a9","colorDark":"#00294f","angle":192.9,"snapDist":11,"label":0}},{"type":"Feature","geometry":{"type":"Point","coordinates":[19.379869,50.050395]},"properties":{"name":"Mętków Szkoła","lines":"B","arr":["B"],"terminus":0,"mode":"bus","color":"#0059a9","colorDark":"#00294f","angle":193.3,"snapDist":19,"label":0}},{"type":"Feature","geometry":{"type":"Point","coordinates":[19.458013,50.168743]},"properties":{"name":"Trzebinia Spokojna Skrzyżowanie","lines":"La","arr":["La"],"terminus":0,"mode":"bus","color":"#0059a9","colorDark":"#00294f","angle":198.4,"snapDist":12,"label":1}},{"type":"Feature","geometry":{"type":"Point","coordinates":[19.463768,50.168993]},"properties":{"name":"Trzebinia Parkowa","lines":"La","arr":["La"],"terminus":0,"mode":"bus","color":"#0059a9","colorDark":"#00294f","angle":100.1,"snapDist":4,"label":1}},{"type":"Feature","geometry":{"type":"Point","coordinates":[19.466024,50.173239]},"properties":{"name":"Trzebinia Parkowa Boisko","lines":"La","arr":["La"],"terminus":0,"mode":"bus","color":"#0059a9","colorDark":"#00294f","angle":117.3,"snapDist":5,"label":1}},{"type":"Feature","geometry":{"type":"Point","coordinates":[19.450398,50.203614]},"properties":{"name":"Trzebinia Kamienna","lines":"La","arr":["La"],"terminus":0,"mode":"bus","color":"#0059a9","colorDark":"#00294f","angle":91.6,"snapDist":4,"label":1}},{"type":"Feature","geometry":{"type":"Point","coordinates":[19.447284,50.205094]},"properties":{"name":"Trzebinia Matejki","lines":"La","arr":["La"],"terminus":0,"mode":"bus","color":"#0059a9","colorDark":"#00294f","angle":359.8,"snapDist":0,"label":1}},{"type":"Feature","geometry":{"type":"Point","coordinates":[19.444446,50.201787]},"properties":{"name":"Trzebinia Gaj Przychodnia","lines":"La","arr":["La"],"terminus":0,"mode":"bus","color":"#0059a9","colorDark":"#00294f","angle":264.4,"snapDist":7,"label":1}},{"type":"Feature","geometry":{"type":"Point","coordinates":[19.413458,50.200532]},"properties":{"name":"Trzebinia Siersza Szczakowska","lines":"La","arr":["La"],"terminus":0,"mode":"bus","color":"#0059a9","colorDark":"#00294f","angle":209.6,"snapDist":3,"label":1}},{"type":"Feature","geometry":{"type":"Point","coordinates":[19.403971,50.20138]},"properties":{"name":"Trzebinia Ciężkowicka","lines":"La","arr":["La"],"terminus":0,"mode":"bus","color":"#0059a9","colorDark":"#00294f","angle":13.9,"snapDist":2,"label":1}},{"type":"Feature","geometry":{"type":"Point","coordinates":[19.408445,50.204272]},"properties":{"name":"Trzebinia Stawowa Sklep","lines":"La","arr":["La"],"terminus":0,"mode":"bus","color":"#0059a9","colorDark":"#00294f","angle":159.1,"snapDist":8,"label":1}},{"type":"Feature","geometry":{"type":"Point","coordinates":[19.413438,50.200539]},"properties":{"name":"Trzebinia Siersza Szczakowska","lines":"La","arr":["La"],"terminus":0,"mode":"bus","color":"#0059a9","colorDark":"#00294f","angle":-150.4,"snapDist":10,"label":0}},{"type":"Feature","geometry":{"type":"Point","coordinates":[19.43533,50.196651]},"properties":{"name":"Trzebinia Siersza Huta","lines":"La","arr":["La"],"terminus":0,"mode":"bus","color":"#0059a9","colorDark":"#00294f","angle":154.5,"snapDist":16,"label":0}},{"type":"Feature","geometry":{"type":"Point","coordinates":[19.444466,50.201657]},"properties":{"name":"Trzebinia Gaj Przychodnia","lines":"La","arr":["La"],"terminus":0,"mode":"bus","color":"#0059a9","colorDark":"#00294f","angle":84.4,"snapDist":4,"label":0}},{"type":"Feature","geometry":{"type":"Point","coordinates":[19.447151,50.205093]},"properties":{"name":"Trzebinia Matejki","lines":"La","arr":["La"],"terminus":0,"mode":"bus","color":"#0059a9","colorDark":"#00294f","angle":179.8,"snapDist":9,"label":0}},{"type":"Feature","geometry":{"type":"Point","coordinates":[19.450394,50.203522]},"properties":{"name":"Trzebinia Kamienna","lines":"La","arr":["La"],"terminus":0,"mode":"bus","color":"#0059a9","colorDark":"#00294f","angle":-88.4,"snapDist":5,"label":0}},{"type":"Feature","geometry":{"type":"Point","coordinates":[19.47069,50.193628]},"properties":{"name":"Myślachowice Piekarnia","lines":"La, Lb","arr":["La","Lb"],"terminus":1,"mode":"bus","color":"#0059a9","colorDark":"#00294f","angle":-121.7,"snapDist":5,"label":1}},{"type":"Feature","geometry":{"type":"Point","coordinates":[19.474692,50.189471]},"properties":{"name":"Myślachowice Sierszecka","lines":"La, Lb","arr":["La","Lb"],"terminus":0,"mode":"bus","color":"#0059a9","colorDark":"#00294f","angle":-122.9,"snapDist":6,"label":0}},{"type":"Feature","geometry":{"type":"Point","coordinates":[19.479371,50.184506]},"properties":{"name":"Myślachowice Centrum I","lines":"La, Lb","arr":["La","Lb"],"terminus":0,"mode":"bus","color":"#0059a9","colorDark":"#00294f","angle":328,"snapDist":5,"label":0}},{"type":"Feature","geometry":{"type":"Point","coordinates":[19.472763,50.166143]},"properties":{"name":"Trzebinia Kościół","lines":"La","arr":["La"],"terminus":0,"mode":"bus","color":"#0059a9","colorDark":"#00294f","angle":11.2,"snapDist":5,"label":1}},{"type":"Feature","geometry":{"type":"Point","coordinates":[19.463905,50.168991]},"properties":{"name":"Trzebinia Parkowa","lines":"La","arr":["La"],"terminus":0,"mode":"bus","color":"#0059a9","colorDark":"#00294f","angle":188.6,"snapDist":12,"label":0}},{"type":"Feature","geometry":{"type":"Point","coordinates":[19.458048,50.168736]},"properties":{"name":"Trzebinia Spokojna Skrzyżowanie","lines":"La","arr":["La"],"terminus":0,"mode":"bus","color":"#0059a9","colorDark":"#00294f","angle":18.4,"snapDist":3,"label":0}},{"type":"Feature","geometry":{"type":"Point","coordinates":[19.495316,50.183968]},"properties":{"name":"Myślachowice Leśniczówka","lines":"Lb","arr":["Lb"],"terminus":0,"mode":"bus","color":"#0059a9","colorDark":"#00294f","angle":178.1,"snapDist":9,"label":0}},{"type":"Feature","geometry":{"type":"Point","coordinates":[19.552601,50.202474]},"properties":{"name":"Lgota I","lines":"Lb","arr":["Lb"],"terminus":0,"mode":"bus","color":"#0059a9","colorDark":"#00294f","angle":159.3,"snapDist":9,"label":1}},{"type":"Feature","geometry":{"type":"Point","coordinates":[19.555728,50.207018]},"properties":{"name":"Lgota","lines":"Lb","arr":["Lb"],"terminus":1,"mode":"bus","color":"#0059a9","colorDark":"#00294f","angle":114.2,"snapDist":7,"label":1}},{"type":"Feature","geometry":{"type":"Point","coordinates":[19.45038,50.121066]},"properties":{"name":"Piła Kościelecka Zachód","lines":"P","arr":["P"],"terminus":0,"mode":"bus","color":"#0059a9","colorDark":"#00294f","angle":180.9,"snapDist":10,"label":1}},{"type":"Feature","geometry":{"type":"Point","coordinates":[19.458487,50.12172]},"properties":{"name":"Piła Kościelecka WDK","lines":"P","arr":["P"],"terminus":0,"mode":"bus","color":"#0059a9","colorDark":"#00294f","angle":104.5,"snapDist":5,"label":1}},{"type":"Feature","geometry":{"type":"Point","coordinates":[19.462087,50.125349]},"properties":{"name":"Piła Kościelecka Sklep","lines":"P","arr":["P"],"terminus":0,"mode":"bus","color":"#0059a9","colorDark":"#00294f","angle":94.3,"snapDist":6,"label":1}},{"type":"Feature","geometry":{"type":"Point","coordinates":[19.473203,50.105348]},"properties":{"name":"Płaza Wieś","lines":"P","arr":["P"],"terminus":0,"mode":"bus","color":"#0059a9","colorDark":"#00294f","angle":215.1,"snapDist":9,"label":0}},{"type":"Feature","geometry":{"type":"Point","coordinates":[19.478576,50.113924]},"properties":{"name":"Bolęcin Szkoła","lines":"P","arr":["P"],"terminus":0,"mode":"bus","color":"#0059a9","colorDark":"#00294f","angle":128.5,"snapDist":6,"label":0}},{"type":"Feature","geometry":{"type":"Point","coordinates":[19.46209,50.125375]},"properties":{"name":"Piła Kościelecka Sklep","lines":"P","arr":["P"],"terminus":0,"mode":"bus","color":"#0059a9","colorDark":"#00294f","angle":274.3,"snapDist":3,"label":0}},{"type":"Feature","geometry":{"type":"Point","coordinates":[19.448798,50.121078]},"properties":{"name":"Piła Kościelecka Zachód","lines":"P","arr":["P"],"terminus":0,"mode":"bus","color":"#0059a9","colorDark":"#00294f","angle":0.4,"snapDist":2,"label":0}}]}