{"type":"FeatureCollection","features":[{"type":"Feature","geometry":{"type":"LineString","coordinates":[[19.392381,50.128411],[19.392099,50.128225]]},"properties":{"name":"Kolonia Fabryczna"}},{"type":"Feature","geometry":{"type":"LineString","coordinates":[[19.392099,50.128583],[19.392835,50.129065],[19.393577,50.129551],[19.393799,50.12974],[19.393888,50.129797],[19.394097,50.129925],[19.394295,50.130046],[19.39483,50.130414],[19.395477,50.130927],[19.396027,50.13129],[19.397061,50.13195],[19.398176,50.132731],[19.398418,50.132917],[19.398713,50.13314],[19.398823,50.133218],[19.399326,50.133557],[19.399439,50.133636]]},"properties":{"name":"Fabryczna"}},{"type":"Feature","geometry":{"type":"LineString","coordinates":[[19.402118,50.135445],[19.401954,50.135376],[19.401285,50.134914]]},"properties":{"name":"Fabryczna"}},{"type":"Feature","geometry":{"type":"LineString","coordinates":[[19.399439,50.133636],[19.399518,50.133597],[19.400095,50.133325],[19.40038,50.133218],[19.400477,50.133187],[19.4006,50.13316]]},"properties":{"name":"Kolejowa"}},{"type":"Feature","geometry":{"type":"LineString","coordinates":[[19.402118,50.135445],[19.402041,50.135341],[19.402031,50.135323],[19.401648,50.134763],[19.401595,50.134681],[19.40131,50.134268],[19.400904,50.133639],[19.400842,50.133533],[19.4006,50.13316],[19.400237,50.132588],[19.400213,50.132551],[19.400114,50.132386],[19.400044,50.132245],[19.400004,50.132095],[19.399992,50.132037],[19.399989,50.131985],[19.399992,50.131888],[19.400143,50.130813],[19.400171,50.130681],[19.400182,50.130608],[19.400199,50.130444],[19.400175,50.13027],[19.400115,50.130056],[19.399975,50.129696],[19.399945,50.129624],[19.399916,50.129551],[19.39988,50.129451],[19.39987,50.129423],[19.399814,50.129296],[19.399704,50.129017],[19.39945,50.128396],[19.399186,50.127763],[19.399068,50.127458],[19.398997,50.127294],[19.398894,50.127045],[19.3988,50.126807],[19.398636,50.12641],[19.398602,50.126325],[19.398538,50.126191],[19.398472,50.126074],[19.398395,50.12596],[19.398303,50.125857],[19.3982,50.125759],[19.397498,50.125118],[19.397353,50.124989],[19.397092,50.124767],[19.397007,50.124701],[19.396904,50.124638],[19.3967,50.124529],[19.396571,50.124472],[19.396437,50.124419],[19.396322,50.124379],[19.396212,50.124339],[19.395506,50.124097],[19.395206,50.123992],[19.394414,50.12372],[19.393953,50.123564],[19.393654,50.123457],[19.393448,50.123383],[19.393292,50.123319],[19.393201,50.123276],[19.39301,50.123178],[19.39273,50.122998],[19.392622,50.122916],[19.392496,50.122807],[19.392326,50.122631],[19.392227,50.122508],[19.392107,50.122336],[19.392047,50.122238],[19.391978,50.1221],[19.391937,50.121982],[19.391878,50.121743],[19.391835,50.121544],[19.39177,50.121311],[19.391625,50.120604],[19.391597,50.120496],[19.391518,50.120136],[19.39151,50.1201],[19.391464,50.119939],[19.39143,50.11984],[19.391391,50.119765],[19.391315,50.119651],[19.39125,50.11958],[19.391095,50.11942],[19.390918,50.119267],[19.390669,50.119066],[19.390296,50.118766],[19.389662,50.11825],[19.389492,50.118112],[19.389375,50.118016],[19.388948,50.117669],[19.38857,50.117361],[19.388299,50.117139],[19.388148,50.117018],[19.387941,50.116852],[19.387815,50.116751],[19.387578,50.116554],[19.387556,50.116536],[19.387481,50.116477],[19.387295,50.116331],[19.387148,50.116224],[19.38712,50.116205],[19.386812,50.116002],[19.386686,50.115918],[19.386304,50.115676],[19.386185,50.1156],[19.386151,50.115579],[19.385724,50.115304],[19.385592,50.115223],[19.385508,50.115171],[19.385218,50.114993],[19.385006,50.114864],[19.384798,50.114729],[19.384755,50.114702],[19.384627,50.114621],[19.384317,50.114426],[19.384081,50.114278],[19.383221,50.113739],[19.382922,50.113546],[19.382729,50.113414],[19.382717,50.113406],[19.382582,50.11331],[19.382566,50.113296],[19.382395,50.113154],[19.382217,50.112982],[19.382145,50.112904],[19.381894,50.112635],[19.381769,50.112489],[19.381309,50.111984],[19.381096,50.111749],[19.38104,50.111686],[19.380786,50.111403],[19.380483,50.111067],[19.379992,50.110521],[19.379946,50.110471],[19.379765,50.110271],[19.379628,50.11012],[19.379454,50.109911],[19.379327,50.109731],[19.379268,50.109606],[19.379232,50.109466],[19.379186,50.109225],[19.37918,50.109165],[19.379111,50.10868],[19.3791,50.108578],[19.379028,50.108123],[19.378957,50.107679],[19.378885,50.107218],[19.378857,50.107021],[19.378829,50.106845],[19.378805,50.106701],[19.378804,50.106688],[19.378748,50.106229],[19.378746,50.10599],[19.378763,50.105754],[19.378799,50.105438],[19.378822,50.105286],[19.378925,50.10481],[19.37894,50.104752],[19.379001,50.104513],[19.379057,50.104283],[19.37903,50.1042],[19.378923,50.104085],[19.378785,50.103973],[19.378644,50.103888],[19.377868,50.103386],[19.377761,50.10326],[19.377686,50.103131],[19.377603,50.102871],[19.377441,50.10233],[19.377233,50.101016],[19.377169,50.10068],[19.377147,50.100575],[19.377096,50.100323]]},"properties":{"name":"Borowcowa"}},{"type":"Feature","geometry":{"type":"LineString","coordinates":[[19.402118,50.135445],[19.402294,50.135556],[19.402753,50.13587],[19.403237,50.136195],[19.403859,50.136591],[19.404248,50.136845],[19.40435,50.136915],[19.404553,50.137041],[19.404866,50.137237],[19.405394,50.13757],[19.406059,50.137996],[19.406162,50.138064],[19.406511,50.138285],[19.406707,50.138414],[19.406875,50.138527],[19.407569,50.138983],[19.408343,50.1395],[19.408494,50.139599],[19.408545,50.139635],[19.409141,50.14003],[19.409641,50.140351],[19.41061,50.140994],[19.410747,50.141084],[19.410997,50.141208],[19.411169,50.141302],[19.411348,50.141394],[19.411507,50.141475],[19.411606,50.141533],[19.411663,50.141585],[19.411569,50.141567],[19.411464,50.141543],[19.411419,50.141522],[19.411362,50.141497],[19.411174,50.141396],[19.411037,50.141308],[19.410866,50.141188],[19.410747,50.141084]]},"properties":{"name":"Podwale"}},{"type":"Feature","geometry":{"type":"LineString","coordinates":[[19.411663,50.141585],[19.411599,50.141611],[19.411535,50.14163],[19.411358,50.141682],[19.410907,50.141764],[19.410593,50.141808],[19.410374,50.141798],[19.410285,50.141802],[19.410198,50.141806],[19.410151,50.141798]]},"properties":{"name":"Krakowska"}},{"type":"Feature","geometry":{"type":"LineString","coordinates":[[19.409941,50.141926],[19.409779,50.141953],[19.409368,50.14202],[19.408853,50.142097],[19.408518,50.142148],[19.408133,50.142208],[19.407987,50.142229],[19.407879,50.142246],[19.407088,50.142378],[19.40705,50.142395],[19.406965,50.142434],[19.406924,50.142479],[19.406896,50.14254]]},"properties":{"name":"Krakowska"}},{"type":"Feature","geometry":{"type":"LineString","coordinates":[[19.335092,50.085948],[19.33473,50.086019],[19.334222,50.086119],[19.333663,50.086214],[19.332903,50.086349],[19.332063,50.086507]]},"properties":{"name":"Krakowska"}},{"type":"Feature","geometry":{"type":"LineString","coordinates":[[19.331657,50.086583],[19.331276,50.086654],[19.330663,50.086766],[19.329897,50.086916],[19.329737,50.086946],[19.328394,50.087196],[19.326533,50.08755],[19.326054,50.087643],[19.325714,50.087707],[19.325331,50.087767],[19.32501,50.087806],[19.324545,50.087851],[19.324429,50.087857],[19.324139,50.087881],[19.323926,50.08789],[19.323534,50.087893],[19.323206,50.087866],[19.322883,50.087824],[19.321945,50.08766],[19.321717,50.087617],[19.321688,50.087612],[19.32106,50.087494],[19.320792,50.087446],[19.320608,50.087413],[19.320446,50.087385],[19.320104,50.087316],[19.318524,50.087024],[19.317647,50.086843],[19.317059,50.086715],[19.316605,50.086645],[19.316277,50.086619],[19.315855,50.086613],[19.314187,50.086664],[19.313641,50.086681],[19.312532,50.086711],[19.311331,50.086746],[19.31111,50.086758],[19.310775,50.086786],[19.310558,50.08682],[19.310293,50.086876],[19.310033,50.08695],[19.309797,50.087033],[19.309613,50.087116],[19.309436,50.087213],[19.309289,50.087303],[19.309125,50.087419],[19.30888,50.087623],[19.30836,50.088088],[19.308173,50.088248],[19.30808,50.088324],[19.307824,50.088506],[19.307668,50.0886],[19.307505,50.088689],[19.307325,50.088781],[19.307126,50.088869],[19.306221,50.089255],[19.306043,50.089329],[19.304908,50.089812],[19.304391,50.090034],[19.304349,50.090051],[19.304164,50.090128],[19.303831,50.090269],[19.302795,50.090702],[19.302618,50.090776],[19.301613,50.091197],[19.301319,50.091324],[19.300829,50.091538],[19.3,50.091892],[19.299714,50.092014],[19.299613,50.092061],[19.298987,50.092341],[19.29864,50.09248],[19.298212,50.092638],[19.298127,50.092669],[19.297947,50.092696],[19.297848,50.092725],[19.297709,50.092757]]},"properties":{"name":"Krakowska"}},{"type":"Feature","geometry":{"type":"LineString","coordinates":[[19.254805,50.100135],[19.254885,50.100136],[19.255845,50.100159],[19.256504,50.100175],[19.257089,50.10019],[19.257263,50.100194],[19.257703,50.100209],[19.25798,50.100225],[19.258063,50.100231],[19.258254,50.100246],[19.258468,50.100261],[19.258888,50.10029],[19.259287,50.100316],[19.259761,50.10035],[19.260251,50.100383],[19.260772,50.100419],[19.260928,50.100429],[19.2611,50.100442],[19.262022,50.100505],[19.262071,50.100508],[19.262651,50.100548],[19.263512,50.100607],[19.263574,50.100612],[19.263769,50.100654],[19.263944,50.100666],[19.264116,50.100674],[19.264314,50.100664],[19.264915,50.1007],[19.265203,50.100708],[19.265362,50.100701],[19.265481,50.10069],[19.265624,50.100665],[19.265771,50.100635],[19.266105,50.100558],[19.26791,50.100128],[19.267997,50.100107],[19.268158,50.100068],[19.268981,50.099868],[19.270262,50.099561],[19.270671,50.099461],[19.271331,50.0993],[19.271839,50.099175],[19.272506,50.099013],[19.273115,50.098863],[19.274056,50.098634],[19.274735,50.098467],[19.274936,50.09842],[19.278669,50.097507],[19.280361,50.097093],[19.282102,50.096667],[19.282918,50.096465],[19.286202,50.095653],[19.286472,50.095587],[19.287306,50.095377],[19.288033,50.095198],[19.28823,50.095149],[19.288844,50.094995],[19.289064,50.09494],[19.290124,50.094674],[19.290392,50.094607],[19.290622,50.094549],[19.290987,50.094457],[19.291768,50.094261],[19.292889,50.093979],[19.293327,50.093869],[19.293426,50.093844],[19.293568,50.093809],[19.294845,50.093486],[19.294969,50.093465],[19.295054,50.093439],[19.29512,50.093411],[19.295202,50.093364],[19.295253,50.093348]]},"properties":{"name":"Krakowska"}},{"type":"Feature","geometry":{"type":"LineString","coordinates":[[19.466933,50.159265],[19.467064,50.15925],[19.467196,50.15923],[19.467376,50.159195],[19.46751,50.159162],[19.467683,50.159109],[19.46807,50.158968],[19.468599,50.158765],[19.469348,50.158476],[19.469601,50.158403],[19.469824,50.158347],[19.469953,50.158322],[19.470106,50.158301],[19.470253,50.158285],[19.470398,50.158274],[19.470539,50.158268],[19.4706,50.158267],[19.470806,50.15827],[19.471046,50.158283],[19.471215,50.158294],[19.471503,50.158311],[19.471639,50.15832],[19.472069,50.158348]]},"properties":{"name":"Krakowska"}},{"type":"Feature","geometry":{"type":"LineString","coordinates":[[19.472706,50.158342],[19.472642,50.158354],[19.472542,50.158355],[19.472485,50.158354],[19.472069,50.158348],[19.472533,50.158399],[19.472614,50.158416],[19.472687,50.15844]]},"properties":{"name":"Krakowska"}},{"type":"Feature","geometry":{"type":"LineString","coordinates":[[19.473013,50.158299],[19.473108,50.158315],[19.473154,50.158316],[19.473201,50.15831],[19.473478,50.15825],[19.473565,50.158236]]},"properties":{"name":"Krakowska"}},{"type":"Feature","geometry":{"type":"LineString","coordinates":[[19.298127,50.092669],[19.29798,50.092745],[19.297897,50.092779],[19.29779,50.092847]]},"properties":{"name":"Krakowska"}},{"type":"Feature","geometry":{"type":"LineString","coordinates":[[19.495028,50.148753],[19.49506,50.148735],[19.495098,50.148723],[19.495143,50.148715],[19.495193,50.148712],[19.495254,50.148709],[19.495316,50.148703],[19.49539,50.148691],[19.495462,50.148674],[19.495528,50.148652],[19.495654,50.148598],[19.495797,50.148557],[19.495842,50.148544],[19.496126,50.148461],[19.499595,50.147437],[19.500201,50.147258],[19.501295,50.146933],[19.502421,50.146598],[19.504487,50.145983],[19.505163,50.145782],[19.505308,50.145741],[19.505391,50.145718],[19.505929,50.145559],[19.506581,50.145367],[19.508138,50.144909],[19.508681,50.144749],[19.509483,50.144512],[19.511842,50.143814],[19.512794,50.143537],[19.512852,50.14352],[19.513256,50.143401],[19.514195,50.143124],[19.514455,50.143047],[19.514938,50.142905],[19.515974,50.1426],[19.516178,50.142549],[19.516318,50.142519],[19.516465,50.142495],[19.516629,50.142474],[19.516793,50.142458],[19.516901,50.14245],[19.51714,50.142441],[19.517262,50.142438],[19.519348,50.142437],[19.519542,50.142437],[19.520184,50.142441],[19.520644,50.142442],[19.52101,50.142436],[19.521313,50.142438],[19.521759,50.142439],[19.522002,50.142439],[19.5225,50.14244],[19.52294,50.14244],[19.523859,50.142442],[19.524035,50.142442],[19.524112,50.142442],[19.524665,50.142443],[19.525229,50.142444],[19.527091,50.142447],[19.527884,50.142449],[19.528451,50.142449],[19.52899,50.14245],[19.529238,50.142451],[19.529463,50.142451],[19.529776,50.142452],[19.530883,50.142453],[19.531216,50.14246],[19.531361,50.14246]]},"properties":{"name":"Krakowska"}},{"type":"Feature","geometry":{"type":"LineString","coordinates":[[19.494832,50.148828],[19.494784,50.148833],[19.49473,50.14885],[19.494688,50.148869],[19.49462,50.14891],[19.494582,50.148931],[19.494533,50.148952],[19.494517,50.148961],[19.494462,50.148977],[19.494244,50.149017],[19.493909,50.149119],[19.493652,50.149194],[19.493259,50.149308],[19.492699,50.149475],[19.492603,50.149501],[19.492521,50.149526],[19.49241,50.149565],[19.492292,50.149612],[19.492158,50.14967],[19.49203,50.149729],[19.491694,50.1499],[19.491333,50.150085],[19.491193,50.150157],[19.490984,50.150265],[19.490772,50.150377],[19.490643,50.150444],[19.489989,50.150787],[19.489903,50.150832],[19.4898,50.150885],[19.489304,50.151145],[19.488904,50.151357],[19.488389,50.151631],[19.488048,50.151812],[19.487892,50.151895],[19.487362,50.152176],[19.487219,50.152252],[19.487147,50.15229],[19.487052,50.152341],[19.486557,50.152604],[19.486357,50.15271],[19.484828,50.15352],[19.484485,50.1537],[19.484282,50.153807],[19.483356,50.154293],[19.482357,50.154821],[19.482256,50.154875],[19.481792,50.15512],[19.480084,50.156026],[19.479856,50.156134],[19.479662,50.156221],[19.479538,50.156268],[19.479424,50.156309],[19.479222,50.156378],[19.47913,50.156409],[19.477677,50.156891],[19.477502,50.156949],[19.477324,50.157008],[19.476518,50.157271],[19.476282,50.157348],[19.475782,50.157512],[19.474912,50.157796],[19.474553,50.157913],[19.473586,50.158229],[19.473565,50.158236],[19.473486,50.15827],[19.473308,50.158331],[19.473236,50.158356],[19.473196,50.158369],[19.473152,50.158393],[19.473092,50.158439]]},"properties":{"name":"Krakowska"}},{"type":"Feature","geometry":{"type":"LineString","coordinates":[[19.494244,50.149017],[19.494442,50.148925],[19.494487,50.148895],[19.494528,50.148864],[19.494557,50.148834],[19.494575,50.14881],[19.494586,50.148783],[19.494587,50.148757],[19.494584,50.148731]]},"properties":{"name":"Krakowska"}},{"type":"Feature","geometry":{"type":"LineString","coordinates":[[19.495003,50.148558],[19.495051,50.148589],[19.495094,50.148607],[19.495138,50.148614],[19.495186,50.148619],[19.495251,50.148619],[19.495408,50.14862],[19.49548,50.148617],[19.495558,50.14861],[19.495654,50.148598]]},"properties":{"name":"Krakowska"}},{"type":"Feature","geometry":{"type":"LineString","coordinates":[[19.467396,50.120664],[19.468249,50.120616],[19.469408,50.120524],[19.470038,50.120445],[19.470679,50.120359],[19.471475,50.120251],[19.471768,50.12021],[19.471963,50.120184],[19.472593,50.120083],[19.473278,50.119954],[19.473839,50.119817],[19.476221,50.119164],[19.476784,50.119018],[19.477014,50.11896],[19.477537,50.118806],[19.477767,50.118738],[19.478136,50.118625],[19.478435,50.118508],[19.478794,50.118337],[19.478933,50.118257],[19.479075,50.118176],[19.479554,50.1179],[19.479661,50.117834],[19.479901,50.117699],[19.480067,50.117611],[19.480205,50.117544],[19.480317,50.117492],[19.480497,50.117408],[19.48074,50.117296],[19.480786,50.117274],[19.480986,50.117167],[19.481091,50.117105],[19.481179,50.117047],[19.481604,50.116753],[19.482883,50.115875],[19.483319,50.115583],[19.483996,50.115129],[19.484142,50.115032],[19.484668,50.114668],[19.485027,50.114435],[19.485384,50.114217],[19.485627,50.114081],[19.485728,50.114037],[19.4859,50.113964],[19.486138,50.113864],[19.486718,50.113641],[19.487082,50.113506],[19.487271,50.113436],[19.487409,50.113386],[19.487728,50.113273],[19.487882,50.113219],[19.487982,50.113183],[19.488355,50.113049],[19.488734,50.112913],[19.489601,50.112591],[19.491338,50.11197],[19.491595,50.111882],[19.491952,50.111758],[19.493675,50.111178],[19.494721,50.110823],[19.494863,50.110781],[19.495383,50.110625],[19.495977,50.110466],[19.496175,50.11042]]},"properties":{"name":"Krakowska"}},{"type":"Feature","geometry":{"type":"LineString","coordinates":[[19.444687,50.121144],[19.445477,50.121131],[19.446509,50.121117],[19.44788,50.121089],[19.448003,50.121087],[19.448567,50.121079],[19.449184,50.121076],[19.450169,50.121068],[19.452857,50.121041],[19.452929,50.12104],[19.45523,50.121013],[19.456348,50.121],[19.457341,50.120987],[19.45789,50.120988],[19.45807,50.120985],[19.458425,50.120982]]},"properties":{"name":"Krakowska"}},{"type":"Feature","geometry":{"type":"LineString","coordinates":[[19.410907,50.141764],[19.410916,50.141861],[19.410921,50.1419],[19.410926,50.142102],[19.410928,50.142164],[19.410938,50.142207],[19.410953,50.142266]]},"properties":{"name":"Zielona"}},{"type":"Feature","geometry":{"type":"LineString","coordinates":[[19.412058,50.142706],[19.412,50.142623],[19.41195,50.142596],[19.411864,50.142561]]},"properties":{"name":"Zielona"}},{"type":"Feature","geometry":{"type":"LineString","coordinates":[[19.411918,50.142714],[19.411864,50.142561],[19.411696,50.142495],[19.411345,50.142394],[19.411136,50.142328],[19.410953,50.142266],[19.410886,50.14225],[19.41038,50.142092],[19.410144,50.142008],[19.410058,50.141934]]},"properties":{"name":"Zielona"}},{"type":"Feature","geometry":{"type":"LineString","coordinates":[[19.408253,50.149011],[19.40876,50.149035],[19.409375,50.149062],[19.409871,50.149084],[19.409939,50.149087],[19.410998,50.149135],[19.411048,50.149137],[19.41143,50.149153],[19.411734,50.149167],[19.412327,50.149194],[19.412428,50.149199],[19.412504,50.1492],[19.412555,50.149201],[19.412608,50.149201],[19.412677,50.1492],[19.412753,50.149198],[19.412818,50.149196],[19.412876,50.149193],[19.412952,50.149188],[19.413031,50.149182],[19.413111,50.149175],[19.413189,50.149167],[19.413293,50.149154],[19.413404,50.149139],[19.413527,50.14912],[19.413614,50.149107],[19.413684,50.149095],[19.413747,50.149083],[19.413813,50.149069],[19.413877,50.149053],[19.413936,50.149039],[19.413986,50.149025],[19.414047,50.149003],[19.41411,50.148981],[19.414168,50.148958],[19.414216,50.148935],[19.414267,50.148911],[19.414313,50.148885],[19.414358,50.148858],[19.414401,50.14883],[19.414446,50.148795],[19.414482,50.148768],[19.41452,50.148737],[19.414558,50.148703],[19.414589,50.148672],[19.414619,50.148635],[19.414648,50.148601],[19.414668,50.148573],[19.414683,50.148548],[19.414706,50.148509],[19.414722,50.148475],[19.414741,50.148434],[19.414755,50.148398],[19.414761,50.148379],[19.414772,50.148345],[19.41478,50.148304],[19.414784,50.148277],[19.414788,50.14824],[19.41479,50.148201],[19.41479,50.148166],[19.414788,50.148131],[19.414787,50.148104],[19.414783,50.148076],[19.414775,50.148032],[19.414766,50.147994],[19.41475,50.147928],[19.414729,50.147857],[19.414679,50.147679],[19.414609,50.14744],[19.414544,50.147328],[19.41451,50.147276],[19.414466,50.147228]]},"properties":{"name":"Zielona"}},{"type":"Feature","geometry":{"type":"LineString","coordinates":[[19.458425,50.120982],[19.458434,50.121459],[19.45845,50.121627],[19.458493,50.121734],[19.458521,50.121786],[19.458599,50.121848],[19.458724,50.121926],[19.45897,50.122057],[19.460226,50.122676],[19.461597,50.123342],[19.461824,50.123457],[19.461953,50.123553],[19.462012,50.123629],[19.462028,50.123732],[19.462009,50.124228],[19.461996,50.124571],[19.462039,50.124936],[19.462056,50.12508],[19.462092,50.125397],[19.462092,50.125685],[19.462067,50.126028],[19.461984,50.126323],[19.461958,50.126415],[19.461905,50.126683],[19.461958,50.127181],[19.461953,50.127453],[19.461974,50.127584],[19.462071,50.127745],[19.462249,50.127932],[19.46243,50.128029],[19.462646,50.128179],[19.462892,50.128328],[19.463095,50.128447],[19.463272,50.128557],[19.463317,50.128585],[19.463378,50.12861],[19.463438,50.12862],[19.463499,50.128627]]},"properties":{"name":"Zielona"}},{"type":"Feature","geometry":{"type":"LineString","coordinates":[[19.406896,50.14254],[19.406898,50.142589],[19.406907,50.142775],[19.40689,50.142828],[19.406858,50.142874],[19.406767,50.14291],[19.406671,50.142945],[19.406444,50.143018],[19.405954,50.143177],[19.405881,50.1432],[19.405623,50.14333],[19.405418,50.14345],[19.405252,50.143543],[19.405182,50.143582]]},"properties":{"name":"Garncarska"}},{"type":"Feature","geometry":{"type":"LineString","coordinates":[[19.405182,50.143582],[19.405028,50.143639],[19.404439,50.143748],[19.404329,50.143769],[19.403767,50.143871],[19.403685,50.143888],[19.403351,50.143956],[19.403027,50.144022],[19.402896,50.144051],[19.402572,50.144117],[19.402391,50.144154],[19.402093,50.144212],[19.401964,50.144233],[19.401884,50.144242],[19.401791,50.144251],[19.401551,50.14426],[19.401204,50.144265],[19.401073,50.144262],[19.400873,50.144253],[19.400646,50.144243],[19.400541,50.144236],[19.400442,50.144234],[19.400286,50.144224],[19.400053,50.144196],[19.399788,50.144153],[19.399576,50.14412],[19.399489,50.144115],[19.399388,50.144122]]},"properties":{"name":"Śląska"}},{"type":"Feature","geometry":{"type":"LineString","coordinates":[[19.39887,50.144147],[19.398763,50.144136],[19.398683,50.144137],[19.398567,50.144151],[19.398321,50.144198],[19.39827,50.1442]]},"properties":{"name":"Śląska"}},{"type":"Feature","geometry":{"type":"LineString","coordinates":[[19.368614,50.149462],[19.368821,50.149472],[19.368956,50.149484],[19.369341,50.149503],[19.369662,50.149514],[19.369866,50.149509],[19.370011,50.149502],[19.370301,50.149477],[19.371312,50.14938],[19.371933,50.149317],[19.372163,50.149292],[19.372724,50.149227],[19.372886,50.149207],[19.37297,50.149196],[19.374525,50.149001],[19.375429,50.148875],[19.375663,50.148839],[19.375766,50.148824],[19.376055,50.148782],[19.376395,50.148735],[19.376684,50.148691],[19.377305,50.148574],[19.377526,50.148533],[19.377637,50.148513],[19.377898,50.148465],[19.378108,50.148424],[19.37827,50.148382],[19.378494,50.148313],[19.378731,50.148234],[19.379317,50.148035],[19.379569,50.147948],[19.379689,50.147906],[19.380017,50.14779],[19.380248,50.147693],[19.38034,50.147655],[19.381653,50.147085],[19.382367,50.146775],[19.382552,50.146697],[19.382625,50.146668],[19.382669,50.146652],[19.382733,50.146631],[19.382871,50.146589],[19.382975,50.146563],[19.383076,50.146543],[19.384795,50.146233],[19.385106,50.146177],[19.385246,50.146152],[19.386782,50.145878],[19.38723,50.145802],[19.387986,50.145672],[19.388722,50.145543],[19.389385,50.14543],[19.389531,50.145404],[19.390654,50.145205],[19.390772,50.145187],[19.392079,50.144961],[19.394073,50.144616],[19.394356,50.144567],[19.39475,50.144501],[19.395082,50.144451],[19.395274,50.144431],[19.395475,50.144415],[19.396116,50.144386],[19.396675,50.144349],[19.397332,50.144314],[19.397479,50.144305],[19.397669,50.144294],[19.397835,50.144284],[19.397971,50.144262],[19.39803,50.144253],[19.398185,50.14422],[19.39827,50.1442],[19.398297,50.144179],[19.398503,50.144114],[19.398636,50.144063],[19.398716,50.144031],[19.398784,50.143975]]},"properties":{"name":"Śląska"}},{"type":"Feature","geometry":{"type":"LineString","coordinates":[[19.403767,50.143871],[19.403792,50.143922],[19.403879,50.144094],[19.403912,50.144203],[19.403923,50.144277],[19.403928,50.144346],[19.403931,50.144378]]},"properties":{"name":"Henryka Sienkiewicza"}},{"type":"Feature","geometry":{"type":"LineString","coordinates":[[19.405254,50.146873],[19.404999,50.146518],[19.404811,50.146252],[19.404628,50.145979],[19.404522,50.145823],[19.404426,50.145672],[19.404417,50.145658],[19.404238,50.145365],[19.404148,50.145217],[19.404015,50.144986],[19.403994,50.144947],[19.403978,50.144915],[19.403965,50.144886],[19.403959,50.144858],[19.403953,50.14484]]},"properties":{"name":"Henryka Sienkiewicza"}},{"type":"Feature","geometry":{"type":"LineString","coordinates":[[19.403953,50.14484],[19.403918,50.144782],[19.403903,50.144731],[19.403893,50.14467],[19.403886,50.144477],[19.403931,50.144378],[19.403938,50.144465],[19.403969,50.144664],[19.40397,50.144761],[19.403953,50.14484]]},"properties":{"name":"Henryka Sienkiewicza"}},{"type":"Feature","geometry":{"type":"LineString","coordinates":[[19.403912,50.144203],[19.404169,50.144177],[19.404233,50.144175],[19.40488,50.144124],[19.405246,50.144131],[19.405377,50.144132],[19.40547,50.144134],[19.405588,50.144138],[19.405851,50.144147],[19.405892,50.144149],[19.406098,50.144145],[19.406305,50.144133],[19.406749,50.144092],[19.407057,50.144051],[19.407236,50.144026],[19.407367,50.143999],[19.407423,50.143986],[19.407564,50.143952],[19.407725,50.143909],[19.407784,50.143893],[19.407893,50.143864],[19.408271,50.143764],[19.40851,50.143706],[19.408722,50.143652],[19.409007,50.143579],[19.409153,50.143541],[19.40944,50.143466],[19.409694,50.143396],[19.409815,50.143364],[19.410376,50.143218],[19.410508,50.143182],[19.411258,50.142982],[19.411447,50.142926],[19.411687,50.142866],[19.41186,50.142795]]},"properties":{"name":"Janusza Kusocińskiego"}},{"type":"Feature","geometry":{"type":"LineString","coordinates":[[19.398911,50.143833],[19.398859,50.143732],[19.398783,50.143589],[19.398677,50.143434],[19.398573,50.143263],[19.398349,50.142952],[19.398186,50.142732],[19.398108,50.142622],[19.398073,50.142567],[19.398009,50.14248],[19.397765,50.14215],[19.397692,50.142047],[19.397461,50.141728],[19.397449,50.141714],[19.397017,50.141157],[19.396944,50.14106],[19.396873,50.140974],[19.396548,50.140553],[19.396411,50.140382],[19.396206,50.140124],[19.396096,50.140006],[19.395993,50.139887],[19.395873,50.13979],[19.395849,50.13977],[19.395808,50.139746],[19.395715,50.139685],[19.39558,50.139607],[19.395237,50.139415],[19.395006,50.139285],[19.394268,50.138837],[19.394112,50.138755],[19.393973,50.138669],[19.393792,50.138568],[19.393694,50.138508],[19.392538,50.137828],[19.392197,50.137654],[19.392117,50.137624],[19.391914,50.137548],[19.391776,50.137502],[19.391291,50.137366],[19.391053,50.1373],[19.39023,50.137064],[19.390051,50.137016],[19.389534,50.136868],[19.389125,50.136754],[19.388976,50.136708],[19.38853,50.136584],[19.387746,50.13636],[19.387456,50.136277],[19.386997,50.136144],[19.386559,50.135997],[19.386289,50.135889],[19.386041,50.135777],[19.385979,50.135749],[19.385825,50.135672],[19.384677,50.13508],[19.384568,50.135025],[19.384263,50.134868],[19.383786,50.134622],[19.383347,50.1344],[19.383259,50.134353],[19.382049,50.133767],[19.381545,50.133521],[19.381317,50.13341],[19.38109,50.133301],[19.38023,50.132888],[19.379774,50.132666],[19.379309,50.13246],[19.378891,50.132311],[19.378801,50.132281],[19.37842,50.132156],[19.377981,50.132023],[19.377772,50.131961],[19.377664,50.131933],[19.377482,50.131883],[19.377178,50.131806],[19.37597,50.131484],[19.37485,50.131199],[19.374054,50.130996],[19.373215,50.130777],[19.372814,50.130671],[19.372607,50.130621],[19.372502,50.130611],[19.372291,50.130571],[19.372177,50.130551],[19.372121,50.130547]]},"properties":{"name":"Oświęcimska"}},{"type":"Feature","geometry":{"type":"LineString","coordinates":[[19.329608,50.106676],[19.329427,50.106636],[19.329126,50.10657]]},"properties":{"name":"Oświęcimska"}},{"type":"Feature","geometry":{"type":"LineString","coordinates":[[19.316327,50.10392],[19.316494,50.103993],[19.316584,50.104042],[19.316639,50.104049]]},"properties":{"name":"Oświęcimska"}},{"type":"Feature","geometry":{"type":"LineString","coordinates":[[19.316484,50.103871],[19.316565,50.103949],[19.316637,50.104017],[19.316639,50.104049],[19.316781,50.104118],[19.318713,50.104885],[19.319124,50.105037],[19.319436,50.10514],[19.319717,50.105224],[19.319957,50.105281],[19.320172,50.105333],[19.320436,50.105389],[19.320962,50.105477],[19.321646,50.105566],[19.322673,50.10571],[19.323504,50.105814],[19.323906,50.10587],[19.324499,50.10595],[19.324689,50.105979],[19.324988,50.106018],[19.325022,50.106022],[19.325706,50.106112],[19.326591,50.106228],[19.326796,50.106254],[19.328213,50.106442],[19.329126,50.10657],[19.329441,50.106577],[19.329464,50.106577],[19.329599,50.106594]]},"properties":{"name":"Oświęcimska"}},{"type":"Feature","geometry":{"type":"LineString","coordinates":[[19.316097,50.103774],[19.315951,50.103728],[19.315864,50.103716],[19.315743,50.10371],[19.315618,50.103709],[19.315502,50.103708],[19.315353,50.103687],[19.315221,50.103651],[19.31517,50.103612]]},"properties":{"name":"Oświęcimska"}},{"type":"Feature","geometry":{"type":"LineString","coordinates":[[19.316151,50.103683],[19.315974,50.103666],[19.315498,50.103646],[19.315451,50.103641],[19.315271,50.103617],[19.31517,50.103612],[19.314873,50.103527],[19.314175,50.103306],[19.314131,50.103291],[19.313976,50.103226],[19.313818,50.103152],[19.313524,50.102987],[19.313473,50.102957],[19.313216,50.102789],[19.313075,50.102674],[19.312969,50.102594],[19.312734,50.102403],[19.312061,50.101834],[19.311079,50.101025],[19.310848,50.100846],[19.310756,50.100782],[19.310645,50.100718],[19.310494,50.10064],[19.31034,50.10056],[19.310142,50.100488],[19.309888,50.100414],[19.309781,50.100379],[19.309589,50.100329],[19.309065,50.100187],[19.307965,50.099877],[19.30786,50.099835],[19.307459,50.09966],[19.307307,50.099553],[19.307008,50.099346],[19.30696,50.099305],[19.306542,50.098944],[19.306358,50.098785],[19.306288,50.098732],[19.30583,50.098378],[19.30527,50.098],[19.304952,50.097797],[19.304211,50.097325],[19.303974,50.097173],[19.303501,50.096864],[19.302902,50.096472],[19.302845,50.09643],[19.30242,50.096148],[19.302229,50.096018],[19.302067,50.095908],[19.301246,50.095362],[19.300602,50.094924],[19.299332,50.094069],[19.298918,50.093765],[19.29833,50.09338],[19.298275,50.093338],[19.297954,50.093138],[19.297812,50.093068],[19.297663,50.093016]]},"properties":{"name":"Oświęcimska"}},{"type":"Feature","geometry":{"type":"LineString","coordinates":[[19.297773,50.092939],[19.297873,50.093026],[19.298275,50.093338]]},"properties":{"name":"Oświęcimska"}},{"type":"Feature","geometry":{"type":"LineString","coordinates":[[19.372177,50.130453],[19.372226,50.130479],[19.372323,50.130513],[19.372518,50.130575],[19.372607,50.130621]]},"properties":{"name":"Oświęcimska"}},{"type":"Feature","geometry":{"type":"LineString","coordinates":[[19.395237,50.139415],[19.395369,50.139314],[19.395695,50.139104],[19.395802,50.139034],[19.39591,50.138985],[19.396439,50.138812]]},"properties":{"name":"Marszałka Ferdynanda Focha"}},{"type":"Feature","geometry":{"type":"LineString","coordinates":[[19.396439,50.138812],[19.396573,50.138738],[19.396753,50.138614],[19.396899,50.138474],[19.39703,50.138291],[19.397104,50.138104],[19.397115,50.137975],[19.397111,50.137864],[19.397104,50.137694]]},"properties":{"name":"Majora Grzybowskiego"}},{"type":"Feature","geometry":{"type":"LineString","coordinates":[[19.397104,50.137694],[19.39717,50.137603],[19.397241,50.137528],[19.397347,50.137489],[19.397426,50.137473],[19.397476,50.137463],[19.397712,50.137415],[19.398077,50.137329],[19.398313,50.137266],[19.398505,50.137199],[19.398757,50.137092],[19.398927,50.137009],[19.39939,50.136809],[19.399547,50.136735],[19.399661,50.136678],[19.400159,50.136479],[19.400631,50.136274],[19.400915,50.136148],[19.40111,50.136026],[19.401418,50.135833],[19.401581,50.135753],[19.401718,50.135675],[19.401905,50.135571],[19.402118,50.135445]]},"properties":{"name":"Sienna"}},{"type":"Feature","geometry":{"type":"LineString","coordinates":[[19.375275,50.079422],[19.371659,50.080697],[19.370295,50.081169],[19.3701,50.08124],[19.368515,50.08179],[19.368139,50.08189],[19.367749,50.081955],[19.36758,50.081969],[19.367235,50.08199],[19.36656,50.081996]]},"properties":{"name":"780"}},{"type":"Feature","geometry":{"type":"LineString","coordinates":[[19.331657,50.086583],[19.332063,50.086507]]},"properties":{"name":"780"}},{"type":"Feature","geometry":{"type":"LineString","coordinates":[[19.36656,50.081996],[19.366101,50.082001],[19.36574,50.081992],[19.365429,50.081946],[19.364024,50.081719],[19.363882,50.081697],[19.36366,50.081666],[19.363362,50.081623],[19.363134,50.08159],[19.362957,50.081575],[19.362754,50.081566],[19.362544,50.081569],[19.362296,50.081577],[19.361014,50.081688],[19.359723,50.0818],[19.357154,50.082024],[19.353301,50.082362],[19.352982,50.082389],[19.352331,50.08246],[19.35229,50.082465],[19.352145,50.082485],[19.351972,50.082515],[19.351856,50.082533],[19.351713,50.082562],[19.351345,50.08265],[19.350989,50.082733],[19.350287,50.082901],[19.350124,50.08294],[19.348181,50.083409],[19.348082,50.083432],[19.346997,50.083695],[19.346487,50.083815],[19.346304,50.083855],[19.345193,50.084056],[19.345127,50.084068],[19.343877,50.084308],[19.343061,50.084464],[19.342806,50.084513],[19.342472,50.084577],[19.34239,50.084593],[19.341903,50.084687],[19.341494,50.084761],[19.340097,50.085024],[19.339854,50.085071],[19.338801,50.085265],[19.335971,50.085793],[19.335092,50.085948]]},"properties":{"name":"Tadeusza Kościuszki"}},{"type":"Feature","geometry":{"type":"LineString","coordinates":[[19.270213,50.103708],[19.269785,50.102952],[19.269404,50.10227],[19.269183,50.101884],[19.268658,50.100954],[19.268229,50.100194],[19.268181,50.100108],[19.268158,50.100068]]},"properties":{"name":"Tadeusza Kościuszki"}},{"type":"Feature","geometry":{"type":"LineString","coordinates":[[19.45605,50.156095],[19.455967,50.156078],[19.455877,50.156059],[19.455051,50.155799],[19.454916,50.155784],[19.454435,50.155638],[19.453125,50.155236],[19.449464,50.154114],[19.448131,50.153706]]},"properties":{"name":"Tadeusza Kościuszki"}},{"type":"Feature","geometry":{"type":"LineString","coordinates":[[19.45641,50.156212],[19.456525,50.156247],[19.456566,50.156267],[19.456748,50.156354],[19.457561,50.156604],[19.457918,50.156713],[19.458074,50.156761],[19.459124,50.157083],[19.459532,50.157208],[19.45966,50.157247],[19.459859,50.157273],[19.459909,50.157283],[19.459992,50.157293]]},"properties":{"name":"Tadeusza Kościuszki"}},{"type":"Feature","geometry":{"type":"LineString","coordinates":[[19.460327,50.157403],[19.460442,50.157456],[19.460542,50.157519],[19.460969,50.15765],[19.462379,50.158081],[19.462779,50.158204],[19.462829,50.158219],[19.462875,50.158233],[19.463062,50.15829],[19.463777,50.158509],[19.463935,50.158558],[19.464042,50.15859],[19.464658,50.158779],[19.464721,50.158798],[19.46514,50.158926],[19.465282,50.158969],[19.465767,50.159116],[19.465994,50.159177],[19.466148,50.159211],[19.466311,50.15924],[19.46644,50.159256],[19.466587,50.159269],[19.46673,50.159274],[19.466849,50.15927],[19.466933,50.159265]]},"properties":{"name":"Tadeusza Kościuszki"}},{"type":"Feature","geometry":{"type":"LineString","coordinates":[[19.460542,50.157519],[19.460397,50.157506],[19.46032,50.157492],[19.460251,50.157477]]},"properties":{"name":"Tadeusza Kościuszki"}},{"type":"Feature","geometry":{"type":"LineString","coordinates":[[19.459948,50.157406],[19.459819,50.157329],[19.45966,50.157247]]},"properties":{"name":"Tadeusza Kościuszki"}},{"type":"Feature","geometry":{"type":"LineString","coordinates":[[19.456748,50.156354],[19.456534,50.156311],[19.456488,50.156301],[19.456417,50.156291],[19.456346,50.156282]]},"properties":{"name":"Tadeusza Kościuszki"}},{"type":"Feature","geometry":{"type":"LineString","coordinates":[[19.455999,50.156173],[19.455843,50.156109],[19.455019,50.155842],[19.454916,50.155784]]},"properties":{"name":"Tadeusza Kościuszki"}},{"type":"Feature","geometry":{"type":"LineString","coordinates":[[19.320446,50.087385],[19.320432,50.08744],[19.320497,50.08774],[19.320554,50.087998],[19.320562,50.088035],[19.32065,50.088437],[19.320723,50.088767],[19.321048,50.090265],[19.321113,50.090567],[19.321118,50.090593],[19.321229,50.09112],[19.321273,50.091357],[19.321293,50.091464],[19.321304,50.091581],[19.321299,50.091717],[19.321264,50.091969],[19.321234,50.092151],[19.321134,50.092318],[19.321073,50.092406],[19.320287,50.093278],[19.319892,50.093721],[19.319366,50.094309],[19.319192,50.094487],[19.319021,50.094687],[19.318689,50.095055],[19.318534,50.095265],[19.318531,50.095309],[19.318518,50.095415],[19.318556,50.095576],[19.318615,50.095799],[19.318658,50.096013],[19.318751,50.096293],[19.318873,50.096635],[19.318953,50.096857],[19.319113,50.097302],[19.319189,50.097528],[19.319285,50.09785],[19.319298,50.097902],[19.319324,50.098024],[19.319371,50.098164],[19.319387,50.098212],[19.319454,50.098307],[19.319517,50.098365],[19.319603,50.098416],[19.319686,50.098457],[19.319791,50.098515],[19.320223,50.098744],[19.320412,50.098844],[19.320876,50.099096],[19.321214,50.099285],[19.321351,50.099362],[19.321752,50.099586],[19.321981,50.099675],[19.322091,50.099709],[19.322217,50.09975],[19.322437,50.099822],[19.322748,50.099923],[19.322889,50.099961],[19.323216,50.10007],[19.323612,50.100201],[19.323957,50.100316],[19.324404,50.10048],[19.324649,50.100576],[19.325008,50.100716],[19.325337,50.10083],[19.325708,50.100947],[19.326059,50.101038],[19.326378,50.101115],[19.326716,50.101194],[19.327112,50.101259],[19.32747,50.101308],[19.32777,50.101349],[19.328071,50.101391],[19.328347,50.101435],[19.328689,50.101501],[19.32878,50.101523],[19.329105,50.101635],[19.329392,50.101743],[19.32968,50.101848],[19.329856,50.101906],[19.3299,50.101916]]},"properties":{"name":"Generała Władysława Sikorskiego"}},{"type":"Feature","geometry":{"type":"LineString","coordinates":[[19.414669,50.147036],[19.414746,50.14704],[19.414825,50.147038],[19.415045,50.147031],[19.41529,50.14699],[19.415409,50.146973],[19.415534,50.146951],[19.415911,50.146877],[19.416147,50.146825],[19.416292,50.146795],[19.416424,50.146771],[19.41651,50.146759],[19.416593,50.146747],[19.416725,50.146732],[19.416937,50.14671],[19.417277,50.146676],[19.417515,50.146653],[19.418526,50.146551],[19.418901,50.146514],[19.41904,50.146502],[19.419115,50.146497],[19.41921,50.146494],[19.41932,50.14649],[19.420181,50.14646],[19.420406,50.146452],[19.420619,50.146442]]},"properties":{"name":"Generała Władysława Sikorskiego"}},{"type":"Feature","geometry":{"type":"LineString","coordinates":[[19.3299,50.101916],[19.329864,50.101957],[19.329826,50.102002],[19.32975,50.102114],[19.329735,50.102153],[19.329727,50.102177],[19.329715,50.102281],[19.329723,50.102392],[19.329758,50.102718],[19.329771,50.102839],[19.329791,50.103029],[19.329822,50.103335],[19.329854,50.103558],[19.329884,50.103678],[19.329899,50.103804],[19.32991,50.103904],[19.329921,50.104072],[19.329971,50.104501],[19.329987,50.104659],[19.330008,50.104811],[19.330019,50.10489],[19.330021,50.104934],[19.330027,50.105017],[19.330007,50.105206],[19.329982,50.105387],[19.329942,50.105615],[19.329927,50.105695],[19.329808,50.106215],[19.329815,50.106432],[19.329807,50.106516]]},"properties":{"name":"1 Maja"}},{"type":"Feature","geometry":{"type":"LineString","coordinates":[[19.329714,50.106519],[19.329735,50.106435],[19.329751,50.106382],[19.329808,50.106215]]},"properties":{"name":"1 Maja"}},{"type":"Feature","geometry":{"type":"LineString","coordinates":[[19.434576,50.172098],[19.434618,50.171874],[19.434627,50.171602],[19.434638,50.171443],[19.434649,50.171388],[19.434658,50.171326],[19.43477,50.171135],[19.434959,50.170975],[19.435248,50.170788],[19.435509,50.170633],[19.435598,50.170582],[19.436195,50.170249],[19.436796,50.169941],[19.4374,50.169609],[19.437588,50.169523],[19.437786,50.169438],[19.438059,50.169338],[19.439266,50.168982],[19.439826,50.168822],[19.440399,50.168654],[19.440702,50.168545],[19.4411,50.168356],[19.441342,50.168226],[19.441572,50.168106],[19.44189,50.167938],[19.442457,50.167637],[19.442889,50.167438],[19.442954,50.167412],[19.443217,50.167322],[19.443297,50.167294],[19.443711,50.167171],[19.444227,50.167081],[19.445169,50.166918],[19.445238,50.166906],[19.445456,50.166868],[19.44567,50.166832],[19.446664,50.166658],[19.446989,50.166608],[19.447158,50.166592],[19.447463,50.16658],[19.447604,50.166575],[19.447798,50.166573],[19.449986,50.166577],[19.450242,50.16656],[19.45047,50.166543],[19.450675,50.166517],[19.451035,50.166464],[19.451506,50.16635],[19.451855,50.166233],[19.452231,50.166098],[19.452492,50.166007],[19.4527,50.165946],[19.452899,50.165891],[19.453324,50.165803],[19.453773,50.165718],[19.454056,50.165663],[19.454758,50.165526],[19.455152,50.165449],[19.455337,50.165411],[19.455516,50.165367],[19.455894,50.165267],[19.456198,50.165184],[19.4568,50.165026],[19.456882,50.165005],[19.45764,50.164801],[19.45774,50.164768],[19.457902,50.164709],[19.458118,50.164598]]},"properties":{"name":"1 Maja"}},{"type":"Feature","geometry":{"type":"LineString","coordinates":[[19.3299,50.101916],[19.329969,50.101829],[19.330001,50.101789],[19.330057,50.101716],[19.330082,50.101656],[19.330093,50.1016],[19.330094,50.101552],[19.330058,50.101298],[19.33005,50.101243],[19.330015,50.101037],[19.330012,50.101001],[19.329997,50.100796],[19.329968,50.100657],[19.329942,50.100496],[19.329929,50.100411],[19.329912,50.100328],[19.329813,50.0999],[19.329782,50.09979],[19.329759,50.099709],[19.329738,50.099647],[19.329694,50.099521],[19.329661,50.099413],[19.329601,50.099278],[19.329475,50.098972],[19.329352,50.098671],[19.329295,50.098546],[19.329192,50.098306],[19.329163,50.098146],[19.329174,50.098039],[19.329231,50.097817],[19.329305,50.097565],[19.329337,50.097459],[19.329355,50.097398],[19.329404,50.097215],[19.329423,50.097149],[19.329458,50.097019],[19.329507,50.096854],[19.329525,50.096789],[19.329664,50.096365],[19.329681,50.096297]]},"properties":{"name":"Górnicza"}},{"type":"Feature","geometry":{"type":"LineString","coordinates":[[19.32994,50.1066],[19.329993,50.106678],[19.330058,50.106728],[19.330065,50.106732],[19.33013,50.106769],[19.330217,50.106858],[19.331093,50.107172],[19.332535,50.107706],[19.332755,50.107791],[19.33415,50.108297],[19.334411,50.108393],[19.334592,50.108461],[19.335061,50.108637],[19.33516,50.108674],[19.335322,50.108728],[19.336272,50.109099],[19.33656,50.109215],[19.336779,50.109294],[19.336846,50.109317],[19.337527,50.109576],[19.338232,50.109827],[19.338497,50.109921],[19.3389,50.110056],[19.339259,50.110177],[19.339513,50.110257],[19.339592,50.110279],[19.341551,50.110819],[19.341991,50.110942],[19.343371,50.111322],[19.344053,50.111541]]},"properties":{"name":"Chrzanowska"}},{"type":"Feature","geometry":{"type":"LineString","coordinates":[[19.418018,50.198324],[19.418045,50.1982],[19.418036,50.198085],[19.418,50.197954],[19.417973,50.197885],[19.417911,50.197716],[19.417878,50.197637],[19.417866,50.197609],[19.417823,50.197516],[19.417785,50.19744],[19.417711,50.197274],[19.417697,50.197141],[19.41774,50.196655],[19.417759,50.196236],[19.417761,50.196189],[19.417766,50.196089],[19.41777,50.196004],[19.417806,50.195294],[19.417847,50.194447],[19.417825,50.194252],[19.417787,50.194051],[19.417685,50.193634],[19.417663,50.193551],[19.417471,50.192833],[19.417375,50.19239],[19.417343,50.192136],[19.417321,50.191662],[19.417263,50.19111],[19.417247,50.190908],[19.417232,50.190717],[19.417198,50.190276],[19.417171,50.189822],[19.417176,50.189584],[19.417176,50.189316],[19.417184,50.189094],[19.417229,50.188654],[19.417249,50.188458],[19.417267,50.188234],[19.417262,50.188011],[19.417157,50.187484],[19.417117,50.187255],[19.4171,50.187152],[19.41708,50.187025],[19.417015,50.18671],[19.416977,50.186589],[19.416947,50.186501],[19.416919,50.186458],[19.416752,50.186184],[19.416575,50.185929],[19.416498,50.185796],[19.416427,50.185539],[19.416393,50.185414],[19.416284,50.185119],[19.416174,50.184882],[19.415983,50.184571],[19.415948,50.184514],[19.415847,50.184364],[19.415554,50.183989],[19.415404,50.183821],[19.415203,50.183635]]},"properties":{"name":"Chrzanowska"}},{"type":"Feature","geometry":{"type":"LineString","coordinates":[[19.330217,50.106858],[19.330015,50.106776],[19.329986,50.106765],[19.329843,50.10673]]},"properties":{"name":"Chrzanowska"}},{"type":"Feature","geometry":{"type":"LineString","coordinates":[[19.390662,50.165573],[19.390688,50.165468],[19.390677,50.16541],[19.390657,50.165362],[19.390611,50.165241],[19.390531,50.165033],[19.390487,50.164923],[19.390427,50.164813],[19.390384,50.164752],[19.39032,50.164688],[19.390196,50.16458],[19.390108,50.164519],[19.390038,50.164424],[19.39,50.164321],[19.389979,50.163977],[19.389978,50.163821],[19.389976,50.163291],[19.389974,50.162861]]},"properties":{"name":"Chrzanowska"}},{"type":"Feature","geometry":{"type":"LineString","coordinates":[[19.372831,50.171653],[19.372548,50.171713]]},"properties":{"name":"Chrzanowska"}},{"type":"Feature","geometry":{"type":"LineString","coordinates":[[19.447047,50.133571],[19.447882,50.133257],[19.448914,50.132899],[19.44914,50.132829],[19.449183,50.132816],[19.451576,50.132078],[19.451999,50.131952],[19.452112,50.131919],[19.452292,50.131866],[19.452329,50.131855],[19.45364,50.131462],[19.454,50.131353],[19.454274,50.131275],[19.454542,50.13119],[19.454601,50.131171],[19.454811,50.131108],[19.454991,50.131055],[19.45524,50.131011],[19.455452,50.130976],[19.455677,50.130974],[19.455971,50.130968],[19.456304,50.130972],[19.456611,50.130998],[19.456951,50.131074],[19.457291,50.131167],[19.458039,50.13139],[19.458919,50.131684],[19.45915,50.131758],[19.459967,50.132009],[19.460199,50.132075],[19.460443,50.132116],[19.460696,50.132121],[19.460893,50.132109],[19.461193,50.132052],[19.461544,50.131962],[19.461874,50.131884],[19.462139,50.13183],[19.462414,50.131791],[19.462622,50.131766],[19.462802,50.13175],[19.462977,50.13173],[19.463149,50.131714],[19.463219,50.131714],[19.463297,50.131713],[19.463358,50.131722],[19.463408,50.131746]]},"properties":{"name":"Chrzanowska"}},{"type":"Feature","geometry":{"type":"LineString","coordinates":[[19.303974,50.097173],[19.303949,50.097223],[19.303871,50.097405],[19.303629,50.097959],[19.303446,50.098373],[19.303244,50.098831],[19.303214,50.0989],[19.302925,50.099571],[19.302691,50.100021],[19.302501,50.100516],[19.302457,50.10064],[19.302244,50.101047],[19.302139,50.10129],[19.301685,50.102294],[19.301296,50.103186],[19.301096,50.103639],[19.300876,50.104112]]},"properties":{"name":"Spokojna"}},{"type":"Feature","geometry":{"type":"LineString","coordinates":[[19.456856,50.168932],[19.456889,50.168962],[19.456916,50.168974],[19.456946,50.168984],[19.457,50.168986],[19.457041,50.168978],[19.457285,50.168917],[19.457588,50.168843],[19.457868,50.168774],[19.459499,50.168427],[19.460409,50.168316],[19.460558,50.168296],[19.460951,50.168243],[19.461125,50.168225],[19.461582,50.168209],[19.462629,50.1682],[19.462892,50.168187],[19.463155,50.168161],[19.463524,50.168122],[19.46361,50.168112],[19.463701,50.168101],[19.46386,50.16808],[19.464348,50.167993],[19.464532,50.167947],[19.464753,50.167912],[19.46564,50.167834],[19.467294,50.16769],[19.468541,50.167551],[19.469682,50.167422],[19.469797,50.16741],[19.469919,50.167399],[19.470768,50.16732],[19.472163,50.167189],[19.472914,50.167149],[19.472996,50.167145],[19.473126,50.167151]]},"properties":{"name":"Spokojna"}},{"type":"Feature","geometry":{"type":"LineString","coordinates":[[19.300876,50.104112],[19.299778,50.103897],[19.299577,50.103858],[19.29887,50.103733],[19.298438,50.103661],[19.298277,50.10364],[19.298185,50.103628],[19.29803,50.103631],[19.297917,50.103634],[19.297781,50.103637],[19.297406,50.103661],[19.297156,50.103711],[19.296897,50.103763],[19.296822,50.103778],[19.296425,50.103852],[19.29593,50.103929],[19.295452,50.103974],[19.294969,50.104],[19.293878,50.104049],[19.292548,50.104094],[19.29136,50.104112],[19.290572,50.104135],[19.289344,50.104176],[19.28913,50.104179],[19.288277,50.10422],[19.286412,50.10426]]},"properties":{"name":"Jazdówka"}},{"type":"Feature","geometry":{"type":"LineString","coordinates":[[19.286412,50.10426],[19.286442,50.105656],[19.286441,50.106429],[19.286441,50.106684],[19.286419,50.107287],[19.286415,50.107497],[19.28641,50.107777],[19.2864,50.107912],[19.286395,50.108429],[19.286335,50.110204]]},"properties":{"name":"Wolności"}},{"type":"Feature","geometry":{"type":"LineString","coordinates":[[19.286335,50.110204],[19.28587,50.110267],[19.284055,50.110502],[19.283919,50.110521],[19.282409,50.110723],[19.28236,50.110733],[19.282082,50.110764],[19.281867,50.110791],[19.280204,50.111005],[19.278009,50.111287],[19.27721,50.111396]]},"properties":{"name":"Władysława Orkana"}},{"type":"Feature","geometry":{"type":"LineString","coordinates":[[19.272829,50.10393],[19.27294,50.104061],[19.27305,50.104305],[19.273285,50.104949],[19.2734,50.105322],[19.273548,50.105489],[19.273997,50.105769],[19.274347,50.105994],[19.274575,50.106226],[19.274675,50.106389],[19.274773,50.106571],[19.274803,50.106627],[19.275342,50.107807],[19.27552,50.108204],[19.275689,50.108572],[19.275779,50.108766],[19.275936,50.109069],[19.276003,50.109199],[19.276741,50.110548],[19.27721,50.111396],[19.277176,50.111506],[19.277053,50.111841]]},"properties":{"name":"Paprocia"}},{"type":"Feature","geometry":{"type":"LineString","coordinates":[[19.272829,50.10393],[19.272582,50.103732],[19.272444,50.103647],[19.272116,50.103444],[19.271947,50.103399],[19.271847,50.103382],[19.271493,50.103441],[19.270944,50.103546],[19.270213,50.103708]]},"properties":{"name":"Ofiar Faszyzmu"}},{"type":"Feature","geometry":{"type":"LineString","coordinates":[[19.254805,50.100135],[19.254575,50.100129],[19.254207,50.10012],[19.25396,50.100114],[19.253866,50.100111],[19.25348,50.100102],[19.253452,50.100101],[19.252982,50.100087],[19.252287,50.100072],[19.252121,50.10007],[19.251734,50.100059],[19.251649,50.100057],[19.251464,50.100053],[19.250334,50.100027],[19.250281,50.100027],[19.250177,50.100024],[19.249365,50.100006],[19.249122,50.099999],[19.249038,50.099998],[19.248705,50.099991],[19.248513,50.099985],[19.247934,50.099973],[19.247053,50.099951],[19.246789,50.099946],[19.246564,50.099939],[19.246356,50.099916],[19.246226,50.099892],[19.246109,50.099866],[19.245334,50.099607],[19.244879,50.09944],[19.244586,50.099311],[19.24425,50.099161],[19.244137,50.09911],[19.243448,50.098794],[19.243306,50.098728],[19.243009,50.098591],[19.242941,50.09856],[19.242351,50.098293],[19.241831,50.098062],[19.241667,50.098002],[19.241489,50.097949],[19.241364,50.097924],[19.241032,50.097871],[19.240681,50.097828],[19.24063,50.097823],[19.2401,50.09776],[19.239726,50.097707],[19.239335,50.097628],[19.23904,50.09755],[19.238759,50.097465],[19.238488,50.097366],[19.238261,50.097288]]},"properties":{"name":"Piastowska"}},{"type":"Feature","geometry":{"type":"LineString","coordinates":[[19.248705,50.099991],[19.248707,50.100038],[19.248734,50.100115],[19.248837,50.100335],[19.249102,50.100948],[19.249165,50.101101],[19.249233,50.101264],[19.249262,50.101325],[19.249379,50.101611],[19.249398,50.101658],[19.249414,50.101722],[19.249423,50.101759],[19.249418,50.101805],[19.249409,50.101905],[19.2494,50.101994],[19.249394,50.102051],[19.249378,50.10222],[19.249357,50.102371],[19.249309,50.102634],[19.249312,50.102738],[19.24937,50.102885],[19.249494,50.10315],[19.249573,50.103254],[19.250151,50.103828],[19.250223,50.103907],[19.250302,50.104016],[19.250309,50.104095],[19.250286,50.104228],[19.250257,50.104288],[19.249942,50.10478],[19.249926,50.104809],[19.249749,50.105112],[19.249471,50.10559],[19.249375,50.105755],[19.24911,50.106187],[19.248976,50.1063],[19.248714,50.106485],[19.247726,50.107185],[19.247398,50.107324],[19.247016,50.107458],[19.246363,50.107688],[19.246174,50.107755],[19.245514,50.107987],[19.244012,50.10863],[19.243021,50.109089],[19.243002,50.109097],[19.24288,50.109175],[19.242775,50.109265],[19.242605,50.109423],[19.242542,50.109478],[19.242465,50.10954],[19.242333,50.109646],[19.242069,50.109831],[19.241841,50.110049],[19.241704,50.110178],[19.241665,50.110211]]},"properties":{"name":"Adama Mickiewicza"}},{"type":"Feature","geometry":{"type":"LineString","coordinates":[[19.241665,50.110211],[19.241646,50.11018],[19.241576,50.110079],[19.241238,50.109686],[19.241127,50.109587],[19.241038,50.109521],[19.240898,50.109437],[19.239713,50.108784],[19.239595,50.108724],[19.239221,50.108542],[19.238401,50.108122],[19.238257,50.108036],[19.238136,50.107939],[19.237866,50.107629],[19.237789,50.107533],[19.237726,50.107456],[19.237611,50.107314],[19.236723,50.106223],[19.236309,50.105717],[19.235906,50.105219],[19.235016,50.10409],[19.234937,50.103996],[19.234046,50.102871],[19.23392,50.102743],[19.233874,50.102707],[19.233805,50.102664],[19.233723,50.102629],[19.233677,50.102622],[19.23361,50.102613],[19.233518,50.102612],[19.233427,50.102623],[19.233326,50.102635],[19.233236,50.102642],[19.233181,50.102641],[19.233135,50.102632],[19.233089,50.102617]]},"properties":{"name":"Jagiellońska"}},{"type":"Feature","geometry":{"type":"LineString","coordinates":[[19.233089,50.102617],[19.233056,50.10259],[19.233041,50.10257],[19.232998,50.102492],[19.232952,50.102387],[19.232834,50.102105],[19.232689,50.101738],[19.232628,50.101582],[19.232471,50.101277],[19.232307,50.100992],[19.232109,50.100545],[19.231975,50.100129],[19.231876,50.09979],[19.231864,50.099737],[19.231837,50.099608],[19.231834,50.09951],[19.231869,50.099431],[19.231987,50.09933],[19.23213,50.099238],[19.232496,50.099039],[19.232626,50.098992],[19.233032,50.098933],[19.233579,50.098872],[19.234909,50.098736],[19.235101,50.098705],[19.235274,50.098653],[19.235609,50.098532],[19.236872,50.098089],[19.23729,50.097909],[19.237653,50.097736],[19.237906,50.09762],[19.237982,50.097567],[19.238095,50.097489],[19.238135,50.097453],[19.238198,50.097395],[19.238221,50.09735],[19.238261,50.097288]]},"properties":{"name":"Bolesława Chrobrego"}},{"type":"Feature","geometry":{"type":"LineString","coordinates":[[19.467507,50.210235],[19.467654,50.210248],[19.467803,50.210238],[19.467983,50.210217],[19.469022,50.210063],[19.469085,50.21006],[19.469505,50.210101],[19.469591,50.210106],[19.469686,50.210107],[19.469867,50.21008],[19.47003,50.210048],[19.470239,50.209987],[19.470482,50.209893],[19.471405,50.209536],[19.471508,50.209494],[19.471567,50.209468],[19.471625,50.209436],[19.471757,50.209331],[19.471851,50.209256],[19.471956,50.209188],[19.472069,50.209129],[19.472175,50.209093],[19.472439,50.209025],[19.472808,50.208962],[19.472864,50.208951],[19.473017,50.208926],[19.473122,50.20892],[19.473232,50.208927],[19.473462,50.208957],[19.473787,50.208996],[19.474111,50.20902],[19.47414,50.20902],[19.474195,50.20902],[19.474471,50.208979],[19.474772,50.208938],[19.475038,50.208909],[19.475244,50.208889],[19.475459,50.208873],[19.475605,50.20887],[19.475754,50.208871],[19.475997,50.208883],[19.476658,50.208945],[19.476689,50.208738],[19.476767,50.208513],[19.476776,50.208489],[19.476788,50.20845],[19.476993,50.207879],[19.477013,50.207775],[19.477016,50.207674],[19.476998,50.207559],[19.476963,50.207459],[19.476883,50.207317],[19.47681,50.207219],[19.476743,50.20715]]},"properties":{"name":"Długa"}},{"type":"Feature","geometry":{"type":"LineString","coordinates":[[19.448131,50.153706],[19.447431,50.15349],[19.447224,50.153427],[19.44531,50.152841],[19.445105,50.152778],[19.444265,50.152522],[19.443851,50.152395],[19.443403,50.15227],[19.443211,50.152214],[19.443027,50.152158],[19.442923,50.152125],[19.442844,50.152098],[19.442686,50.152037],[19.442446,50.151945],[19.44237,50.151921],[19.442265,50.151889],[19.442013,50.151814],[19.441766,50.151745],[19.441326,50.151617],[19.441082,50.151545],[19.440172,50.151266],[19.440122,50.151251],[19.439867,50.151173],[19.439773,50.151144],[19.439008,50.150909],[19.438452,50.150737],[19.438191,50.150657],[19.437606,50.150487],[19.437253,50.15039],[19.437015,50.150318],[19.436866,50.15027],[19.436807,50.150249],[19.436512,50.150149],[19.436386,50.150106],[19.435715,50.149882],[19.435335,50.149766],[19.435159,50.149712],[19.434916,50.149649],[19.434773,50.14961],[19.434319,50.149471],[19.434171,50.149425],[19.434042,50.149386],[19.433916,50.149346],[19.432451,50.148899],[19.431172,50.148507],[19.429635,50.148035],[19.429485,50.147989],[19.429342,50.147947]]},"properties":{"name":"Długa"}},{"type":"Feature","geometry":{"type":"LineString","coordinates":[[19.461608,50.202902],[19.461555,50.202921],[19.46148,50.202922],[19.461412,50.202908],[19.461323,50.202879],[19.461042,50.202761],[19.460871,50.202684],[19.460618,50.202581],[19.459621,50.202158],[19.458384,50.201621],[19.457057,50.201076],[19.456385,50.200793],[19.456088,50.200671],[19.455789,50.200566],[19.455475,50.200472],[19.45536,50.200446],[19.455061,50.20038],[19.455054,50.200379],[19.454556,50.200295],[19.454096,50.200218],[19.454016,50.200205],[19.453419,50.2001],[19.45327,50.200071],[19.452935,50.200015],[19.451845,50.199812],[19.451462,50.199747],[19.450692,50.19962],[19.450031,50.199505],[19.445102,50.198661],[19.444928,50.19863],[19.444732,50.198595],[19.443956,50.198442],[19.441707,50.198027],[19.441532,50.197998],[19.439401,50.197596],[19.439269,50.197569],[19.437868,50.197301],[19.437802,50.197289],[19.437372,50.197207],[19.436651,50.197076],[19.436382,50.19701],[19.436255,50.196974],[19.436025,50.196892],[19.435755,50.196798],[19.435555,50.196728],[19.435398,50.196674],[19.435354,50.196658],[19.434903,50.19652],[19.434687,50.196475],[19.434441,50.196429],[19.434238,50.1964],[19.433894,50.196354],[19.433376,50.19628],[19.43286,50.196219],[19.432696,50.19619],[19.432577,50.196159],[19.432482,50.196122],[19.432379,50.19606],[19.432309,50.195989],[19.432258,50.19591],[19.432235,50.195823],[19.432233,50.195586],[19.432212,50.194859],[19.432212,50.194831],[19.432211,50.19477],[19.432191,50.194019],[19.432188,50.193928],[19.43215,50.193853],[19.432111,50.193793]]},"properties":{"name":"Jana Pawła II"}},{"type":"Feature","geometry":{"type":"LineString","coordinates":[[19.531484,50.172013],[19.531223,50.171734],[19.531123,50.171655],[19.531011,50.171576],[19.530881,50.171507],[19.530796,50.17147],[19.530695,50.171439],[19.530182,50.171329],[19.52974,50.171252],[19.529177,50.171173],[19.528938,50.171194],[19.528606,50.17126],[19.528517,50.171276],[19.528445,50.171289],[19.528261,50.171321],[19.527935,50.171383],[19.527582,50.171439],[19.527347,50.171429],[19.527119,50.171399],[19.526874,50.171362],[19.526758,50.171315],[19.526642,50.171252]]},"properties":{"name":"Jana Pawła II"}},{"type":"Feature","geometry":{"type":"LineString","coordinates":[[19.473278,50.1738],[19.473209,50.173814],[19.473125,50.173846],[19.472905,50.173943],[19.47257,50.174106],[19.472274,50.174247],[19.471895,50.174427],[19.471105,50.174802],[19.470703,50.174994],[19.470293,50.17519],[19.469686,50.175484],[19.46859,50.176046],[19.468425,50.176129],[19.468183,50.176242],[19.467818,50.176387],[19.467076,50.176656],[19.46646,50.176878],[19.46632,50.176928],[19.46591,50.177074],[19.465572,50.177191],[19.465417,50.177242],[19.465248,50.177287],[19.465175,50.177305],[19.463922,50.177522],[19.463641,50.177577],[19.4635,50.177616],[19.463434,50.177636],[19.463369,50.177658],[19.463293,50.177686],[19.46322,50.177718],[19.46271,50.177968],[19.461372,50.178672],[19.461183,50.178771],[19.460724,50.179006],[19.460624,50.179058],[19.460255,50.179256],[19.460108,50.179335],[19.459518,50.17965],[19.459152,50.179849],[19.458946,50.179972],[19.458529,50.180201],[19.458369,50.180295],[19.45823,50.180378],[19.457933,50.180543],[19.457493,50.180802],[19.457352,50.180885],[19.45702,50.181088],[19.45689,50.181183],[19.456794,50.181264],[19.456693,50.181363],[19.456603,50.181466],[19.456542,50.181548],[19.456495,50.181622],[19.45644,50.181733],[19.456396,50.181844],[19.456369,50.181962],[19.456358,50.182033],[19.456369,50.182571],[19.456381,50.182905],[19.456396,50.183487],[19.45639,50.183583],[19.456374,50.183677],[19.456347,50.183757],[19.456303,50.183844],[19.456256,50.183911],[19.456168,50.184005],[19.456088,50.18408],[19.456008,50.184138],[19.455935,50.184179],[19.455832,50.184229],[19.455077,50.184536],[19.454505,50.184763],[19.454268,50.184856],[19.454173,50.184894],[19.453285,50.185245],[19.452914,50.185392],[19.452558,50.185532],[19.452242,50.185662],[19.451902,50.185798],[19.450477,50.18637],[19.449623,50.186712],[19.449228,50.186871],[19.447024,50.187755],[19.446105,50.18813],[19.445283,50.188467],[19.444794,50.188668],[19.444251,50.188887],[19.442953,50.189411],[19.442321,50.189672],[19.441219,50.190121],[19.440114,50.190571],[19.439314,50.190892],[19.438463,50.19124],[19.437298,50.191711],[19.436445,50.192048],[19.435701,50.192344],[19.435087,50.192589],[19.434562,50.192799],[19.434273,50.192919],[19.433291,50.193319],[19.432499,50.193639],[19.4323,50.193719],[19.432111,50.193793],[19.431982,50.193844],[19.430439,50.194484],[19.430038,50.19465],[19.42939,50.194915],[19.428967,50.195105],[19.428637,50.195257],[19.428221,50.195448],[19.428077,50.19552],[19.427908,50.195609],[19.427685,50.195762],[19.427562,50.195864],[19.427041,50.196295],[19.426897,50.196422],[19.426734,50.196553],[19.426615,50.196653],[19.426592,50.19667],[19.426471,50.196751],[19.426305,50.196842],[19.426139,50.196931],[19.4259,50.197053],[19.425743,50.197132],[19.425548,50.197223],[19.425292,50.197305],[19.425176,50.197334],[19.425029,50.197368],[19.424845,50.197401],[19.424491,50.197461],[19.424225,50.197521],[19.423471,50.197675],[19.423005,50.197768],[19.422518,50.19786],[19.422304,50.197905],[19.422249,50.197916],[19.422168,50.197935],[19.422086,50.197942],[19.421415,50.198078],[19.421359,50.198088],[19.421336,50.198092],[19.421141,50.19812],[19.419113,50.198239],[19.418668,50.198287],[19.418331,50.19832],[19.418018,50.198324]]},"properties":{"name":"Grunwaldzka"}},{"type":"Feature","geometry":{"type":"LineString","coordinates":[[19.422168,50.197935],[19.422085,50.197971],[19.421689,50.198119],[19.421472,50.198196],[19.421406,50.198213],[19.421245,50.198271],[19.421048,50.198348],[19.420895,50.198412],[19.420567,50.198558],[19.420245,50.198735],[19.419722,50.199046],[19.418786,50.199622],[19.418605,50.199672],[19.4185,50.199688],[19.418395,50.199701],[19.417957,50.199738],[19.417783,50.199752],[19.417271,50.199786],[19.417127,50.199756]]},"properties":{"name":"Zwycięstwa"}},{"type":"Feature","geometry":{"type":"LineString","coordinates":[[19.458529,50.180201],[19.458413,50.180128],[19.457902,50.179803],[19.457738,50.179719],[19.457709,50.179704],[19.457519,50.179607],[19.457385,50.179557],[19.456945,50.179418],[19.455228,50.178865],[19.455068,50.178813],[19.455021,50.178796],[19.454892,50.178746],[19.454688,50.178644],[19.454557,50.178547],[19.454501,50.178491],[19.454459,50.178448],[19.454394,50.17836],[19.454352,50.178283],[19.454224,50.177893]]},"properties":{"name":"Lipcowa"}},{"type":"Feature","geometry":{"type":"LineString","coordinates":[[19.454056,50.177779],[19.454224,50.177893],[19.454189,50.17772]]},"properties":{"name":"Lipcowa"}},{"type":"Feature","geometry":{"type":"LineString","coordinates":[[19.453968,50.177641],[19.453923,50.177521],[19.453886,50.177482],[19.453681,50.177262],[19.453536,50.177104],[19.453387,50.176908],[19.453256,50.176692],[19.45277,50.175833],[19.452673,50.175703],[19.45263,50.175655],[19.452463,50.175469],[19.452108,50.175075],[19.452062,50.17502],[19.451863,50.174789],[19.451755,50.174669],[19.451669,50.174506],[19.451657,50.174462],[19.451653,50.174444],[19.451637,50.174377],[19.45163,50.174302],[19.451643,50.17422],[19.451681,50.174067],[19.45178,50.173911],[19.452717,50.172667],[19.452824,50.172528],[19.453405,50.171768],[19.453649,50.171496],[19.453838,50.171313],[19.45405,50.171132],[19.454867,50.170463],[19.456187,50.169404],[19.45655,50.16914],[19.456856,50.168932],[19.457713,50.168384],[19.457823,50.168295],[19.457942,50.16819],[19.458049,50.168082],[19.458196,50.167903],[19.458336,50.167709],[19.458394,50.167607],[19.458437,50.167497],[19.458453,50.167355],[19.458434,50.167144],[19.458396,50.166871],[19.458314,50.166288],[19.458198,50.165457],[19.458049,50.16484],[19.458034,50.164775],[19.458044,50.16469],[19.458118,50.164598]]},"properties":{"name":"Lipcowa"}},{"type":"Feature","geometry":{"type":"LineString","coordinates":[[19.453958,50.177744],[19.453711,50.177716]]},"properties":{"name":"Tysiąclecia Państwa Polskiego"}},{"type":"Feature","geometry":{"type":"LineString","coordinates":[[19.434576,50.172098],[19.434699,50.172192],[19.43483,50.172242],[19.434988,50.172286],[19.435223,50.17233],[19.43535,50.172363],[19.435448,50.172408],[19.435966,50.172694],[19.436168,50.172789],[19.436873,50.173081],[19.437621,50.173453],[19.438554,50.17398],[19.438847,50.174116],[19.439021,50.174185],[19.439138,50.174232],[19.439304,50.174298],[19.439442,50.174353],[19.439865,50.174522],[19.440229,50.174697],[19.440275,50.174713],[19.440328,50.174732],[19.440513,50.17481],[19.440694,50.174887],[19.440875,50.174958],[19.441103,50.175051],[19.441296,50.175127],[19.441413,50.175169],[19.441538,50.175207],[19.441708,50.175255],[19.442096,50.175361],[19.442675,50.175502],[19.442991,50.175579],[19.443709,50.175783],[19.44419,50.175958],[19.444531,50.176102],[19.445154,50.176386],[19.445275,50.176443],[19.445929,50.176733],[19.446309,50.176901],[19.446489,50.176971],[19.446691,50.177032],[19.446901,50.177074],[19.447126,50.177108],[19.447686,50.177176],[19.448235,50.177242],[19.448278,50.177246],[19.449269,50.177328],[19.449919,50.177383],[19.449979,50.177388],[19.45084,50.177461],[19.451089,50.177483],[19.451295,50.177501],[19.453711,50.177716],[19.45394,50.177673]]},"properties":{"name":"Tysiąclecia Państwa Polskiego"}},{"type":"Feature","geometry":{"type":"LineString","coordinates":[[19.458118,50.164598],[19.458305,50.164473],[19.458438,50.164355],[19.45862,50.164175],[19.459131,50.163669],[19.459818,50.162989],[19.460242,50.162564],[19.460378,50.162443],[19.460448,50.162384],[19.460605,50.162264],[19.460667,50.162218],[19.461196,50.161905],[19.461831,50.16157],[19.461928,50.161523],[19.462141,50.161423],[19.462363,50.161343],[19.462588,50.161271],[19.462732,50.161234],[19.463052,50.161151],[19.463975,50.160912],[19.464115,50.160866],[19.464923,50.160562],[19.465099,50.160493],[19.465177,50.160463],[19.465374,50.160375],[19.465634,50.160252],[19.465886,50.160132],[19.466203,50.159969],[19.466286,50.159922],[19.466363,50.15987],[19.466483,50.159794],[19.466521,50.159767],[19.466654,50.159666],[19.466765,50.159558],[19.466812,50.159513],[19.466881,50.159434],[19.466916,50.15937],[19.466932,50.159319],[19.466933,50.159265]]},"properties":{"name":"Świętego Stanisława"}},{"type":"Feature","geometry":{"type":"LineString","coordinates":[[19.466765,50.159558],[19.466753,50.159496],[19.466729,50.159321],[19.46673,50.159274]]},"properties":{"name":"Świętego Stanisława"}},{"type":"Feature","geometry":{"type":"LineString","coordinates":[[19.454435,50.155638],[19.454552,50.155479],[19.454569,50.155452],[19.45458,50.155418],[19.454576,50.155365],[19.454566,50.155333],[19.454539,50.155294],[19.454503,50.155257],[19.454079,50.154915],[19.453955,50.154817]]},"properties":{"name":"Dworcowa"}},{"type":"Feature","geometry":{"type":"LineString","coordinates":[[19.438486,50.148297],[19.438672,50.148501],[19.43914,50.149009],[19.44005,50.149998],[19.440105,50.150056],[19.440137,50.150092],[19.440281,50.150249]]},"properties":{"name":"Aleksandra Puszkina"}},{"type":"Feature","geometry":{"type":"LineString","coordinates":[[19.440572,50.150566],[19.440957,50.150991],[19.441007,50.151064],[19.441044,50.151131],[19.441076,50.151229],[19.441102,50.151369],[19.441116,50.151422],[19.44112,50.151459],[19.441112,50.151498],[19.441082,50.151545]]},"properties":{"name":"Aleksandra Puszkina"}},{"type":"Feature","geometry":{"type":"LineString","coordinates":[[19.438486,50.148297],[19.438315,50.148161],[19.438047,50.147967],[19.437487,50.147627],[19.437026,50.147332],[19.43687,50.147228],[19.436668,50.147098],[19.436421,50.14692],[19.436157,50.146679],[19.435991,50.146502],[19.43578,50.146194],[19.435466,50.14571],[19.435417,50.145637],[19.43539,50.145597]]},"properties":{"name":"Bereska"}},{"type":"Feature","geometry":{"type":"LineString","coordinates":[[19.43539,50.145597],[19.435198,50.145311],[19.435116,50.1452],[19.434993,50.145068],[19.434855,50.144951],[19.434694,50.144833],[19.434518,50.144739],[19.434323,50.14465],[19.434026,50.144555],[19.433865,50.144513],[19.433791,50.144502],[19.433639,50.144478],[19.433234,50.144446],[19.432772,50.144423],[19.431579,50.1444],[19.430882,50.144392],[19.430856,50.144393],[19.430584,50.144408],[19.430336,50.144429],[19.429807,50.144485],[19.428109,50.144667],[19.427255,50.144777],[19.426765,50.144849]]},"properties":{"name":"Europejska"}},{"type":"Feature","geometry":{"type":"LineString","coordinates":[[19.426442,50.144951],[19.426498,50.14493],[19.426516,50.144923],[19.426595,50.144899],[19.426765,50.144849],[19.426581,50.144846],[19.426492,50.144841],[19.426398,50.144834]]},"properties":{"name":"Europejska"}},{"type":"Feature","geometry":{"type":"LineString","coordinates":[[19.426046,50.144995],[19.425958,50.144991],[19.425883,50.144994],[19.425698,50.144994],[19.424806,50.145116],[19.424571,50.145149],[19.424395,50.145175],[19.424253,50.145197],[19.42404,50.145234],[19.423893,50.145261],[19.423769,50.145285],[19.423606,50.145318],[19.423479,50.145345],[19.423255,50.145394],[19.422717,50.145522],[19.422568,50.145585],[19.422498,50.14562],[19.422438,50.145658],[19.422409,50.14568],[19.422374,50.145715],[19.422358,50.145732]]},"properties":{"name":"Europejska"}},{"type":"Feature","geometry":{"type":"LineString","coordinates":[[19.422096,50.145676],[19.422219,50.14565],[19.422269,50.145638],[19.422307,50.145626],[19.422356,50.145607],[19.422462,50.145571],[19.422531,50.145553],[19.422584,50.145541],[19.422717,50.145522],[19.422646,50.145576],[19.422617,50.145603],[19.422594,50.145635],[19.422579,50.145684],[19.422572,50.145727],[19.422577,50.145756],[19.42259,50.145783],[19.422603,50.145805],[19.422629,50.145833],[19.422667,50.145858],[19.422835,50.145951]]},"properties":{"name":"Europejska"}},{"type":"Feature","geometry":{"type":"LineString","coordinates":[[19.425698,50.144994],[19.42587,50.144949],[19.425957,50.144927],[19.42598,50.144917],[19.426016,50.144902]]},"properties":{"name":"Europejska"}},{"type":"Feature","geometry":{"type":"LineString","coordinates":[[19.421871,50.145841],[19.421846,50.145802],[19.421817,50.14577],[19.421761,50.145737],[19.42172,50.145714],[19.421667,50.145686],[19.4216,50.145654],[19.421507,50.145614],[19.421387,50.145567],[19.421276,50.145532],[19.420972,50.145428],[19.420789,50.145364],[19.420567,50.145274],[19.420405,50.14519],[19.420273,50.145149],[19.419892,50.145031],[19.418837,50.144704],[19.418479,50.144593],[19.417649,50.144335],[19.417307,50.144229],[19.41623,50.143895],[19.416003,50.143824],[19.415745,50.143751],[19.415215,50.14358],[19.414707,50.143422],[19.414643,50.143402],[19.414233,50.143275],[19.414177,50.143258],[19.413946,50.143186],[19.413728,50.143116],[19.413618,50.143073],[19.413364,50.142969],[19.413143,50.14285],[19.41299,50.142749],[19.412874,50.142664],[19.41261,50.142431],[19.412415,50.142243],[19.412306,50.142143],[19.41201,50.141869],[19.411829,50.141703],[19.411663,50.141585]]},"properties":{"name":"Trzebińska"}},{"type":"Feature","geometry":{"type":"LineString","coordinates":[[19.428189,50.147591],[19.428019,50.147538],[19.426371,50.147033],[19.425566,50.146786],[19.42536,50.146722],[19.425186,50.146675],[19.424988,50.146623],[19.424822,50.146573],[19.423775,50.146254],[19.423026,50.14603],[19.422835,50.145951],[19.422617,50.145893],[19.422509,50.145859],[19.422476,50.145844],[19.422446,50.145827],[19.422414,50.145808]]},"properties":{"name":"Trzebińska"}},{"type":"Feature","geometry":{"type":"LineString","coordinates":[[19.420405,50.14519],[19.420614,50.145225],[19.421039,50.145361],[19.421292,50.14543],[19.421398,50.145469],[19.421536,50.145521],[19.421654,50.145571],[19.421738,50.145604],[19.421789,50.145622],[19.421852,50.145643],[19.421925,50.145665],[19.42196,50.145674],[19.422023,50.145691]]},"properties":{"name":"Trzebińska"}},{"type":"Feature","geometry":{"type":"LineString","coordinates":[[19.47957,50.184342],[19.479407,50.184264],[19.479297,50.184223],[19.479178,50.184188],[19.477842,50.183981],[19.477643,50.183949],[19.477447,50.183913],[19.477241,50.183873],[19.477128,50.183846],[19.477041,50.183815],[19.476972,50.183776],[19.476919,50.183733],[19.476875,50.183675],[19.476843,50.183613],[19.476767,50.183408],[19.47669,50.183205],[19.476551,50.182834],[19.47641,50.182456],[19.476377,50.182368],[19.476231,50.181978],[19.476175,50.181874],[19.476069,50.181729],[19.475906,50.181529],[19.475849,50.181455],[19.475793,50.181366],[19.475759,50.181305],[19.475729,50.181233],[19.475696,50.181116],[19.475638,50.180871],[19.475585,50.180696],[19.47551,50.180517],[19.475162,50.179773],[19.475094,50.17961],[19.475053,50.179477],[19.475032,50.179385],[19.474993,50.179083],[19.474902,50.178376],[19.474875,50.178227],[19.474835,50.178106],[19.474777,50.177987]]},"properties":{"name":"Trzebińska"}},{"type":"Feature","geometry":{"type":"LineString","coordinates":[[19.423026,50.14603],[19.422669,50.145982],[19.422551,50.145963],[19.42248,50.145952],[19.422411,50.145946],[19.422304,50.145946]]},"properties":{"name":"Trzebińska"}},{"type":"Feature","geometry":{"type":"LineString","coordinates":[[19.463408,50.131746],[19.463618,50.131534],[19.463709,50.131431],[19.463773,50.131355],[19.463859,50.131255],[19.463931,50.131155],[19.463999,50.131057],[19.464039,50.130992],[19.464081,50.130907],[19.46412,50.130798],[19.464141,50.130707],[19.46416,50.130583],[19.464168,50.130487],[19.464166,50.130402],[19.464159,50.130315],[19.464146,50.130229],[19.464132,50.130156],[19.464113,50.130088],[19.464089,50.130015],[19.464059,50.129942],[19.463993,50.129806],[19.463674,50.129164],[19.463647,50.129113],[19.463568,50.128941],[19.463551,50.128893],[19.463517,50.128768],[19.463506,50.1287],[19.463499,50.128627],[19.463503,50.12854],[19.463516,50.128472],[19.463536,50.128395],[19.463565,50.128332],[19.463601,50.128271],[19.463649,50.128208],[19.463735,50.128118],[19.463857,50.128],[19.46414,50.127746],[19.464398,50.127515],[19.464455,50.127464],[19.464774,50.12718],[19.464945,50.12702],[19.465119,50.126853],[19.465169,50.1268],[19.465231,50.126729],[19.465269,50.126673],[19.465305,50.126615],[19.465329,50.126564],[19.465357,50.126507],[19.465385,50.126432],[19.46541,50.126341],[19.465441,50.126198],[19.46551,50.125831],[19.465638,50.125138],[19.465779,50.124374],[19.46588,50.1238],[19.465908,50.123657],[19.465952,50.123436],[19.465974,50.123337],[19.466005,50.123212],[19.466043,50.123094],[19.466071,50.123017],[19.466116,50.122923],[19.466187,50.122809],[19.466501,50.122367],[19.466814,50.121942],[19.466974,50.121716],[19.4671,50.121523],[19.46721,50.121281],[19.467345,50.120915],[19.467389,50.12076],[19.467396,50.120664]]},"properties":{"name":"Trzebińska"}},{"type":"Feature","geometry":{"type":"LineString","coordinates":[[19.549594,50.201716],[19.550381,50.201912],[19.551581,50.202219],[19.551908,50.202301],[19.552072,50.202341],[19.552567,50.202465],[19.552844,50.202532],[19.553246,50.202622],[19.55351,50.202652],[19.553675,50.20266],[19.553804,50.20268],[19.553902,50.202708],[19.55399,50.202744],[19.554068,50.202796],[19.554122,50.202884],[19.554169,50.202997],[19.554206,50.20311],[19.554264,50.203279],[19.554331,50.203423],[19.554609,50.203957],[19.554636,50.204018],[19.554725,50.204286],[19.554773,50.204487],[19.554784,50.20461],[19.554807,50.20522],[19.554807,50.205427],[19.554824,50.205633],[19.554835,50.205695],[19.554903,50.205815],[19.555151,50.206178],[19.555506,50.206688],[19.555596,50.206827],[19.555644,50.206897],[19.555663,50.206925],[19.555687,50.206959]]},"properties":{"name":"Trzebińska"}},{"type":"Feature","geometry":{"type":"LineString","coordinates":[[19.429342,50.147947],[19.429057,50.147861],[19.428769,50.147773],[19.428189,50.147591]]},"properties":{"name":"79"}},{"type":"Feature","geometry":{"type":"LineString","coordinates":[[19.469348,50.158476],[19.469431,50.158554],[19.469501,50.158631],[19.469858,50.158998],[19.47,50.159136],[19.470038,50.159173],[19.47008,50.159214],[19.470239,50.159369],[19.470429,50.159553],[19.470541,50.159651]]},"properties":{"name":"Ochronkowa"}},{"type":"Feature","geometry":{"type":"LineString","coordinates":[[19.470541,50.159651],[19.470792,50.15987],[19.470971,50.160021],[19.47102,50.160072],[19.471062,50.16012],[19.471098,50.160169],[19.47113,50.160218],[19.471188,50.16032],[19.471363,50.160698],[19.471417,50.160821],[19.471509,50.161022],[19.471711,50.161514],[19.471761,50.161635],[19.471782,50.161694],[19.471797,50.161754],[19.471805,50.161819],[19.471807,50.16188],[19.471791,50.162152],[19.471775,50.16241],[19.471763,50.162583],[19.471687,50.163678],[19.47168,50.163771],[19.471672,50.164045],[19.471684,50.164215],[19.471706,50.164324],[19.471719,50.164372],[19.471747,50.164432],[19.471779,50.16448],[19.471819,50.16453],[19.471862,50.164576],[19.471956,50.164666],[19.472062,50.16475],[19.472129,50.164801],[19.472334,50.164958],[19.472522,50.165119],[19.472584,50.165188],[19.472613,50.165253],[19.472644,50.165332],[19.472767,50.165618],[19.472932,50.166004],[19.47298,50.166116],[19.473092,50.166376],[19.473163,50.166542],[19.473184,50.166626],[19.473198,50.166721],[19.473201,50.16683],[19.473193,50.166916],[19.473176,50.167003],[19.473126,50.167151],[19.473039,50.167343],[19.472917,50.167601],[19.472595,50.168281],[19.472569,50.168375],[19.472553,50.168466],[19.472545,50.168587],[19.472554,50.168708],[19.472584,50.168947],[19.472605,50.169119],[19.47261,50.169161],[19.472633,50.169345],[19.472656,50.16953],[19.472708,50.169953],[19.47283,50.170654],[19.472918,50.171162],[19.472937,50.171303],[19.472983,50.171645],[19.473083,50.172377],[19.473105,50.172544],[19.473137,50.172753],[19.473142,50.17279],[19.473193,50.173187],[19.473212,50.173339],[19.47324,50.173561],[19.473278,50.1738],[19.473296,50.173945],[19.473317,50.174129],[19.473353,50.174449],[19.473497,50.175585],[19.473523,50.175794],[19.473584,50.176274],[19.473604,50.176385],[19.473626,50.176482],[19.473669,50.176569],[19.473737,50.176657],[19.474187,50.177084],[19.47433,50.177263],[19.474739,50.177915],[19.474777,50.177987]]},"properties":{"name":"Marszałka Józefa Piłsudskiego"}},{"type":"Feature","geometry":{"type":"LineString","coordinates":[[19.418018,50.198324],[19.417976,50.198437],[19.417866,50.198637],[19.417739,50.198848],[19.417573,50.199093],[19.417216,50.199609],[19.417194,50.199646],[19.417127,50.199756]]},"properties":{"name":"Leśna"}},{"type":"Feature","geometry":{"type":"LineString","coordinates":[[19.415203,50.183635],[19.415113,50.183551],[19.414986,50.18343],[19.414846,50.183299],[19.414569,50.183034],[19.413992,50.182507],[19.413465,50.181968],[19.413113,50.181597],[19.412784,50.181259],[19.412474,50.180969],[19.412267,50.180785],[19.411283,50.180054],[19.410922,50.179795],[19.410259,50.179319],[19.409633,50.178861],[19.40955,50.178801],[19.409287,50.178604],[19.408744,50.1782],[19.408221,50.177782],[19.407754,50.177454],[19.406767,50.17673],[19.406149,50.176261],[19.405889,50.176095],[19.405469,50.175789],[19.404913,50.17539],[19.404624,50.175184],[19.404206,50.174869],[19.404064,50.174753],[19.40394,50.174647],[19.403881,50.174585],[19.403839,50.174513],[19.403803,50.174399],[19.403757,50.174179],[19.403705,50.174006],[19.403598,50.173822],[19.403508,50.173691],[19.403438,50.173615],[19.403316,50.17352],[19.403265,50.173481],[19.403172,50.173431]]},"properties":{"name":"Sierszańska"}},{"type":"Feature","geometry":{"type":"LineString","coordinates":[[19.402914,50.173382],[19.402991,50.173395],[19.403022,50.173403],[19.40308,50.173417],[19.403172,50.173431],[19.403076,50.173363],[19.403058,50.17335],[19.402992,50.173312]]},"properties":{"name":"Sierszańska"}},{"type":"Feature","geometry":{"type":"LineString","coordinates":[[19.402728,50.173191],[19.402722,50.173109],[19.402731,50.173033]]},"properties":{"name":"Styczniowa"}},{"type":"Feature","geometry":{"type":"LineString","coordinates":[[19.402834,50.173174],[19.402787,50.173093],[19.402731,50.173033],[19.402727,50.173008],[19.402724,50.172985],[19.402717,50.172739],[19.402748,50.172487],[19.402776,50.172254],[19.402825,50.17189],[19.402851,50.171787],[19.402853,50.171704],[19.402845,50.171562],[19.402832,50.17148],[19.402813,50.1714],[19.402781,50.171316],[19.402736,50.171232],[19.402684,50.171162],[19.402631,50.171105],[19.402562,50.171052],[19.402483,50.170995],[19.402404,50.170945],[19.402247,50.170856],[19.40215,50.170793],[19.402071,50.170738],[19.401989,50.170675],[19.401902,50.170599],[19.401831,50.170526],[19.401761,50.170432],[19.401627,50.170229],[19.401583,50.170114],[19.401554,50.169991],[19.401548,50.169858],[19.401574,50.169688],[19.401593,50.169582],[19.401638,50.169468],[19.401683,50.16937],[19.401723,50.169306],[19.401786,50.169223],[19.401808,50.169194],[19.401904,50.169089],[19.402067,50.168951],[19.402314,50.168767],[19.402426,50.168675],[19.402488,50.168622],[19.40266,50.168467],[19.402928,50.168254],[19.403057,50.168144],[19.403175,50.168048],[19.403245,50.167951],[19.403313,50.167848],[19.403604,50.167318],[19.40393,50.166724],[19.404084,50.166433],[19.404226,50.166173],[19.40436,50.165925],[19.404699,50.165281],[19.40491,50.16489],[19.40504,50.164658],[19.405161,50.164427],[19.405799,50.163256],[19.405882,50.16302],[19.405935,50.162717],[19.405969,50.162463],[19.405982,50.16232],[19.406013,50.162075],[19.406099,50.161642],[19.406148,50.161455],[19.40624,50.161096],[19.40633,50.160749],[19.406342,50.160705],[19.406358,50.160644],[19.406391,50.1605],[19.406417,50.160357],[19.406419,50.160232],[19.406397,50.160141],[19.406349,50.160005]]},"properties":{"name":"Styczniowa"}},{"type":"Feature","geometry":{"type":"LineString","coordinates":[[19.406311,50.159914],[19.406211,50.159663],[19.406179,50.159584],[19.406061,50.159292],[19.405904,50.158907],[19.405852,50.158779],[19.405847,50.158768],[19.405734,50.158457],[19.405534,50.157977],[19.405277,50.15736],[19.405218,50.157218],[19.405192,50.157158],[19.405015,50.156761],[19.404922,50.156488],[19.404868,50.156264],[19.404788,50.155817],[19.404735,50.155515],[19.404725,50.155431],[19.404693,50.155167],[19.404648,50.154537],[19.404625,50.154085],[19.404622,50.154005],[19.404617,50.153896],[19.404616,50.153747],[19.404698,50.153309],[19.404738,50.153022],[19.404746,50.15292],[19.404747,50.152902],[19.40475,50.152841],[19.404735,50.152725],[19.404714,50.152598],[19.404703,50.152535],[19.40464,50.152301],[19.404462,50.151732],[19.404443,50.1517],[19.404785,50.151625],[19.40491,50.151606],[19.405422,50.151561],[19.406082,50.151515],[19.40751,50.15142],[19.407786,50.151405],[19.407884,50.151403],[19.408007,50.151408],[19.40824,50.151406],[19.409798,50.151323],[19.409945,50.151314],[19.410044,50.151302],[19.41006,50.151297],[19.410107,50.151285],[19.410163,50.151256],[19.410224,50.151208],[19.41027,50.151139]]},"properties":{"name":"Działkowa"}},{"type":"Feature","geometry":{"type":"LineString","coordinates":[[19.398988,50.152892],[19.399198,50.152897],[19.399831,50.152927],[19.40029,50.152928],[19.40059,50.152904],[19.400682,50.152897],[19.402766,50.152584],[19.402903,50.152554],[19.40305,50.152492],[19.403104,50.152459],[19.40325,50.152328],[19.403459,50.152043],[19.403664,50.151898],[19.404034,50.151788],[19.404129,50.151768],[19.404443,50.1517]]},"properties":{"name":"Działkowa"}},{"type":"Feature","geometry":{"type":"LineString","coordinates":[[19.41027,50.151139],[19.410171,50.150812],[19.410152,50.150775],[19.410111,50.150741],[19.409865,50.150615],[19.409695,50.150528],[19.409557,50.150442],[19.409292,50.15024],[19.409249,50.150201],[19.409012,50.149991],[19.408793,50.149784],[19.408558,50.149577],[19.40842,50.149456],[19.408373,50.149415],[19.408298,50.149341],[19.408276,50.149294],[19.408264,50.149267],[19.408253,50.149234],[19.408247,50.149203],[19.408243,50.149167],[19.408253,50.149011],[19.40766,50.148986],[19.407488,50.148977],[19.407331,50.148966],[19.407281,50.148961],[19.40723,50.148954],[19.40718,50.148946],[19.407099,50.148932],[19.40704,50.148919],[19.406991,50.148907],[19.406929,50.14889],[19.406864,50.148869],[19.406823,50.148855],[19.406773,50.148835],[19.406726,50.148815],[19.406669,50.14879]]},"properties":{"name":"Wodzińska"}},{"type":"Feature","geometry":{"type":"LineString","coordinates":[[19.406358,50.148657],[19.406464,50.148707],[19.406575,50.148757],[19.406669,50.14879],[19.40661,50.148732],[19.406581,50.148703],[19.406545,50.148667],[19.406476,50.148593]]},"properties":{"name":"Wodzińska"}},{"type":"Feature","geometry":{"type":"LineString","coordinates":[[19.406192,50.14841],[19.406215,50.148358],[19.40624,50.148296],[19.406249,50.148233],[19.406254,50.148156]]},"properties":{"name":"Wodzińska"}},{"type":"Feature","geometry":{"type":"LineString","coordinates":[[19.405254,50.146873],[19.40537,50.147032],[19.405475,50.147165],[19.405639,50.147359]]},"properties":{"name":"Wodzińska"}},{"type":"Feature","geometry":{"type":"LineString","coordinates":[[19.406371,50.148404],[19.406348,50.148367],[19.406343,50.148346],[19.406329,50.148295],[19.406254,50.148156],[19.406228,50.148107],[19.406196,50.148061],[19.406053,50.147899],[19.406001,50.14784],[19.405938,50.147762],[19.405871,50.147676]]},"properties":{"name":"Wodzińska"}},{"type":"Feature","geometry":{"type":"LineString","coordinates":[[19.405871,50.147676],[19.405813,50.147624],[19.405758,50.147563],[19.405722,50.14751],[19.405639,50.147359],[19.405744,50.147462],[19.405806,50.147546],[19.405841,50.147609],[19.405871,50.147676]]},"properties":{"name":"Wodzińska"}},{"type":"Feature","geometry":{"type":"LineString","coordinates":[[19.49793,50.165236],[19.49781,50.164972],[19.497684,50.164539],[19.497604,50.164333],[19.497416,50.164071],[19.49738,50.164032],[19.497104,50.163732],[19.497004,50.163623],[19.496913,50.163525],[19.496445,50.163188],[19.495986,50.162916],[19.495277,50.16252],[19.495256,50.162508],[19.49514,50.162442],[19.494843,50.162295],[19.494831,50.16229],[19.494672,50.162225],[19.493966,50.161937],[19.493737,50.161844],[19.493481,50.161745],[19.493307,50.161634],[19.493278,50.161592],[19.49322,50.161508],[19.493147,50.161316],[19.493133,50.161279],[19.493037,50.161007],[19.492998,50.160926],[19.492888,50.160695],[19.492598,50.160117],[19.492505,50.159921],[19.492243,50.159384],[19.492212,50.159259],[19.492182,50.159137],[19.492084,50.158673],[19.492067,50.158542],[19.492131,50.158171],[19.492262,50.157806],[19.492339,50.157662],[19.492527,50.157305],[19.492711,50.15709],[19.492882,50.15676],[19.493105,50.156166],[19.493136,50.156083],[19.493346,50.155481],[19.49355,50.154881],[19.4936,50.154732],[19.49368,50.154599],[19.493791,50.154482],[19.493871,50.154343],[19.493954,50.154009],[19.493974,50.153908],[19.49401,50.15372],[19.494023,50.153655],[19.494048,50.153539],[19.494033,50.153452],[19.494019,50.153407],[19.493929,50.153179],[19.49352,50.15276],[19.493183,50.152493],[19.492992,50.152321],[19.492566,50.151769],[19.492263,50.151368],[19.492026,50.151051],[19.491988,50.151008],[19.491581,50.150572],[19.491486,50.150471],[19.491396,50.150373],[19.491359,50.150334],[19.491282,50.150252],[19.491193,50.150157]]},"properties":{"name":"Juliusza Florkiewicza"}},{"type":"Feature","geometry":{"type":"LineString","coordinates":[[19.460724,50.179006],[19.46066,50.178959]]},"properties":{"name":"Miła"}},{"type":"Feature","geometry":{"type":"LineString","coordinates":[[19.272882,50.05178],[19.273145,50.051726],[19.273613,50.051635],[19.274085,50.051553],[19.276711,50.05133],[19.277589,50.051251],[19.280358,50.051011],[19.280797,50.051001],[19.281131,50.051017],[19.28133,50.051051],[19.281517,50.051108],[19.282072,50.051321],[19.282165,50.051369],[19.282219,50.051422],[19.282238,50.051548],[19.282243,50.05168],[19.282282,50.051846],[19.282329,50.051972],[19.282472,50.052344],[19.282602,50.052664],[19.282702,50.052993],[19.282802,50.053233],[19.28299,50.053438],[19.283276,50.053634],[19.283677,50.053835],[19.284104,50.053958],[19.284348,50.054038],[19.284452,50.054073],[19.284542,50.054106],[19.28482,50.05422],[19.285121,50.054306],[19.285492,50.054379],[19.286097,50.054503],[19.286695,50.054635],[19.287128,50.0547],[19.287353,50.054716],[19.287851,50.054729],[19.288302,50.054729],[19.288911,50.054706],[19.289321,50.054701],[19.289576,50.054835],[19.290963,50.055858],[19.291032,50.055976],[19.291111,50.056119],[19.29122,50.056308],[19.291447,50.056579],[19.291554,50.056686],[19.291594,50.056749],[19.29144,50.057395],[19.291433,50.057685],[19.291455,50.057949],[19.291423,50.05816],[19.291322,50.058339],[19.29122,50.058448],[19.291003,50.058684],[19.290909,50.058872],[19.290859,50.059043],[19.290852,50.059111],[19.29081,50.059468],[19.290724,50.060125],[19.29072,50.06031],[19.290733,50.060397],[19.290797,50.060471]]},"properties":{"name":"Nadwiślańska"}},{"type":"Feature","geometry":{"type":"LineString","coordinates":[[19.290797,50.060471],[19.290888,50.060623],[19.291081,50.060793],[19.291187,50.060891],[19.292837,50.062414],[19.292926,50.062545],[19.292956,50.062643],[19.293066,50.062945],[19.293542,50.064623],[19.293585,50.064729],[19.293636,50.064829],[19.293896,50.065222],[19.294557,50.066306],[19.294625,50.066418],[19.294721,50.066563],[19.294952,50.066911],[19.295169,50.067126],[19.295761,50.067508],[19.296696,50.068078],[19.29681,50.068152],[19.296923,50.068232],[19.297027,50.06832],[19.297164,50.06846],[19.29728,50.06862],[19.29733,50.068704],[19.297483,50.069032],[19.297592,50.069328],[19.297647,50.069466],[19.297767,50.069769],[19.297863,50.069991],[19.297937,50.07013],[19.297976,50.070193],[19.298095,50.070348],[19.298243,50.070486],[19.298459,50.070649],[19.298697,50.070792],[19.299027,50.070948],[19.299349,50.071084],[19.300036,50.071372],[19.300526,50.071559],[19.300772,50.071653],[19.302664,50.072455],[19.304434,50.073242],[19.30528,50.073618],[19.305734,50.07382]]},"properties":{"name":"Władysława Broniewskiego"}},{"type":"Feature","geometry":{"type":"LineString","coordinates":[[19.305734,50.07382],[19.305839,50.07388],[19.306104,50.074107],[19.3085,50.07639],[19.309199,50.077046],[19.309693,50.077472],[19.310136,50.077762],[19.312073,50.078871],[19.313291,50.079557],[19.316807,50.081505],[19.31706,50.081748],[19.317329,50.082077],[19.317548,50.082399],[19.317737,50.082769],[19.317839,50.083003],[19.317928,50.08318],[19.318136,50.083649],[19.318273,50.083902],[19.318687,50.084363],[19.319399,50.0851],[19.319593,50.085503],[19.319792,50.085892],[19.320443,50.087185],[19.32047,50.087278],[19.320446,50.087385]]},"properties":{"name":"Gromiecka"}},{"type":"Feature","geometry":{"type":"LineString","coordinates":[[19.316335,50.103636],[19.316428,50.103539],[19.316459,50.103512],[19.316514,50.10345],[19.316639,50.103353],[19.31674,50.103226],[19.31686,50.103046],[19.316973,50.102821],[19.317005,50.102727],[19.317053,50.102587],[19.317122,50.102422],[19.317248,50.102059],[19.317368,50.101717],[19.317447,50.101549],[19.31756,50.101318],[19.31764,50.101134],[19.317779,50.100899],[19.318028,50.100517],[19.31821,50.100244],[19.318239,50.100219],[19.318276,50.100192],[19.318325,50.100168],[19.318314,50.100046],[19.318373,50.099882],[19.318402,50.099802]]},"properties":{"name":"11 Listopada"}},{"type":"Feature","geometry":{"type":"LineString","coordinates":[[19.329758,50.102718],[19.329532,50.10271],[19.328422,50.102702],[19.32808,50.102717],[19.327894,50.1027],[19.327709,50.102691],[19.32719,50.102643],[19.327034,50.102617],[19.326079,50.102447],[19.325862,50.102405],[19.32567,50.102366],[19.325375,50.102307],[19.324493,50.102137],[19.324042,50.102048],[19.323872,50.102005],[19.323551,50.101913],[19.323236,50.10181],[19.323082,50.101758],[19.322686,50.10159],[19.322212,50.101369],[19.322044,50.101288],[19.321932,50.101229],[19.321327,50.10094],[19.321018,50.100822],[19.320591,50.100693],[19.320398,50.100635],[19.320266,50.100591],[19.319619,50.100409],[19.319061,50.100276],[19.318897,50.100232],[19.318591,50.100153],[19.318514,50.100141],[19.318443,50.100142],[19.318383,50.100151],[19.318325,50.100168]]},"properties":{"name":"11 Listopada"}},{"type":"Feature","geometry":{"type":"LineString","coordinates":[[19.316639,50.103353],[19.316576,50.103492],[19.316548,50.103544],[19.31653,50.103573],[19.316458,50.103668]]},"properties":{"name":"11 Listopada"}},{"type":"Feature","geometry":{"type":"LineString","coordinates":[[19.318402,50.099802],[19.318646,50.099801],[19.31931,50.099846],[19.320061,50.099899],[19.320528,50.099938],[19.321069,50.099968],[19.321563,50.099946],[19.321919,50.099913],[19.322222,50.09988],[19.322333,50.099856],[19.322437,50.099822]]},"properties":{"name":"Przyrodnicza"}},{"type":"Feature","geometry":{"type":"LineString","coordinates":[[19.323108,50.101303],[19.32378,50.100482],[19.32393,50.100344],[19.323957,50.100316]]},"properties":{"name":"Chabrowa"}},{"type":"Feature","geometry":{"type":"LineString","coordinates":[[19.363354,50.121473],[19.363219,50.121379],[19.362688,50.121012],[19.358594,50.118251],[19.357437,50.117468],[19.356137,50.116585],[19.355652,50.116264],[19.355143,50.115927],[19.354887,50.115773],[19.354643,50.115639],[19.354283,50.115467],[19.353916,50.115312],[19.353286,50.115065],[19.352138,50.11463],[19.350994,50.114195],[19.3446,50.111756],[19.344053,50.111541]]},"properties":{"name":"933"}},{"type":"Feature","geometry":{"type":"LineString","coordinates":[[19.363354,50.121473],[19.363625,50.12167],[19.363966,50.121939],[19.36435,50.122262],[19.364705,50.1226],[19.365096,50.123013],[19.365215,50.123143],[19.365468,50.123499],[19.366091,50.124272],[19.366243,50.124459],[19.366305,50.124549],[19.366396,50.124662],[19.366495,50.124771],[19.366622,50.124928],[19.366831,50.125181],[19.366874,50.125235],[19.367092,50.125441]]},"properties":{"name":"Kroczymiech"}},{"type":"Feature","geometry":{"type":"LineString","coordinates":[[19.366493,50.12462],[19.36662,50.124766],[19.366986,50.125238],[19.367024,50.125307],[19.367092,50.125441],[19.367287,50.125676],[19.367374,50.125786],[19.367598,50.126065],[19.367979,50.126552],[19.368285,50.126926],[19.368654,50.127391],[19.368704,50.127451],[19.369077,50.12792],[19.369208,50.128084],[19.369718,50.128717],[19.370217,50.129339],[19.370343,50.129496],[19.370544,50.129723],[19.370584,50.129761],[19.370667,50.129839],[19.370823,50.12996],[19.37099,50.130069],[19.371132,50.130151],[19.371339,50.130248]]},"properties":{"name":"Kroczymiech"}},{"type":"Feature","geometry":{"type":"LineString","coordinates":[[19.371804,50.130354],[19.371741,50.130353],[19.371642,50.130329],[19.371552,50.130301],[19.371428,50.130265],[19.371339,50.130248],[19.371385,50.13029],[19.371518,50.130346],[19.371596,50.13038],[19.371694,50.130425],[19.371739,50.130453]]},"properties":{"name":"Kroczymiech"}},{"type":"Feature","geometry":{"type":"LineString","coordinates":[[19.526642,50.171252],[19.526536,50.171183],[19.526082,50.170858],[19.525598,50.170549],[19.525568,50.170524],[19.525163,50.170288],[19.52475,50.170145],[19.524436,50.170024],[19.523881,50.169812],[19.523554,50.169687],[19.523249,50.169569],[19.523072,50.169494],[19.522018,50.168958],[19.521742,50.168801],[19.521381,50.168608],[19.521059,50.168398],[19.520957,50.16832],[19.520868,50.168244],[19.520765,50.168116],[19.520581,50.167734],[19.520555,50.167686],[19.520398,50.167401],[19.520367,50.167345],[19.519776,50.166635],[19.519711,50.166539],[19.519654,50.166442],[19.519583,50.166296],[19.51953,50.166146],[19.519429,50.165784],[19.519367,50.165561],[19.519349,50.165485],[19.51927,50.165146],[19.519254,50.165079],[19.519198,50.16484],[19.519198,50.164724],[19.519216,50.16461],[19.519263,50.164468],[19.519338,50.164327],[19.519475,50.164102],[19.519502,50.164059],[19.519582,50.163772],[19.519594,50.163479],[19.519633,50.163264],[19.519653,50.163022],[19.519705,50.162671],[19.51974,50.162568],[19.519841,50.162403],[19.519882,50.162335],[19.520114,50.161956],[19.520282,50.161734],[19.520331,50.161587],[19.520309,50.161458],[19.520206,50.161283],[19.51995,50.160928],[19.51988,50.160822],[19.519817,50.160679],[19.519799,50.160563],[19.519806,50.160508],[19.519823,50.160455],[19.51988,50.160357],[19.519996,50.160216],[19.520015,50.160192],[19.52016,50.160027],[19.520185,50.159996],[19.520305,50.159846],[19.520469,50.159608],[19.520526,50.159465],[19.520533,50.159414],[19.520552,50.159276],[19.520538,50.159166],[19.520529,50.159045],[19.52055,50.158775],[19.520615,50.158403],[19.520691,50.157985],[19.520697,50.157829],[19.520639,50.157506],[19.520589,50.157237],[19.520569,50.157016],[19.520598,50.156768],[19.52065,50.156438],[19.520661,50.156382],[19.520674,50.156307],[19.520748,50.155904],[19.520751,50.155886],[19.520851,50.155606],[19.521021,50.155137],[19.521338,50.154379],[19.521427,50.154047],[19.52148,50.153692],[19.521513,50.15316],[19.521559,50.152769],[19.521597,50.152417],[19.521658,50.152016],[19.521673,50.151895],[19.521689,50.151777],[19.521738,50.151407],[19.521796,50.150978]]},"properties":{"name":"Władysława Łokietka"}},{"type":"Feature","geometry":{"type":"LineString","coordinates":[[19.521796,50.150978],[19.521824,50.150761],[19.521822,50.150515],[19.521819,50.150045],[19.521811,50.149939],[19.521817,50.149818],[19.521815,50.149529],[19.521813,50.149261],[19.52181,50.148913],[19.521808,50.148704],[19.521807,50.148481],[19.521805,50.148292],[19.521803,50.148064],[19.521801,50.147732],[19.521799,50.147535],[19.521796,50.147108],[19.521795,50.146997],[19.521793,50.1467],[19.521786,50.145878],[19.52178,50.14513],[19.521779,50.144915],[19.521778,50.144792],[19.521777,50.144733],[19.521776,50.144518],[19.521774,50.14429],[19.521772,50.144066],[19.521769,50.143688],[19.521766,50.14335],[19.521763,50.142973],[19.52176,50.142536],[19.521759,50.142439]]},"properties":{"name":"Ignacego Jana Paderewskiego"}},{"type":"Feature","geometry":{"type":"LineString","coordinates":[[19.480084,50.156026],[19.480126,50.156171],[19.480131,50.156183],[19.4802,50.156347]]},"properties":{"name":"Młoszowska"}},{"type":"Feature","geometry":{"type":"LineString","coordinates":[[19.472866,50.15854],[19.472912,50.158585],[19.472937,50.158637],[19.47295,50.158672],[19.473034,50.158898]]},"properties":{"name":"Młoszowska"}},{"type":"Feature","geometry":{"type":"LineString","coordinates":[[19.473038,50.158501],[19.473022,50.158559],[19.473019,50.158623],[19.473034,50.158898],[19.473075,50.159042],[19.473107,50.159157],[19.473169,50.159404],[19.473202,50.159571],[19.473222,50.159696],[19.473271,50.160035],[19.473296,50.160234],[19.473318,50.160341],[19.47334,50.160428],[19.47339,50.16056],[19.473455,50.160684],[19.473606,50.160898],[19.473691,50.160998],[19.473777,50.161091],[19.473956,50.161246],[19.474144,50.161394],[19.474392,50.161562],[19.474657,50.161724],[19.474772,50.161791],[19.474883,50.161842],[19.474994,50.161878],[19.475564,50.162027],[19.475729,50.162068],[19.475799,50.162085],[19.47686,50.162351],[19.476949,50.162366],[19.477029,50.162371],[19.477107,50.162365],[19.4772,50.162348],[19.47729,50.162318],[19.47737,50.162275],[19.477432,50.162226],[19.477484,50.162173],[19.477565,50.162087],[19.477616,50.162047],[19.477668,50.162009],[19.47774,50.161966],[19.477826,50.161918],[19.47862,50.16156],[19.479027,50.161379],[19.480055,50.160921],[19.480403,50.160766],[19.481297,50.160365],[19.481424,50.160298],[19.482088,50.159939],[19.48214,50.159902],[19.482175,50.159856],[19.482193,50.159803],[19.482187,50.159765],[19.482174,50.159728],[19.482146,50.159677],[19.482077,50.159554],[19.481989,50.159396],[19.481845,50.159138],[19.481641,50.158773],[19.481493,50.15851],[19.481438,50.158418],[19.481229,50.158067],[19.480877,50.157451],[19.480726,50.157199],[19.480673,50.157107],[19.480539,50.156914],[19.480364,50.156622],[19.4802,50.156347],[19.480123,50.156282],[19.48005,50.156221],[19.48004,50.156213],[19.479856,50.156134]]},"properties":{"name":"Młoszowska"}},{"type":"Feature","geometry":{"type":"LineString","coordinates":[[19.294553,50.066439],[19.294625,50.066418]]},"properties":{"name":"Stefana Czarnieckiego"}},{"type":"Feature","geometry":{"type":"LineString","coordinates":[[19.497887,50.165502],[19.497898,50.165419],[19.49793,50.165236]]},"properties":{"name":"Bożniowa"}},{"type":"Feature","geometry":{"type":"LineString","coordinates":[[19.306221,50.089255],[19.306179,50.089188],[19.305673,50.088551],[19.305479,50.088313],[19.305249,50.088027],[19.304873,50.087537],[19.304555,50.087164],[19.304209,50.086833],[19.303887,50.086543],[19.303528,50.086224],[19.303328,50.086037],[19.302734,50.085512],[19.302468,50.085213],[19.302295,50.084986],[19.302095,50.084667],[19.301885,50.084327],[19.301776,50.084134],[19.30162,50.083908],[19.301325,50.083422],[19.301267,50.083345],[19.301049,50.08299],[19.30099,50.08289],[19.300797,50.082586],[19.300576,50.082283],[19.300543,50.082241],[19.300449,50.082122],[19.300276,50.08191],[19.300173,50.081794],[19.300035,50.081703],[19.299895,50.081627],[19.299672,50.081561],[19.299008,50.081424],[19.29883,50.081388],[19.298534,50.081327],[19.298186,50.08126],[19.297979,50.081226]]},"properties":{"name":"Jarosława Dąbrowskiego"}},{"type":"Feature","geometry":{"type":"LineString","coordinates":[[19.297748,50.081242],[19.297628,50.081289],[19.297524,50.081338],[19.297212,50.08154],[19.29682,50.081784],[19.296607,50.081915],[19.296416,50.082013],[19.296294,50.082219],[19.295801,50.083052],[19.295157,50.084002],[19.294985,50.084126],[19.294274,50.084439],[19.293411,50.084814],[19.292721,50.085127],[19.292202,50.085341],[19.291936,50.085419],[19.291689,50.085471],[19.29088,50.085614],[19.290207,50.085792],[19.290093,50.08583],[19.289641,50.085983],[19.288932,50.08623],[19.288887,50.086246],[19.288834,50.086264]]},"properties":{"name":"Ludwika Waryńskiego"}},{"type":"Feature","geometry":{"type":"LineString","coordinates":[[19.47818,50.187099],[19.478136,50.187128],[19.477769,50.187307],[19.476805,50.187836],[19.476404,50.188074],[19.47604,50.188326],[19.47543,50.188762],[19.475155,50.189009],[19.474893,50.189244]]},"properties":{"name":"Ludwika Waryńskiego"}},{"type":"Feature","geometry":{"type":"LineString","coordinates":[[19.526642,50.171252],[19.526597,50.171272],[19.526542,50.171284],[19.526479,50.17129],[19.526329,50.171283],[19.525954,50.171232],[19.525669,50.171168],[19.525535,50.171153],[19.525372,50.17118],[19.525241,50.171221],[19.524961,50.171313],[19.524801,50.171364],[19.52468,50.171383],[19.524437,50.171383],[19.524197,50.171401],[19.523846,50.171444],[19.523479,50.171481],[19.523232,50.171503],[19.522805,50.171524],[19.522332,50.171535],[19.521784,50.171547],[19.521175,50.17158],[19.520869,50.171603],[19.520437,50.171647],[19.520346,50.17166],[19.520133,50.171691],[19.519925,50.171729],[19.519742,50.171779],[19.519602,50.171842],[19.519502,50.171913],[19.519137,50.172271],[19.518987,50.17238],[19.518812,50.172494],[19.518624,50.172624],[19.518501,50.172708],[19.51823,50.17291],[19.518068,50.173022],[19.517816,50.173197],[19.517625,50.173315],[19.517467,50.173396],[19.517208,50.173508],[19.516983,50.173602],[19.516729,50.173698],[19.516475,50.17378],[19.51607,50.173875],[19.51559,50.17399],[19.515383,50.174061],[19.514988,50.17421],[19.514697,50.17433],[19.513974,50.17462],[19.513455,50.174823],[19.513081,50.174971],[19.512641,50.175141],[19.510864,50.175877],[19.510765,50.175916],[19.509577,50.176433],[19.507702,50.177215],[19.506293,50.177765],[19.505271,50.17815],[19.504839,50.178331],[19.504403,50.178528],[19.504043,50.178684],[19.502942,50.179166],[19.502575,50.17931],[19.502215,50.179474],[19.501767,50.179689]]},"properties":{"name":"Ostra Góra"}},{"type":"Feature","geometry":{"type":"LineString","coordinates":[[19.501767,50.179689],[19.501118,50.179989],[19.500915,50.180082],[19.500468,50.180262],[19.500313,50.180318],[19.49958,50.180532],[19.499175,50.18069],[19.498577,50.180955],[19.496825,50.181744],[19.496585,50.18183],[19.496321,50.181917],[19.496117,50.181966],[19.495832,50.18202],[19.495448,50.182083],[19.495102,50.182138],[19.494754,50.182205],[19.494593,50.182256],[19.494498,50.182317],[19.494425,50.182423],[19.494395,50.182588],[19.494434,50.183581],[19.494428,50.183939]]},"properties":{"name":"Parku Jurajskiego"}},{"type":"Feature","geometry":{"type":"LineString","coordinates":[[19.47957,50.184342],[19.479712,50.184415],[19.479787,50.184447],[19.479878,50.184486],[19.48011,50.184563],[19.4804,50.184645],[19.480588,50.184684],[19.480957,50.184743],[19.481841,50.184877],[19.482283,50.184946],[19.482699,50.184991],[19.482892,50.185009],[19.483546,50.185047],[19.484177,50.185077],[19.484719,50.185083],[19.484917,50.185084],[19.485226,50.185064],[19.485358,50.18505],[19.48683,50.184878],[19.487808,50.184745],[19.489595,50.184482],[19.493125,50.184044],[19.493561,50.18399],[19.493867,50.183961],[19.494225,50.183942],[19.494428,50.183939],[19.495192,50.183965],[19.495538,50.183973],[19.495914,50.183998]]},"properties":{"name":"Olkuska"}},{"type":"Feature","geometry":{"type":"LineString","coordinates":[[19.436514,50.075992],[19.436696,50.076702],[19.436901,50.077587],[19.436971,50.077761],[19.437048,50.077912],[19.437176,50.078071],[19.4373,50.078164],[19.437688,50.078439],[19.437768,50.078496],[19.437804,50.078527],[19.438404,50.078962],[19.438605,50.079144],[19.438699,50.079251],[19.438923,50.079509],[19.439201,50.079888],[19.439282,50.079995],[19.439874,50.080773],[19.440151,50.081138],[19.440317,50.081341],[19.44033,50.081358],[19.440524,50.081598],[19.440667,50.081737],[19.440713,50.081772],[19.440845,50.081872],[19.440999,50.081966],[19.441122,50.082033],[19.441292,50.082113],[19.441486,50.082183],[19.441727,50.082262],[19.441778,50.082276],[19.441934,50.082312],[19.442084,50.082338],[19.442245,50.082359],[19.442376,50.082371],[19.442543,50.082384],[19.442666,50.082387],[19.442758,50.082384],[19.442854,50.082383],[19.443248,50.082356],[19.44368,50.082307],[19.443894,50.082278],[19.444109,50.082259],[19.444458,50.082251],[19.444669,50.082256],[19.444724,50.082255],[19.444999,50.08226],[19.445534,50.082269],[19.446313,50.082274],[19.44701,50.082287],[19.447465,50.082295],[19.44776,50.082309],[19.44799,50.082332],[19.448313,50.082384],[19.448541,50.082435],[19.449173,50.082632],[19.449579,50.082721],[19.45011,50.082824],[19.450366,50.08289],[19.450607,50.08297],[19.450648,50.082987],[19.451136,50.083191],[19.451392,50.083298],[19.451407,50.083304],[19.451961,50.083541],[19.452087,50.083602],[19.452112,50.083614],[19.452196,50.083659],[19.452903,50.084166]]},"properties":{"name":"Lipowiecka"}},{"type":"Feature","geometry":{"type":"LineString","coordinates":[[19.453466,50.084557],[19.454322,50.08516],[19.454452,50.085241],[19.45483,50.085505],[19.454884,50.085543],[19.455242,50.085792],[19.455409,50.085908],[19.455971,50.086292],[19.45613,50.086396],[19.456289,50.086517],[19.456462,50.086672],[19.456591,50.086863],[19.457093,50.087645],[19.457517,50.088309],[19.457825,50.08882],[19.457926,50.089013],[19.457962,50.089132],[19.457988,50.08926],[19.457996,50.089407],[19.457963,50.089653],[19.457955,50.089966],[19.457968,50.090138],[19.457996,50.09026],[19.458033,50.090371],[19.458175,50.090649],[19.45827,50.090885],[19.458594,50.091815],[19.458643,50.091972],[19.458727,50.092174],[19.458847,50.092387],[19.458991,50.092595],[19.459143,50.092777],[19.45933,50.092956],[19.45947,50.093057],[19.459611,50.093135],[19.459699,50.093171],[19.459929,50.093251],[19.460229,50.093327],[19.460436,50.093378],[19.46055,50.093398],[19.460792,50.093449],[19.461044,50.093502],[19.461212,50.093546],[19.461327,50.093582],[19.461411,50.093617],[19.46148,50.093656],[19.46154,50.093692],[19.461615,50.093784],[19.461679,50.093906],[19.461705,50.09401],[19.461702,50.094129],[19.461639,50.094945],[19.461616,50.095363],[19.461598,50.095552],[19.461594,50.095594],[19.461562,50.095814],[19.46155,50.095985],[19.461572,50.096068],[19.461609,50.096126],[19.461748,50.096249],[19.462065,50.096414],[19.462325,50.09654],[19.462596,50.096676],[19.462715,50.096739],[19.462828,50.09683],[19.462922,50.096957],[19.463034,50.097165],[19.463045,50.097187],[19.463146,50.097358],[19.463166,50.097391],[19.463194,50.097464],[19.463284,50.09763],[19.463407,50.0978],[19.463527,50.097937],[19.463827,50.098235],[19.463925,50.098385],[19.46398,50.098469],[19.464006,50.098512],[19.464119,50.098713],[19.464167,50.098795],[19.464178,50.098814],[19.464215,50.098877],[19.464237,50.098922],[19.464251,50.098954],[19.464261,50.098989]]},"properties":{"name":"Lipowiecka"}},{"type":"Feature","geometry":{"type":"LineString","coordinates":[[19.440667,50.081737],[19.440771,50.081662]]},"properties":{"name":"Bukowa"}},{"type":"Feature","geometry":{"type":"LineString","coordinates":[[19.452903,50.084166],[19.45316,50.084341],[19.453466,50.084557]]},"properties":{"name":"781"}},{"type":"Feature","geometry":{"type":"LineString","coordinates":[[19.440013,50.117439],[19.438621,50.118495],[19.437971,50.119],[19.437412,50.119478],[19.436808,50.12002],[19.43638,50.12046],[19.43565,50.121622],[19.435201,50.12226],[19.434783,50.122911],[19.434441,50.123406]]},"properties":{"name":"781"}},{"type":"Feature","geometry":{"type":"LineString","coordinates":[[19.464261,50.098989],[19.464232,50.099015],[19.464178,50.099044],[19.463992,50.099123],[19.463756,50.09924],[19.46374,50.099248],[19.463135,50.099555],[19.462621,50.09977],[19.462492,50.099814],[19.461931,50.099989],[19.461373,50.100132],[19.461215,50.100171],[19.460331,50.100393],[19.459835,50.100531],[19.45905,50.10081],[19.458741,50.100924],[19.458102,50.101158],[19.457119,50.101518],[19.456133,50.101876],[19.455816,50.101988],[19.455156,50.102217],[19.454153,50.102549],[19.453141,50.102841],[19.451871,50.103209],[19.450973,50.103465],[19.4508,50.103514],[19.450176,50.10368],[19.449267,50.103944],[19.447566,50.104428],[19.446015,50.104853],[19.445816,50.104918],[19.445708,50.104989],[19.445589,50.105078],[19.44546,50.105275],[19.445207,50.105921],[19.444965,50.106568],[19.444838,50.106895],[19.444828,50.10692],[19.444708,50.107237],[19.444659,50.107369],[19.444649,50.107394],[19.44462,50.107473],[19.444237,50.108496],[19.444126,50.108763],[19.443957,50.109206],[19.443855,50.109482],[19.443817,50.109585],[19.443682,50.10993],[19.443246,50.111128],[19.442844,50.112205],[19.44271,50.112578],[19.442664,50.112701],[19.44264,50.112769],[19.442389,50.113422]]},"properties":{"name":"Jana III Sobieskiego"}},{"type":"Feature","geometry":{"type":"LineString","coordinates":[[19.442389,50.113422],[19.442335,50.113575],[19.442291,50.113729],[19.442285,50.113746],[19.442276,50.11377],[19.442195,50.113969],[19.441588,50.115554],[19.441586,50.115559],[19.441585,50.115563],[19.441491,50.115818],[19.441393,50.116028],[19.440882,50.116567],[19.440714,50.116745],[19.440376,50.117102],[19.44022,50.117258],[19.44015,50.117319],[19.440013,50.117439]]},"properties":{"name":"Szpitalna"}},{"type":"Feature","geometry":{"type":"LineString","coordinates":[[19.434441,50.123406],[19.434357,50.123484],[19.434318,50.12352],[19.433993,50.123803],[19.433841,50.123936],[19.433603,50.124144],[19.43337,50.124351],[19.433099,50.124586],[19.432257,50.125331],[19.432081,50.125486],[19.43187,50.125671],[19.431841,50.125696],[19.43144,50.126079],[19.431223,50.126299],[19.430671,50.126859],[19.430327,50.127207],[19.430131,50.127415],[19.430009,50.127536],[19.429891,50.127659],[19.429794,50.127761],[19.429564,50.127997],[19.429162,50.128409],[19.429094,50.128475],[19.428954,50.128608],[19.428847,50.128716],[19.428723,50.128836],[19.428594,50.128944]]},"properties":{"name":"Szpitalna"}},{"type":"Feature","geometry":{"type":"LineString","coordinates":[[19.4284,50.129194],[19.428413,50.129173],[19.428442,50.129124],[19.428465,50.129097],[19.428594,50.128944],[19.428454,50.129021],[19.428399,50.129058],[19.428312,50.129127]]},"properties":{"name":"Szpitalna"}},{"type":"Feature","geometry":{"type":"LineString","coordinates":[[19.422671,50.135868],[19.42271,50.135792],[19.42272,50.135774],[19.422763,50.135709],[19.422828,50.135636],[19.422891,50.135546],[19.422997,50.135415],[19.42317,50.135187],[19.423357,50.134971],[19.423503,50.134785],[19.423542,50.134739],[19.423802,50.134432],[19.423904,50.134314],[19.42428,50.13386],[19.424461,50.133638],[19.424752,50.13328],[19.42493,50.133058],[19.425123,50.132812],[19.425521,50.132304],[19.425582,50.132229],[19.425699,50.132074],[19.425824,50.131902],[19.425899,50.131782],[19.426033,50.131498],[19.426158,50.131217],[19.426252,50.131032],[19.426301,50.130942],[19.426356,50.130854],[19.426454,50.130717],[19.426535,50.13063],[19.42666,50.130514],[19.426817,50.130377],[19.426951,50.130268],[19.427102,50.130147],[19.42739,50.129916],[19.427602,50.129742],[19.427862,50.129534],[19.42792,50.129434],[19.427963,50.129396],[19.428028,50.129331],[19.428048,50.129296]]},"properties":{"name":"Szpitalna"}},{"type":"Feature","geometry":{"type":"LineString","coordinates":[[19.422828,50.135636],[19.422807,50.13579],[19.422803,50.135814],[19.4228,50.135849],[19.422809,50.135886]]},"properties":{"name":"Szpitalna"}},{"type":"Feature","geometry":{"type":"LineString","coordinates":[[19.422636,50.13611],[19.422557,50.136139],[19.422511,50.13617],[19.422324,50.136264]]},"properties":{"name":"Szpitalna"}},{"type":"Feature","geometry":{"type":"LineString","coordinates":[[19.411663,50.141585],[19.411871,50.141508],[19.412129,50.141417],[19.412596,50.141252],[19.412859,50.141165],[19.41309,50.141088],[19.413386,50.140985],[19.414203,50.140706],[19.414413,50.140636],[19.414943,50.140456],[19.415309,50.140319],[19.41569,50.140177],[19.415803,50.140126],[19.416022,50.140027],[19.416211,50.139937],[19.416375,50.139859],[19.416576,50.139761],[19.416682,50.139701],[19.416762,50.13965],[19.417162,50.139415],[19.417307,50.139335],[19.41745,50.139251],[19.417528,50.139207],[19.417648,50.139138],[19.417976,50.138948],[19.418046,50.138911],[19.418424,50.138708],[19.418625,50.1386],[19.4188,50.138509],[19.419435,50.138171],[19.419559,50.138105],[19.420199,50.137769],[19.420512,50.137604],[19.42075,50.137478],[19.421387,50.137152],[19.421455,50.137117],[19.421498,50.137091],[19.421566,50.137052],[19.421638,50.136999],[19.421697,50.136947],[19.421798,50.136838],[19.421891,50.136726],[19.422005,50.136579],[19.422079,50.136494],[19.422171,50.1364],[19.422261,50.136316],[19.422324,50.136264],[19.422387,50.13618],[19.422446,50.136131],[19.42247,50.136103],[19.422529,50.136051]]},"properties":{"name":"Szpitalna"}},{"type":"Feature","geometry":{"type":"LineString","coordinates":[[19.428157,50.129364],[19.428113,50.129381],[19.428038,50.129432],[19.428013,50.129448],[19.427862,50.129534]]},"properties":{"name":"Szpitalna"}},{"type":"Feature","geometry":{"type":"LineString","coordinates":[[19.427695,50.12898],[19.427653,50.128957],[19.427175,50.128654],[19.426949,50.128523],[19.426776,50.128426],[19.426341,50.128169],[19.426096,50.128025],[19.425843,50.127874],[19.425406,50.127634],[19.425326,50.12759],[19.424935,50.127366],[19.424774,50.127272]]},"properties":{"name":"Ireny Sendlerowej"}},{"type":"Feature","geometry":{"type":"LineString","coordinates":[[19.424774,50.127272],[19.424745,50.127293],[19.424714,50.127315],[19.424672,50.12734],[19.424636,50.127395],[19.424614,50.127463],[19.424539,50.127773],[19.424492,50.127931],[19.424549,50.128217],[19.424553,50.128271],[19.424507,50.128447],[19.424474,50.128541],[19.424283,50.129083],[19.424268,50.129166],[19.424263,50.129253],[19.424275,50.129503],[19.424245,50.129955],[19.424245,50.130055],[19.424254,50.130195],[19.424272,50.130481],[19.42427,50.130607],[19.424242,50.130694],[19.424126,50.130836],[19.423973,50.130982],[19.423929,50.131048],[19.423855,50.131159],[19.423764,50.131593],[19.423757,50.131673],[19.423745,50.131799],[19.423695,50.131961]]},"properties":{"name":"Kasztanowa"}},{"type":"Feature","geometry":{"type":"LineString","coordinates":[[19.42179,50.135027],[19.421797,50.135095],[19.421787,50.135134],[19.421667,50.135302],[19.421536,50.135472],[19.421435,50.135643],[19.421388,50.135724],[19.421373,50.135791],[19.421365,50.135849]]},"properties":{"name":"Kasztanowa"}},{"type":"Feature","geometry":{"type":"LineString","coordinates":[[19.502284,50.195163],[19.502474,50.195291],[19.50339,50.195995],[19.504046,50.196489],[19.504778,50.19704],[19.505405,50.197537],[19.505502,50.197607],[19.506016,50.197989],[19.506335,50.198228],[19.507286,50.198945],[19.50786,50.19939],[19.509669,50.200756],[19.510206,50.201136],[19.510326,50.201259]]},"properties":{"name":"Kasztanowa"}},{"type":"Feature","geometry":{"type":"LineString","coordinates":[[19.423764,50.131593],[19.423996,50.131611],[19.424112,50.131625],[19.424255,50.131636],[19.424265,50.131637],[19.424371,50.13165],[19.424473,50.131668],[19.424802,50.131726],[19.424835,50.131732],[19.424941,50.13175],[19.425507,50.131848],[19.425824,50.131902]]},"properties":{"name":"Krótka"}},{"type":"Feature","geometry":{"type":"LineString","coordinates":[[19.423695,50.131961],[19.423659,50.131992],[19.423581,50.132046],[19.423395,50.132172],[19.423059,50.132308],[19.422788,50.132385],[19.422512,50.132457],[19.422352,50.132476],[19.422206,50.13248],[19.421521,50.132479],[19.42114,50.132491],[19.420406,50.132453],[19.419725,50.132384],[19.418713,50.132301],[19.418537,50.132296],[19.418356,50.132292],[19.4178,50.132312]]},"properties":{"name":"Krótka"}},{"type":"Feature","geometry":{"type":"LineString","coordinates":[[19.422885,50.135946],[19.422979,50.135979],[19.423052,50.135998],[19.423142,50.136018],[19.423352,50.136077]]},"properties":{"name":"Topolowa"}},{"type":"Feature","geometry":{"type":"LineString","coordinates":[[19.42285,50.136076],[19.422872,50.136063],[19.42296,50.136052],[19.423032,50.136056],[19.423122,50.136063],[19.423352,50.136077],[19.423475,50.1361],[19.423621,50.136136],[19.423793,50.136186],[19.423943,50.136234],[19.424158,50.13632],[19.424327,50.136402],[19.424817,50.13664],[19.425191,50.136835],[19.425331,50.136908],[19.42593,50.137218]]},"properties":{"name":"Topolowa"}},{"type":"Feature","geometry":{"type":"LineString","coordinates":[[19.427809,50.138161],[19.427769,50.138113],[19.427705,50.138071],[19.427656,50.138038],[19.427536,50.137956]]},"properties":{"name":"Topolowa"}},{"type":"Feature","geometry":{"type":"LineString","coordinates":[[19.427918,50.138063],[19.42783,50.138045],[19.427748,50.138019],[19.427536,50.137956],[19.427419,50.137901],[19.427322,50.137857],[19.42717,50.137784],[19.427041,50.137724],[19.426943,50.137677],[19.426804,50.13761],[19.426674,50.137547],[19.426619,50.137526]]},"properties":{"name":"Topolowa"}},{"type":"Feature","geometry":{"type":"LineString","coordinates":[[19.428165,50.138155],[19.428322,50.138216],[19.428576,50.138285]]},"properties":{"name":"Topolowa"}},{"type":"Feature","geometry":{"type":"LineString","coordinates":[[19.447047,50.133571],[19.446813,50.13367],[19.446727,50.133707],[19.446479,50.133835],[19.446193,50.13399],[19.446133,50.134025],[19.446003,50.1341],[19.445427,50.134439],[19.4451,50.134643],[19.444892,50.134751],[19.444734,50.134827],[19.444647,50.134865],[19.444198,50.135028],[19.443938,50.135113],[19.443715,50.135186],[19.443694,50.135193],[19.443596,50.135225],[19.443523,50.135249],[19.443324,50.135314],[19.443126,50.135379],[19.442914,50.135447],[19.441137,50.13602],[19.440728,50.136174],[19.440475,50.136282],[19.439047,50.136879],[19.438905,50.13694],[19.438688,50.137021],[19.438554,50.137061],[19.438421,50.13709],[19.43822,50.137128],[19.438179,50.137133],[19.438112,50.137142],[19.437891,50.137177],[19.437566,50.137216],[19.43729,50.137253],[19.437017,50.137292],[19.436774,50.137336],[19.43636,50.137429],[19.434844,50.137805],[19.434546,50.137876],[19.43438,50.137916],[19.434119,50.137977],[19.433931,50.138013],[19.433708,50.138045],[19.433369,50.138084],[19.433146,50.138104],[19.432918,50.138119],[19.43261,50.138137],[19.432468,50.13815],[19.432123,50.138184],[19.431938,50.138205],[19.431888,50.138211],[19.431663,50.138232],[19.430962,50.138276],[19.430423,50.138288],[19.429044,50.138303],[19.428781,50.138299],[19.428602,50.138288],[19.428576,50.138285],[19.428214,50.13826],[19.428106,50.138255]]},"properties":{"name":"Topolowa"}},{"type":"Feature","geometry":{"type":"LineString","coordinates":[[19.42593,50.137218],[19.426065,50.137242],[19.426147,50.137263],[19.42636,50.137373],[19.426377,50.137383],[19.426619,50.137526],[19.426321,50.137431],[19.426075,50.137328],[19.425997,50.137288],[19.42593,50.137218]]},"properties":{"name":"Topolowa"}},{"type":"Feature","geometry":{"type":"LineString","coordinates":[[19.461215,50.100171],[19.461138,50.100088],[19.46099,50.099927],[19.460935,50.099882],[19.460605,50.099614],[19.460316,50.099374],[19.460065,50.0992],[19.459796,50.099047],[19.459458,50.098909],[19.459127,50.098832],[19.458839,50.098765],[19.458546,50.098688],[19.457282,50.098308],[19.457231,50.098293],[19.456995,50.098237],[19.456771,50.098184],[19.456587,50.098158],[19.455813,50.098049],[19.455479,50.097976],[19.45494,50.097845],[19.45463,50.097785],[19.454368,50.097773],[19.453858,50.097748],[19.452641,50.097696],[19.452393,50.097685],[19.451371,50.097638],[19.45106,50.097632],[19.450792,50.097648],[19.450527,50.097676],[19.450244,50.097747],[19.449631,50.097934],[19.44931,50.098011],[19.448892,50.098072],[19.447093,50.098264],[19.446987,50.098275],[19.44556,50.098429],[19.445033,50.098503],[19.444428,50.098618],[19.444305,50.098648],[19.443282,50.098894],[19.44317,50.098919],[19.44295,50.098965],[19.442643,50.099021],[19.442326,50.099029],[19.442022,50.099023],[19.439559,50.098924],[19.4391,50.098905],[19.438643,50.098873],[19.438304,50.098813]]},"properties":{"name":"Hetmańska"}},{"type":"Feature","geometry":{"type":"LineString","coordinates":[[19.438304,50.098813],[19.438123,50.098762],[19.43791,50.098667],[19.43766,50.09852],[19.436537,50.097727],[19.436388,50.097626],[19.436211,50.097526],[19.436016,50.097456],[19.435809,50.097408],[19.435629,50.097381],[19.435448,50.097371],[19.435223,50.09738],[19.434992,50.09741],[19.434232,50.097538],[19.432697,50.097802],[19.431587,50.097995],[19.431427,50.09802],[19.431268,50.098048],[19.429352,50.09837],[19.427984,50.098602],[19.427826,50.098631],[19.4276,50.098679],[19.427241,50.098759],[19.426862,50.098861],[19.426823,50.098872],[19.426531,50.098967],[19.426313,50.099039],[19.426245,50.099061],[19.426191,50.099082],[19.425995,50.099159],[19.425808,50.099231],[19.425497,50.099358],[19.425169,50.09949],[19.424707,50.099635],[19.42448,50.099733],[19.424255,50.099868],[19.424202,50.099909],[19.42407,50.10006],[19.423954,50.100305],[19.423839,50.100603],[19.423732,50.100744],[19.423602,50.100878],[19.423517,50.101005],[19.423477,50.10117],[19.42341,50.101449],[19.423345,50.101553],[19.423227,50.101655],[19.423166,50.101679],[19.423085,50.101701],[19.422231,50.101711],[19.421758,50.101765],[19.421597,50.101789],[19.421456,50.101809],[19.421166,50.101845],[19.420697,50.101914],[19.420102,50.102019],[19.419474,50.102152],[19.418208,50.102444],[19.417871,50.102551],[19.416928,50.102947],[19.4166,50.10313],[19.41603,50.103537],[19.415914,50.103685],[19.415862,50.103763],[19.415821,50.103861],[19.41574,50.104256],[19.415686,50.104677],[19.415708,50.104852],[19.415741,50.104973],[19.415808,50.105168],[19.415915,50.105488],[19.415964,50.105642],[19.415986,50.105779],[19.415985,50.105948],[19.415971,50.106073],[19.415916,50.106279],[19.415856,50.10646],[19.41585,50.106478],[19.415614,50.107151],[19.415299,50.108011],[19.414822,50.10939],[19.414711,50.109711],[19.413944,50.111844],[19.413913,50.111935],[19.413685,50.112575],[19.41351,50.113066],[19.413476,50.113174],[19.413468,50.113203],[19.413418,50.113342],[19.413178,50.113999],[19.412777,50.115106]]},"properties":{"name":"Karola Szymanowskiego"}},{"type":"Feature","geometry":{"type":"LineString","coordinates":[[19.412777,50.115106],[19.412761,50.115162],[19.412723,50.115312],[19.412662,50.115539],[19.41261,50.115784],[19.412585,50.115998],[19.412582,50.116204],[19.412582,50.116246],[19.412587,50.116382],[19.412588,50.116411],[19.412595,50.116699],[19.4126,50.117034],[19.412601,50.117216],[19.412598,50.117434],[19.412549,50.11758],[19.41248,50.11772],[19.412433,50.117806],[19.412317,50.118019],[19.412195,50.118243],[19.41212,50.118382],[19.411987,50.118627],[19.411681,50.119188],[19.411562,50.119406],[19.411244,50.120012],[19.410608,50.121742],[19.410601,50.121761],[19.410568,50.121851],[19.410483,50.122082],[19.410447,50.122179],[19.41044,50.1222],[19.410411,50.122279],[19.41029,50.12269],[19.410264,50.122891],[19.410252,50.122981],[19.410247,50.123053],[19.410244,50.123089],[19.410251,50.123238],[19.410278,50.123427],[19.41031,50.123659],[19.410327,50.123766],[19.410344,50.123877],[19.410407,50.124359],[19.410478,50.124849],[19.41051,50.125013],[19.410516,50.12512],[19.410548,50.125358],[19.41057,50.125527],[19.410635,50.125946],[19.410654,50.126102],[19.410705,50.126448],[19.41075,50.126748],[19.410773,50.126986],[19.410783,50.127055]]},"properties":{"name":"Pogorska"}},{"type":"Feature","geometry":{"type":"LineString","coordinates":[[19.410728,50.127328],[19.410767,50.127282],[19.410783,50.127232],[19.410794,50.127183],[19.410783,50.127055],[19.410716,50.127165],[19.410693,50.127203],[19.410666,50.127236],[19.410632,50.127288]]},"properties":{"name":"Pogorska"}},{"type":"Feature","geometry":{"type":"LineString","coordinates":[[19.41064,50.127493],[19.410582,50.127567],[19.410481,50.127654]]},"properties":{"name":"Pogorska"}},{"type":"Feature","geometry":{"type":"LineString","coordinates":[[19.408292,50.136343],[19.40833,50.136297],[19.408382,50.136234],[19.40849,50.136104],[19.408707,50.135843],[19.408738,50.135802],[19.408788,50.135739],[19.408842,50.135671],[19.408935,50.135553],[19.408975,50.135485],[19.409035,50.135367],[19.409062,50.135269],[19.409076,50.135176],[19.409073,50.135102],[19.409076,50.134969],[19.409041,50.134805],[19.408983,50.134615],[19.408974,50.134574],[19.408948,50.134464],[19.408878,50.134212],[19.40869,50.133558],[19.408654,50.133407],[19.408437,50.132445],[19.408405,50.132292],[19.408237,50.131548],[19.408234,50.131526],[19.40819,50.13124],[19.408178,50.131091],[19.408185,50.131002],[19.40825,50.13076],[19.408338,50.130617],[19.408667,50.130238],[19.408738,50.13016],[19.40883,50.130054],[19.40921,50.129622],[19.409433,50.129379],[19.409476,50.129326],[19.40954,50.129238],[19.409588,50.129157],[19.409665,50.128996],[19.409746,50.128822],[19.409822,50.128664],[19.40985,50.128614],[19.409939,50.128433],[19.410023,50.128299],[19.410229,50.128004],[19.410338,50.127871],[19.410458,50.127688],[19.410481,50.127654],[19.410494,50.127547],[19.410508,50.127481]]},"properties":{"name":"Pogorska"}},{"type":"Feature","geometry":{"type":"LineString","coordinates":[[19.408168,50.136495],[19.407785,50.13692],[19.407705,50.136996],[19.407573,50.137104],[19.4075,50.13716],[19.407228,50.137362],[19.406935,50.137614],[19.406895,50.137652],[19.406876,50.137712],[19.406865,50.137773],[19.406807,50.138181],[19.406788,50.138272],[19.406707,50.138414]]},"properties":{"name":"Kadłubek"}},{"type":"Feature","geometry":{"type":"LineString","coordinates":[[19.399547,50.136735],[19.399482,50.136601],[19.399445,50.136531],[19.399396,50.136452],[19.399084,50.135849],[19.399025,50.135738],[19.398459,50.134679],[19.398396,50.134519]]},"properties":{"name":"Aleja Henryka"}},{"type":"Feature","geometry":{"type":"LineString","coordinates":[[19.398396,50.134519],[19.398329,50.134474],[19.39761,50.134289],[19.396998,50.134106],[19.396904,50.134082],[19.396404,50.133969],[19.396084,50.133891],[19.394819,50.133593],[19.394506,50.133527],[19.393529,50.133306],[19.393021,50.133193],[19.392221,50.13301],[19.392009,50.132965],[19.391641,50.132877],[19.391479,50.13284],[19.391293,50.132809],[19.39101,50.132771],[19.39074,50.13273],[19.390177,50.132633],[19.389967,50.132599],[19.389799,50.132588],[19.389661,50.132591],[19.389142,50.132617],[19.388935,50.132631],[19.388723,50.132655],[19.388531,50.132676],[19.387999,50.132769],[19.387865,50.132788],[19.387534,50.132836],[19.387025,50.132898],[19.386773,50.132926],[19.38652,50.13294],[19.386426,50.132942],[19.386289,50.132936],[19.386026,50.132907],[19.385447,50.132786],[19.385265,50.132758],[19.384663,50.132623],[19.38442,50.132567],[19.384178,50.132521],[19.384103,50.132508],[19.383579,50.132444],[19.382632,50.132378],[19.38162,50.132314],[19.381295,50.132297],[19.381133,50.132294]]},"properties":{"name":"Stara Huta"}},{"type":"Feature","geometry":{"type":"LineString","coordinates":[[19.381133,50.132294],[19.381124,50.132112],[19.381071,50.131697],[19.38102,50.13143],[19.380934,50.131136],[19.38068,50.130276],[19.380586,50.130013],[19.380483,50.129834],[19.380327,50.12966],[19.380154,50.129502],[19.379359,50.128808],[19.379225,50.12867],[19.379129,50.128544],[19.379069,50.128447],[19.379062,50.12835],[19.379068,50.128246],[19.379098,50.128157],[19.379383,50.127758],[19.379407,50.127724],[19.379456,50.127655],[19.379545,50.127527],[19.379602,50.12745],[19.379677,50.127278],[19.379735,50.127199],[19.379837,50.127061],[19.38023,50.126529],[19.38051,50.126134],[19.380595,50.126018],[19.381646,50.124559],[19.382378,50.123541],[19.382401,50.123508],[19.382563,50.123266],[19.382589,50.123231],[19.382632,50.123155],[19.382642,50.123119],[19.382645,50.123084],[19.382642,50.123068],[19.382626,50.123025],[19.382578,50.122956],[19.382523,50.122915],[19.382386,50.12283],[19.381897,50.122511],[19.380978,50.121926],[19.380854,50.121846],[19.380711,50.121743],[19.380639,50.121664],[19.380621,50.121602],[19.380617,50.121538],[19.380598,50.121405],[19.380561,50.12127],[19.380516,50.121192],[19.380433,50.12112],[19.380387,50.121083],[19.380184,50.120955],[19.37919,50.12034],[19.37871,50.120039],[19.378177,50.119714],[19.37766,50.119392],[19.377494,50.119292],[19.377156,50.119087],[19.376911,50.118939],[19.376164,50.118478],[19.376046,50.118384],[19.375931,50.118261],[19.375766,50.118046],[19.375499,50.117683],[19.374923,50.116883],[19.374172,50.115896],[19.373832,50.115429],[19.373697,50.115245],[19.373507,50.114988],[19.372511,50.11364],[19.372358,50.113443],[19.37162,50.112417],[19.370956,50.111494],[19.37068,50.110932],[19.370377,50.110469],[19.370268,50.1103],[19.370202,50.110191],[19.368206,50.107517]]},"properties":{"name":"Powstańców Styczniowych"}},{"type":"Feature","geometry":{"type":"LineString","coordinates":[[19.365339,50.105526],[19.365302,50.105545],[19.365255,50.105554],[19.365198,50.105562],[19.365132,50.105558],[19.35808,50.104609],[19.357493,50.104529],[19.356762,50.104432],[19.356196,50.104364],[19.355618,50.104286],[19.355334,50.104242],[19.354972,50.104188],[19.354659,50.104151],[19.354314,50.104115],[19.353835,50.104091],[19.35333,50.104081],[19.35316,50.104078],[19.352608,50.10407],[19.352084,50.10406],[19.351906,50.104059],[19.349742,50.104024],[19.349188,50.104014],[19.34827,50.103997],[19.347687,50.103989],[19.347368,50.103983],[19.347029,50.103978],[19.346801,50.103978],[19.346567,50.103989],[19.346386,50.104008],[19.3433,50.104498],[19.343134,50.104524],[19.341956,50.104707],[19.341149,50.104818],[19.340669,50.104884],[19.339824,50.105004],[19.339589,50.105026],[19.339212,50.105044],[19.338758,50.105051],[19.338522,50.105049],[19.33809,50.105045],[19.337938,50.105037],[19.337778,50.105017],[19.337424,50.104951],[19.337016,50.104869],[19.335156,50.104519],[19.334928,50.10445],[19.33473,50.10437],[19.334092,50.10403],[19.333597,50.103769],[19.333196,50.103574],[19.33229,50.103103],[19.331723,50.102808],[19.330439,50.102142],[19.330357,50.102093],[19.330254,50.102032]]},"properties":{"name":"Jaworowa"}},{"type":"Feature","geometry":{"type":"LineString","coordinates":[[19.352145,50.082485],[19.352188,50.082557],[19.352206,50.082589],[19.352266,50.082663],[19.35232,50.082762],[19.352377,50.082867],[19.352501,50.083194],[19.352542,50.083258],[19.352561,50.083287],[19.352613,50.083337],[19.352647,50.083369],[19.352711,50.08341],[19.353229,50.083906],[19.35375,50.084369],[19.354728,50.085227],[19.355511,50.085888],[19.355908,50.08615],[19.356875,50.08676],[19.357771,50.087236],[19.358045,50.087391],[19.358655,50.087784],[19.35889,50.087964],[19.359287,50.08827],[19.359652,50.088593],[19.35997,50.08898],[19.36009,50.089139],[19.360199,50.08929],[19.360403,50.089688],[19.360465,50.089895],[19.360507,50.090033],[19.360564,50.090427],[19.360528,50.090776],[19.360163,50.092683],[19.360169,50.092987],[19.36019,50.093213],[19.360246,50.093444],[19.360287,50.093538],[19.360438,50.093883],[19.360483,50.093957],[19.360573,50.094104],[19.360746,50.094334],[19.361118,50.094879],[19.361403,50.095291],[19.361746,50.095789],[19.361828,50.095908],[19.361927,50.096062],[19.362174,50.096364],[19.362436,50.096657],[19.36306,50.097373]]},"properties":{"name":"Astronautów"}},{"type":"Feature","geometry":{"type":"LineString","coordinates":[[19.399228,50.144202],[19.399206,50.14431],[19.399216,50.144447],[19.399255,50.144587],[19.39926,50.1447],[19.399426,50.145094],[19.399573,50.145415],[19.399693,50.145676],[19.399935,50.146248],[19.400118,50.146676],[19.400177,50.146889],[19.400198,50.147],[19.400225,50.147117],[19.400266,50.147365],[19.400288,50.147499],[19.400294,50.147532],[19.40031,50.147711]]},"properties":{"name":"Księdza Ignacego Skorupki"}},{"type":"Feature","geometry":{"type":"LineString","coordinates":[[19.40031,50.147711],[19.400305,50.147741],[19.400275,50.147839],[19.400247,50.14789],[19.400197,50.147945],[19.400142,50.14801],[19.400096,50.148061],[19.399964,50.148217],[19.399905,50.148349],[19.39972,50.148552],[19.399554,50.148723],[19.399481,50.1488],[19.399414,50.148875],[19.399277,50.149046],[19.399162,50.149188],[19.399075,50.149291],[19.398891,50.149535],[19.3988,50.149656],[19.398705,50.149764],[19.398667,50.149863],[19.398628,50.149992],[19.398609,50.150077],[19.398601,50.150139],[19.398595,50.150186],[19.398589,50.150249],[19.398591,50.150319],[19.398593,50.150382],[19.398601,50.150464],[19.398619,50.150585],[19.398637,50.1507],[19.398649,50.150779],[19.398694,50.151042],[19.398747,50.151396],[19.398858,50.152083],[19.398923,50.152476],[19.398976,50.152787],[19.398988,50.152892]]},"properties":{"name":"Balińska"}},{"type":"Feature","geometry":{"type":"LineString","coordinates":[[19.400522,50.147527],[19.400535,50.147509],[19.400573,50.147465],[19.400795,50.147168],[19.400855,50.147093],[19.40125,50.146604],[19.401295,50.146546],[19.401479,50.146311],[19.402007,50.145643],[19.402053,50.145582],[19.402157,50.145447],[19.402175,50.145422],[19.402487,50.145058],[19.402641,50.14488],[19.402792,50.144743],[19.402917,50.144659],[19.402968,50.144633],[19.4034,50.144455],[19.403585,50.144407],[19.403733,50.144374],[19.403928,50.144346]]},"properties":{"name":"Balińska"}},{"type":"Feature","geometry":{"type":"LineString","coordinates":[[19.404084,50.166433],[19.403937,50.166407],[19.403646,50.166359],[19.403473,50.166332],[19.403379,50.166316],[19.401506,50.166002],[19.401147,50.165942],[19.400646,50.165898],[19.400133,50.165903],[19.400102,50.165904],[19.399168,50.165969],[19.398856,50.165992],[19.398283,50.166034],[19.397773,50.166071],[19.397044,50.166124],[19.396291,50.166179],[19.395305,50.166247],[19.393412,50.166381],[19.392564,50.166433],[19.392446,50.166433],[19.39236,50.166422],[19.392226,50.166378],[19.392124,50.166316],[19.391658,50.165945],[19.391468,50.165849],[19.391329,50.165785],[19.391266,50.165756],[19.390971,50.16566],[19.390824,50.165619],[19.390662,50.165573]]},"properties":{"name":"Luszowicka"}},{"type":"Feature","geometry":{"type":"LineString","coordinates":[[19.389974,50.162861],[19.389693,50.16295],[19.389541,50.162974],[19.388974,50.163105],[19.388637,50.163177],[19.388355,50.163223],[19.388185,50.163236],[19.388039,50.163239],[19.38788,50.163234],[19.387753,50.163222],[19.387594,50.163202],[19.387427,50.163171],[19.387187,50.163125],[19.387006,50.1631],[19.386798,50.163087],[19.386456,50.163082],[19.386273,50.163075],[19.386123,50.163057],[19.385914,50.163012],[19.385614,50.162928],[19.385337,50.162842],[19.385193,50.162803],[19.385037,50.162769],[19.384863,50.162745],[19.384679,50.162733],[19.384493,50.162732],[19.38421,50.162736],[19.384084,50.162735],[19.383916,50.162721],[19.383712,50.162689],[19.383565,50.162671],[19.383052,50.162664],[19.382787,50.162646],[19.382652,50.162644],[19.382526,50.162669],[19.382422,50.162696],[19.382102,50.162817],[19.381981,50.162865],[19.381879,50.162913],[19.381811,50.162953],[19.381745,50.163005],[19.381624,50.163122],[19.381509,50.163247],[19.381365,50.163432],[19.381162,50.163718],[19.381054,50.163868],[19.380947,50.163994],[19.380817,50.16413],[19.380597,50.164296],[19.380476,50.164378],[19.379573,50.164916],[19.379497,50.164959],[19.377786,50.16594],[19.377349,50.166208],[19.376841,50.166581],[19.376744,50.166658],[19.37648,50.16686],[19.376153,50.167091],[19.375693,50.167408],[19.375459,50.16757],[19.374965,50.167945],[19.374515,50.168293],[19.374295,50.168457],[19.373662,50.168935],[19.373468,50.169107],[19.373005,50.16963],[19.37279,50.169872],[19.372701,50.169956],[19.372623,50.170016],[19.372502,50.170095],[19.372383,50.170162],[19.372035,50.170341],[19.37154,50.170605],[19.371519,50.170616],[19.371153,50.170824],[19.370814,50.171035],[19.370586,50.171189],[19.370428,50.171288],[19.370218,50.171409],[19.370015,50.171517],[19.369877,50.171575],[19.369725,50.17164],[19.368812,50.172009],[19.368585,50.172106],[19.367585,50.172588],[19.367095,50.172814],[19.366907,50.172898],[19.366592,50.173066],[19.366419,50.173165]]},"properties":{"name":"Wyzwolenia"}},{"type":"Feature","geometry":{"type":"LineString","coordinates":[[19.372548,50.171713],[19.372145,50.171806],[19.371829,50.171889],[19.371598,50.171963],[19.370383,50.172406],[19.369119,50.172861],[19.368531,50.173041],[19.368242,50.173091],[19.367911,50.173143],[19.367724,50.173164],[19.367571,50.173182],[19.367183,50.173203],[19.366961,50.173195],[19.366778,50.173189],[19.366569,50.173179],[19.366419,50.173165]]},"properties":{"name":"Jaworznicka"}},{"type":"Feature","geometry":{"type":"LineString","coordinates":[[19.372831,50.171653],[19.373474,50.17151],[19.37357,50.171489],[19.374288,50.171329],[19.375004,50.171157],[19.375804,50.170972],[19.375959,50.170926],[19.376332,50.170789],[19.376725,50.170646],[19.376886,50.170582],[19.377056,50.17054],[19.377582,50.170423],[19.377854,50.170319],[19.378419,50.169991],[19.378837,50.169767],[19.378939,50.169699],[19.379002,50.169611],[19.379234,50.169198],[19.379307,50.169125],[19.379364,50.169072],[19.379499,50.168972],[19.379969,50.168661],[19.380335,50.16844],[19.38052,50.168314],[19.380669,50.16818],[19.380995,50.167859],[19.381154,50.167724],[19.381242,50.167665],[19.38135,50.167591],[19.381473,50.167529],[19.381694,50.167439],[19.382037,50.167305],[19.382237,50.167246],[19.382946,50.167053],[19.38354,50.166894],[19.38396,50.16679],[19.384467,50.166658],[19.384636,50.166632],[19.384802,50.166613],[19.385157,50.166594],[19.385483,50.16659],[19.385672,50.166573],[19.3859,50.166538],[19.386505,50.166406],[19.386763,50.166376],[19.387077,50.166369],[19.387537,50.166341],[19.388142,50.166278],[19.388751,50.166223],[19.389141,50.166183],[19.389395,50.16615],[19.389599,50.166102],[19.389904,50.165991],[19.390358,50.165786],[19.390589,50.165657],[19.390662,50.165573]]},"properties":{"name":"Jaworznicka"}},{"type":"Feature","geometry":{"type":"LineString","coordinates":[[19.382037,50.167305],[19.382225,50.167677],[19.38249,50.168387],[19.382631,50.168871],[19.382651,50.16901],[19.382627,50.169261],[19.382397,50.170378],[19.382279,50.17087],[19.382091,50.171797],[19.382091,50.171996],[19.382086,50.172247],[19.382098,50.172549],[19.38218,50.174],[19.382179,50.174576],[19.382145,50.175212],[19.382039,50.175943],[19.381882,50.176394],[19.381226,50.177863],[19.380927,50.178628],[19.380747,50.179102],[19.380543,50.179552],[19.380479,50.17963],[19.380414,50.179717],[19.380047,50.180047],[19.379741,50.180242],[19.379638,50.1803]]},"properties":{"name":"Pańska"}},{"type":"Feature","geometry":{"type":"LineString","coordinates":[[19.378637,50.183999],[19.378556,50.184033],[19.378449,50.184052],[19.37835,50.184057],[19.378236,50.184049]]},"properties":{"name":"Mostowa"}},{"type":"Feature","geometry":{"type":"LineString","coordinates":[[19.403771,50.12507],[19.403707,50.125176],[19.403641,50.125289],[19.403603,50.125359],[19.403401,50.125712],[19.403335,50.125825],[19.403232,50.126032],[19.402899,50.12661],[19.402855,50.126687],[19.402814,50.126741],[19.402694,50.126928],[19.402568,50.127153],[19.402338,50.127523],[19.402315,50.127555],[19.402242,50.127636],[19.402189,50.127688],[19.40158,50.128166],[19.401505,50.128225],[19.401438,50.128284],[19.400665,50.128893],[19.40058,50.12896],[19.400457,50.12906],[19.400421,50.129085]]},"properties":{"name":"Wincentego Witosa"}},{"type":"Feature","geometry":{"type":"LineString","coordinates":[[19.399916,50.129551],[19.399948,50.129515],[19.400018,50.129424],[19.400131,50.129328],[19.400421,50.129085],[19.400297,50.129123],[19.400187,50.129155],[19.400053,50.129234],[19.399988,50.129292],[19.39987,50.129423]]},"properties":{"name":"Wincentego Witosa"}},{"type":"Feature","geometry":{"type":"LineString","coordinates":[[19.404332,50.124851],[19.404672,50.124921],[19.405265,50.125048],[19.405894,50.125181],[19.405953,50.125197],[19.406142,50.125241],[19.40649,50.125339],[19.406852,50.125471],[19.407221,50.125667],[19.407269,50.125692],[19.407864,50.126008],[19.408046,50.126096],[19.408112,50.12613],[19.40854,50.126366],[19.408566,50.126381],[19.408832,50.126519],[19.409192,50.126709],[19.409877,50.127067],[19.410179,50.127213],[19.410381,50.127259],[19.410515,50.127298]]},"properties":{"name":"Szarych Szeregów"}},{"type":"Feature","geometry":{"type":"LineString","coordinates":[[19.410429,50.12739],[19.410321,50.127309],[19.410179,50.127213]]},"properties":{"name":"Szarych Szeregów"}},{"type":"Feature","geometry":{"type":"LineString","coordinates":[[19.408878,50.134212],[19.408953,50.13416],[19.409039,50.134139],[19.409213,50.134124],[19.409309,50.134114],[19.409577,50.134034],[19.409865,50.133944],[19.410311,50.133795],[19.410751,50.133631],[19.410829,50.133597],[19.411669,50.13325],[19.411837,50.133191],[19.412005,50.13314],[19.41209,50.13312],[19.412225,50.133085],[19.412356,50.133052],[19.412527,50.133015],[19.412923,50.132959],[19.413128,50.13293],[19.413182,50.132922],[19.413228,50.13291],[19.413271,50.132895],[19.413352,50.13285],[19.4134,50.132823]]},"properties":{"name":"Armii Krajowej"}},{"type":"Feature","geometry":{"type":"LineString","coordinates":[[19.315942,50.104082],[19.315918,50.104143],[19.315914,50.104203],[19.315928,50.104242],[19.315946,50.104284],[19.315972,50.10433],[19.316013,50.104388],[19.316183,50.104727],[19.316293,50.104932],[19.316425,50.105169],[19.316479,50.105237],[19.316949,50.105918],[19.317425,50.106567],[19.317554,50.106741],[19.317734,50.106823],[19.318,50.106944],[19.318273,50.107056],[19.318723,50.107243],[19.319921,50.107742],[19.320972,50.108158],[19.321502,50.108414],[19.321756,50.108585],[19.322089,50.108835],[19.322387,50.109126],[19.32257,50.109344],[19.322653,50.109521],[19.322708,50.109711],[19.32299,50.110834],[19.323135,50.111297],[19.323258,50.111824],[19.323388,50.112327],[19.32345,50.112618],[19.323631,50.113327],[19.323698,50.113424]]},"properties":{"name":"Armii Krajowej"}},{"type":"Feature","geometry":{"type":"LineString","coordinates":[[19.4134,50.132823],[19.413552,50.132897],[19.413702,50.132974]]},"properties":{"name":"Kościelna"}},{"type":"Feature","geometry":{"type":"LineString","coordinates":[[19.416146,50.13421],[19.41613,50.13409],[19.416228,50.133886],[19.416344,50.133706],[19.416396,50.133634],[19.416448,50.133562],[19.416585,50.133413],[19.416727,50.133272],[19.416839,50.133163],[19.416962,50.133046],[19.417369,50.132663],[19.417563,50.132486],[19.417726,50.132366],[19.4178,50.132312]]},"properties":{"name":"Główna"}},{"type":"Feature","geometry":{"type":"LineString","coordinates":[[19.510326,50.201259],[19.510471,50.201408],[19.510532,50.201507],[19.510577,50.201595],[19.510611,50.201682],[19.510626,50.201777],[19.510604,50.202092],[19.510607,50.202172],[19.51061,50.202266],[19.510639,50.202416],[19.510703,50.202629],[19.510839,50.203038],[19.510917,50.203224],[19.510961,50.203383],[19.510979,50.20343],[19.511041,50.203585],[19.511042,50.203587],[19.511071,50.20366],[19.511199,50.203839],[19.51129,50.203923],[19.511417,50.204029],[19.511599,50.204175],[19.511875,50.204283],[19.512197,50.204381],[19.512326,50.204416],[19.512556,50.20448],[19.512784,50.204523],[19.51316,50.204622],[19.513496,50.204703],[19.51384,50.204795],[19.514185,50.204907]]},"properties":{"name":"Główna"}},{"type":"Feature","geometry":{"type":"LineString","coordinates":[[19.416146,50.13421],[19.416249,50.134247],[19.416527,50.13427],[19.416912,50.13431],[19.417333,50.134353],[19.418207,50.134464],[19.418462,50.134497],[19.418524,50.134506],[19.419163,50.13459],[19.419324,50.134611],[19.421233,50.134849],[19.421656,50.134928],[19.421701,50.134948],[19.421742,50.134973],[19.42179,50.135027]]},"properties":{"name":"Dworska"}},{"type":"Feature","geometry":{"type":"LineString","coordinates":[[19.421365,50.135849],[19.42149,50.13585],[19.422007,50.135854],[19.422183,50.135856],[19.422317,50.135845],[19.422442,50.135854],[19.422585,50.135891]]},"properties":{"name":"Parkowa"}},{"type":"Feature","geometry":{"type":"LineString","coordinates":[[19.463524,50.168122],[19.46361,50.168423],[19.463637,50.168518],[19.463649,50.168562],[19.463687,50.168698],[19.463711,50.168785],[19.463771,50.169004],[19.463944,50.169627],[19.46404,50.170134],[19.464088,50.170373],[19.464101,50.170437],[19.46415,50.170635],[19.464162,50.170673],[19.464209,50.170785],[19.464287,50.170905],[19.464425,50.171078],[19.465242,50.17193],[19.465332,50.172049],[19.465416,50.172202],[19.465619,50.172593],[19.465877,50.173056],[19.466024,50.173239]]},"properties":{"name":"Parkowa"}},{"type":"Feature","geometry":{"type":"LineString","coordinates":[[19.426163,50.14479],[19.426195,50.14474],[19.426223,50.144685],[19.426268,50.144579]]},"properties":{"name":"Doktora Józefa Garbienia"}},{"type":"Feature","geometry":{"type":"LineString","coordinates":[[19.42785,50.138243],[19.42772,50.138497]]},"properties":{"name":"Doktora Józefa Garbienia"}},{"type":"Feature","geometry":{"type":"LineString","coordinates":[[19.42798,50.138284],[19.42772,50.138497],[19.427369,50.138906],[19.427186,50.139135],[19.427016,50.139408],[19.426956,50.13951],[19.426824,50.139753],[19.426795,50.139823],[19.426566,50.140534],[19.426445,50.140946],[19.42633,50.14148],[19.426312,50.141636],[19.426319,50.141798],[19.426335,50.141983],[19.426352,50.142105],[19.426381,50.142298],[19.426441,50.142706],[19.426449,50.142951],[19.426429,50.143283],[19.42634,50.144012],[19.426278,50.144491],[19.426268,50.144579],[19.426301,50.144687],[19.42631,50.144749],[19.426314,50.14476],[19.426326,50.144798]]},"properties":{"name":"Doktora Józefa Garbienia"}},{"type":"Feature","geometry":{"type":"LineString","coordinates":[[19.431587,50.097995],[19.431579,50.097962]]},"properties":{"name":"Zielna"}},{"type":"Feature","geometry":{"type":"LineString","coordinates":[[19.45463,50.097785],[19.454609,50.097752],[19.454578,50.097705],[19.454565,50.097681]]},"properties":{"name":"Piotra Ściegiennego"}},{"type":"Feature","geometry":{"type":"LineString","coordinates":[[19.409734,50.115914],[19.409941,50.116026],[19.41009,50.11604],[19.410108,50.116042],[19.410134,50.116042],[19.410278,50.116042],[19.411202,50.116021],[19.411717,50.116007],[19.412267,50.115999],[19.412585,50.115998]]},"properties":{"name":"Kolonia Stella"}},{"type":"Feature","geometry":{"type":"LineString","coordinates":[[19.479649,50.184293],[19.47957,50.184342]]},"properties":{"name":"Partyzantów"}},{"type":"Feature","geometry":{"type":"LineString","coordinates":[[19.531361,50.14246],[19.531358,50.142508],[19.531355,50.142548],[19.531328,50.142753],[19.531242,50.143146],[19.531167,50.143371],[19.530941,50.143753],[19.530812,50.143921],[19.530539,50.144191],[19.530303,50.144358],[19.529759,50.144764],[19.529704,50.144816],[19.529562,50.14495],[19.529115,50.14542],[19.52874,50.145776],[19.528549,50.145895],[19.528458,50.145939],[19.528115,50.146104]]},"properties":{"name":"Świętego Floriana"}},{"type":"Feature","geometry":{"type":"LineString","coordinates":[[19.460103,50.157499],[19.460089,50.157547],[19.460072,50.15758],[19.460039,50.157636],[19.459947,50.157775],[19.459754,50.158031],[19.459694,50.158112],[19.459669,50.158144],[19.459539,50.158172],[19.459432,50.158207]]},"properties":{"name":"Harcerska"}},{"type":"Feature","geometry":{"type":"LineString","coordinates":[[19.484917,50.185084],[19.48493,50.18512],[19.48509,50.185218],[19.485907,50.185617],[19.486597,50.185957],[19.48746,50.18643],[19.487743,50.186596],[19.487944,50.186723],[19.488617,50.187132],[19.489574,50.187713],[19.489675,50.187777],[19.490847,50.188458],[19.49105,50.188577],[19.491486,50.188837],[19.4919,50.189045],[19.491975,50.189082],[19.492366,50.189262],[19.493305,50.189689],[19.493682,50.18986],[19.49413,50.190068],[19.49461,50.190307],[19.495639,50.190869]]},"properties":{"name":"Płocka"}},{"type":"Feature","geometry":{"type":"LineString","coordinates":[[19.480986,50.117167],[19.480822,50.116957],[19.480802,50.116931],[19.480594,50.116665],[19.480516,50.116565],[19.480397,50.116402],[19.479918,50.115762],[19.479844,50.115662],[19.479586,50.115315],[19.479549,50.115267],[19.479389,50.114997],[19.47924,50.114692],[19.479138,50.114395],[19.479051,50.114243],[19.478977,50.114172],[19.478828,50.114076],[19.478811,50.114068],[19.478619,50.113959],[19.47856,50.113912],[19.478511,50.113873],[19.478467,50.113794],[19.47845,50.113753],[19.478437,50.113691],[19.478426,50.113627],[19.478405,50.113513],[19.478311,50.113081],[19.478288,50.112976],[19.478075,50.112426],[19.478013,50.112263],[19.477863,50.111799],[19.477804,50.11164],[19.477695,50.111464],[19.47753,50.11128],[19.477392,50.111156],[19.477009,50.110811],[19.476677,50.110501],[19.476399,50.110217],[19.476163,50.109894],[19.476118,50.109815],[19.476031,50.109661],[19.475981,50.109554],[19.475868,50.10929],[19.475825,50.109082],[19.475805,50.108957],[19.475782,50.108811],[19.475762,50.108633],[19.475744,50.108323],[19.475742,50.108279],[19.475707,50.108129],[19.475668,50.108022],[19.475652,50.107981],[19.475444,50.107658],[19.475255,50.107382],[19.474955,50.107073],[19.474643,50.106791],[19.474385,50.106561],[19.474107,50.106337],[19.473943,50.106235]]},"properties":{"name":"Zakopiańska"}},{"type":"Feature","geometry":{"type":"LineString","coordinates":[[19.480397,50.116402],[19.480349,50.116424],[19.480148,50.116514],[19.480085,50.116563],[19.480051,50.116622],[19.48004,50.11669],[19.479972,50.117107],[19.479924,50.117307],[19.479906,50.117388],[19.479902,50.117425],[19.479911,50.11747],[19.479965,50.117529],[19.480067,50.117611]]},"properties":{"name":"Handlowa"}},{"type":"Feature","geometry":{"type":"LineString","coordinates":[[19.514185,50.204907],[19.513874,50.205233],[19.513598,50.205577],[19.512889,50.206154],[19.512373,50.206538],[19.512127,50.206682],[19.511892,50.206818],[19.511013,50.207258],[19.510647,50.207458],[19.51023,50.207673],[19.50933,50.208202]]},"properties":{"name":"Jurajska"}},{"type":"Feature","geometry":{"type":"LineString","coordinates":[[19.476658,50.208945],[19.477001,50.208971],[19.477076,50.208976],[19.477523,50.209006],[19.47804,50.209028],[19.481292,50.209039],[19.481484,50.209049],[19.481651,50.209053],[19.482768,50.209211],[19.483045,50.209243],[19.483349,50.209249],[19.483738,50.209232],[19.48439,50.209164],[19.485306,50.209085],[19.486564,50.208946]]},"properties":{"name":"Cisowe Skały"}},{"type":"Feature","geometry":{"type":"LineString","coordinates":[[19.473943,50.106235],[19.473831,50.10616],[19.473567,50.105948],[19.473376,50.105721],[19.473233,50.1055],[19.473133,50.105388],[19.473114,50.105367],[19.472974,50.10524],[19.472681,50.105029],[19.472508,50.104895],[19.472056,50.104528],[19.471904,50.104409],[19.471664,50.104218],[19.47122,50.103926],[19.470888,50.10373],[19.470826,50.103699],[19.470733,50.103638],[19.470191,50.103286],[19.470002,50.103147],[19.469566,50.102831],[19.469303,50.102574],[19.469033,50.102245],[19.468714,50.10189],[19.468408,50.101526],[19.468127,50.101214],[19.467976,50.101044],[19.467872,50.100965],[19.467777,50.100913],[19.467608,50.100817],[19.465753,50.100044],[19.465668,50.100007],[19.464977,50.09971],[19.464839,50.099645],[19.464709,50.099544],[19.464537,50.099338],[19.464493,50.099278],[19.464363,50.099106],[19.464312,50.099038],[19.464261,50.098989]]},"properties":{"name":"Bolęcińska"}},{"type":"Feature","geometry":{"type":"LineString","coordinates":[[19.47957,50.184342],[19.47951,50.18441],[19.47947,50.184469],[19.47943,50.18453],[19.479421,50.184544],[19.479384,50.184599],[19.479325,50.18469],[19.479269,50.18482],[19.479257,50.184898],[19.479257,50.185012],[19.479277,50.18526],[19.479331,50.18557],[19.479338,50.18583],[19.479327,50.185994],[19.479305,50.186126],[19.479257,50.186259],[19.479125,50.186424],[19.478942,50.186591],[19.478586,50.186904],[19.478388,50.186997],[19.47818,50.187099]]},"properties":{"name":"Centralna"}},{"type":"Feature","geometry":{"type":"LineString","coordinates":[[19.470287,50.194047],[19.470768,50.193547],[19.471015,50.193282],[19.471284,50.193004],[19.471643,50.192616],[19.471692,50.192565],[19.472231,50.192029],[19.47227,50.191993],[19.472953,50.191257],[19.473948,50.190217],[19.473977,50.190181],[19.474696,50.189468],[19.474705,50.189458],[19.474893,50.189244]]},"properties":{"name":"Piaski"}},{"type":"Feature","geometry":{"type":"LineString","coordinates":[[19.328683,50.112214],[19.328899,50.112163],[19.329071,50.11211],[19.329314,50.112032],[19.329999,50.111811],[19.330376,50.111672],[19.331013,50.111418],[19.331171,50.11132],[19.331216,50.111283],[19.331308,50.11117],[19.331378,50.110964],[19.331445,50.11071],[19.331462,50.110626],[19.331654,50.110013],[19.331778,50.10956],[19.331912,50.109081],[19.332052,50.108618],[19.332098,50.108512],[19.33219,50.10839],[19.332713,50.107837],[19.332755,50.107791]]},"properties":{"name":"Wiosenna"}},{"type":"Feature","geometry":{"type":"LineString","coordinates":[[19.328683,50.112214],[19.328394,50.112285],[19.327962,50.11239],[19.327883,50.112408],[19.327783,50.112425],[19.327728,50.112438],[19.327662,50.112456],[19.326818,50.112693],[19.326293,50.112845],[19.325696,50.113001],[19.325631,50.113018],[19.323698,50.113424]]},"properties":{"name":"Józefa Piłsudskiego"}},{"type":"Feature","geometry":{"type":"LineString","coordinates":[[19.288834,50.086264],[19.288864,50.086428],[19.28891,50.086702],[19.289019,50.087361],[19.289025,50.0874],[19.289097,50.087851],[19.289104,50.08789],[19.28921,50.088516],[19.289232,50.088587],[19.289253,50.088655],[19.289317,50.088774],[19.289407,50.088924],[19.289504,50.089058],[19.289609,50.089189],[19.289709,50.089305],[19.289977,50.089603],[19.29017,50.089801],[19.290292,50.089925],[19.290453,50.090067],[19.290656,50.090219],[19.291104,50.090514],[19.29144,50.090735],[19.292161,50.091214],[19.292296,50.091304],[19.292463,50.091414],[19.292961,50.091741],[19.293874,50.092344],[19.294187,50.092549],[19.2945,50.092761],[19.294801,50.092957],[19.294891,50.093012],[19.295066,50.093057],[19.295204,50.093093]]},"properties":{"name":"Beskidzka"}},{"type":"Feature","geometry":{"type":"LineString","coordinates":[[19.387631,50.049442],[19.387286,50.049436],[19.386714,50.049443],[19.386009,50.04944],[19.385645,50.049453],[19.385209,50.049497],[19.384751,50.049553],[19.384321,50.049625],[19.384298,50.049629],[19.384041,50.049675],[19.38374,50.049729],[19.383728,50.049731],[19.383254,50.049811],[19.382504,50.049937],[19.382008,50.05002],[19.380903,50.050227],[19.380597,50.050277],[19.380004,50.050374],[19.379404,50.050466],[19.379303,50.05048],[19.377747,50.050745],[19.377392,50.050801],[19.376765,50.050901],[19.376467,50.050954],[19.375056,50.051191],[19.37453,50.051274],[19.374366,50.051299],[19.373981,50.051364],[19.373495,50.051436],[19.37333,50.051458]]},"properties":{"name":"Księdza Karola Wojtyły"}},{"type":"Feature","geometry":{"type":"LineString","coordinates":[[19.373096,50.051523],[19.373227,50.051499],[19.37333,50.051458],[19.373207,50.05145],[19.373075,50.051453]]},"properties":{"name":"Księdza Karola Wojtyły"}},{"type":"Feature","geometry":{"type":"LineString","coordinates":[[19.372868,50.051582],[19.372718,50.051599],[19.372623,50.051596]]},"properties":{"name":"Chechlana"}},{"type":"Feature","geometry":{"type":"LineString","coordinates":[[19.360349,50.051763],[19.360686,50.051848],[19.360849,50.051884],[19.361021,50.051911],[19.36151,50.051995],[19.361917,50.052051],[19.362217,50.052089],[19.36252,50.05211],[19.362899,50.052128],[19.363071,50.052134],[19.363565,50.052141],[19.364559,50.052125],[19.365627,50.052096],[19.366753,50.052061],[19.367065,50.052058],[19.36768,50.052053],[19.368774,50.052038],[19.369197,50.052028],[19.369763,50.051998],[19.370212,50.05197],[19.370625,50.051935],[19.37098,50.051903],[19.371355,50.051849],[19.371553,50.051817],[19.372015,50.051734],[19.372341,50.05166],[19.372623,50.051596],[19.372688,50.051554],[19.372807,50.051502]]},"properties":{"name":"Chechlana"}},{"type":"Feature","geometry":{"type":"LineString","coordinates":[[19.359839,50.05165],[19.359731,50.051631],[19.359642,50.05163],[19.359469,50.051646],[19.359293,50.051688],[19.359236,50.051714],[19.359049,50.051825],[19.358929,50.05191]]},"properties":{"name":"Chechlana"}},{"type":"Feature","geometry":{"type":"LineString","coordinates":[[19.358929,50.05191],[19.358842,50.052046],[19.358777,50.052121],[19.358739,50.052169],[19.358546,50.052421],[19.358478,50.052537],[19.35844,50.052641],[19.358451,50.052732],[19.358487,50.052829],[19.358558,50.052997],[19.358678,50.05328],[19.358801,50.053547],[19.358828,50.053757],[19.358759,50.053999],[19.358582,50.054351],[19.358219,50.055033],[19.358063,50.055315],[19.357996,50.055417],[19.357649,50.055769],[19.357196,50.056186],[19.356721,50.056588],[19.355487,50.057525],[19.354232,50.058472],[19.353049,50.059343],[19.352548,50.059712],[19.351232,50.060705],[19.349783,50.061799],[19.349622,50.061941],[19.34949,50.062057],[19.349345,50.062384],[19.349153,50.063207]]},"properties":{"name":"Piechurów"}},{"type":"Feature","geometry":{"type":"LineString","coordinates":[[19.349153,50.063207],[19.349146,50.063512],[19.349085,50.063793],[19.348946,50.064481],[19.348924,50.064601],[19.348898,50.064746],[19.348862,50.064915],[19.348844,50.064998],[19.348828,50.06518],[19.348844,50.065339],[19.348914,50.065504],[19.349005,50.065656],[19.350137,50.067043],[19.350239,50.067184],[19.35031,50.067301],[19.350352,50.06737],[19.350416,50.067539],[19.350474,50.067716],[19.350534,50.067894],[19.350901,50.069087],[19.350945,50.06922],[19.351173,50.069923],[19.351428,50.070709],[19.351527,50.071029],[19.351568,50.071174],[19.35157,50.071286],[19.351344,50.072428],[19.351253,50.072866],[19.351224,50.07294],[19.351205,50.07299],[19.351112,50.073139],[19.35062,50.073892],[19.350228,50.074504],[19.350153,50.074642],[19.349934,50.075037],[19.349777,50.075322],[19.349672,50.075443],[19.349601,50.075494],[19.349375,50.075567],[19.349124,50.075622],[19.348957,50.075668],[19.348854,50.07579],[19.348801,50.07593],[19.348539,50.076708],[19.348378,50.077286],[19.348276,50.077699],[19.348274,50.077726],[19.348228,50.078087],[19.348248,50.078271],[19.348287,50.078431],[19.34841,50.078773],[19.348466,50.078961]]},"properties":{"name":"Jana Kilińskiego"}},{"type":"Feature","geometry":{"type":"LineString","coordinates":[[19.348466,50.078961],[19.347657,50.078721],[19.346676,50.078256],[19.34613,50.077954],[19.345779,50.077737],[19.345576,50.077391],[19.345474,50.077209],[19.345426,50.0771],[19.345409,50.076945],[19.345399,50.076789],[19.345367,50.076569],[19.345329,50.076364],[19.345265,50.076198],[19.345143,50.076045],[19.344868,50.075668],[19.344712,50.075467],[19.344609,50.075328],[19.344544,50.07525]]},"properties":{"name":"Księdza Jana Mroza"}},{"type":"Feature","geometry":{"type":"LineString","coordinates":[[19.344544,50.07525],[19.344357,50.075275],[19.344199,50.075297],[19.343844,50.075338],[19.343693,50.075362],[19.343516,50.075405],[19.342993,50.075575],[19.342844,50.075615],[19.342645,50.075637],[19.342414,50.075637],[19.342135,50.075608],[19.341707,50.075544],[19.341452,50.075508],[19.341271,50.075506],[19.341115,50.075534]]},"properties":{"name":"Krakusa"}},{"type":"Feature","geometry":{"type":"LineString","coordinates":[[19.341115,50.075534],[19.341054,50.075578],[19.340983,50.075661],[19.340925,50.075835],[19.34093,50.076218],[19.340936,50.076314],[19.340921,50.076405],[19.340892,50.076435],[19.34078,50.076479],[19.339788,50.076666]]},"properties":{"name":"Patriotów"}},{"type":"Feature","geometry":{"type":"LineString","coordinates":[[19.335609,50.073948],[19.335746,50.074085],[19.335969,50.074307],[19.336162,50.074408],[19.337255,50.074836],[19.337645,50.075045],[19.337698,50.075094],[19.337758,50.07515],[19.338474,50.076062],[19.338597,50.076148],[19.339384,50.076501],[19.339788,50.076666],[19.3403,50.076918],[19.340712,50.077121],[19.341191,50.077475],[19.341566,50.077786],[19.341729,50.077921],[19.341755,50.077941],[19.341955,50.0781],[19.34235,50.078412],[19.342726,50.078705],[19.342892,50.078797],[19.343155,50.078901],[19.343569,50.079025],[19.34386,50.079083],[19.344062,50.079111],[19.344211,50.079196],[19.344305,50.079306],[19.344648,50.079843],[19.344723,50.079944],[19.34494,50.080071],[19.34504,50.080154],[19.345399,50.080452],[19.345533,50.080524],[19.346277,50.080721],[19.346456,50.080841]]},"properties":{"name":"Kadetów"}},{"type":"Feature","geometry":{"type":"LineString","coordinates":[[19.346456,50.080841],[19.348307,50.08056],[19.348846,50.080528],[19.349378,50.080455],[19.349453,50.080541],[19.349506,50.080592],[19.349549,50.080631],[19.349652,50.080691],[19.349761,50.080731],[19.349881,50.080754],[19.350001,50.080763],[19.350246,50.080774],[19.350772,50.080789],[19.350917,50.080841],[19.351072,50.080926],[19.351445,50.081562],[19.351551,50.081807],[19.351812,50.082431],[19.351827,50.082466],[19.351856,50.082533]]},"properties":{"name":"Andrzeja Struga"}},{"type":"Feature","geometry":{"type":"LineString","coordinates":[[19.344185,50.056759],[19.3443,50.056986],[19.344329,50.057071],[19.344375,50.057203],[19.34445,50.057544],[19.344482,50.057813],[19.344493,50.057882],[19.34459,50.057961],[19.344708,50.058033],[19.345314,50.058412],[19.345818,50.05875],[19.346194,50.059018],[19.346355,50.059166],[19.346483,50.059315],[19.346617,50.059532],[19.347288,50.060434],[19.348377,50.06207],[19.348677,50.062517],[19.348767,50.062691],[19.348882,50.06287],[19.349025,50.063043],[19.349153,50.063207]]},"properties":{"name":"Adolfa Dygasińskiego"}},{"type":"Feature","geometry":{"type":"LineString","coordinates":[[19.358804,50.051886],[19.358884,50.051902],[19.358929,50.05191]]},"properties":{"name":"Krańcowa"}},{"type":"Feature","geometry":{"type":"LineString","coordinates":[[19.450395,50.205098],[19.450369,50.204813],[19.450349,50.204612],[19.450308,50.204409],[19.450238,50.204001],[19.450243,50.203938],[19.450276,50.203873],[19.450346,50.203787],[19.450383,50.203715],[19.450399,50.203637],[19.45039,50.203436],[19.450367,50.203227],[19.450351,50.203131],[19.450223,50.20269],[19.450222,50.20265],[19.450201,50.202524],[19.450195,50.202311],[19.450233,50.202012],[19.450378,50.201188],[19.450453,50.2007],[19.450435,50.200647],[19.450415,50.20059],[19.450249,50.20021],[19.450098,50.19993],[19.450035,50.199643],[19.450031,50.199505]]},"properties":{"name":"Kamienna"}},{"type":"Feature","geometry":{"type":"LineString","coordinates":[[19.444928,50.19863],[19.444904,50.198776],[19.444836,50.199243],[19.444792,50.199554],[19.444665,50.200225],[19.444583,50.200888],[19.444565,50.201015],[19.444492,50.201486],[19.444436,50.201855],[19.444373,50.202256],[19.444177,50.203107],[19.444103,50.203628],[19.444102,50.203842],[19.444109,50.204044],[19.444229,50.204278],[19.444395,50.204433],[19.444585,50.204562],[19.44487,50.204741],[19.445168,50.204887],[19.445435,50.205009],[19.445619,50.205059],[19.445912,50.20509],[19.449354,50.205099],[19.450395,50.205098]]},"properties":{"name":"Jana Matejki"}},{"type":"Feature","geometry":{"type":"LineString","coordinates":[[19.417127,50.199756],[19.416982,50.199775],[19.416845,50.199805],[19.415815,50.200068],[19.414989,50.200298],[19.414873,50.200326],[19.414798,50.200339],[19.414727,50.200347],[19.414531,50.200349],[19.414396,50.200348],[19.414197,50.200347],[19.414114,50.200347],[19.414011,50.200355],[19.413915,50.200371],[19.413837,50.200394],[19.413352,50.200571],[19.413096,50.200662],[19.412923,50.200686],[19.410304,50.200803],[19.410091,50.200808],[19.409077,50.200763],[19.408126,50.20071],[19.407665,50.200676],[19.407273,50.200683],[19.406925,50.200751],[19.406488,50.200888],[19.406146,50.201004],[19.405963,50.201056],[19.405739,50.201099],[19.404878,50.201223],[19.404322,50.201324],[19.403922,50.201388]]},"properties":{"name":"Szczakowska"}},{"type":"Feature","geometry":{"type":"LineString","coordinates":[[19.404292,50.203808],[19.40427,50.203727],[19.404158,50.203523],[19.403894,50.203127],[19.403561,50.202661],[19.403438,50.202475],[19.403401,50.202403],[19.403384,50.202328],[19.403376,50.202232],[19.403403,50.202154],[19.403567,50.202022],[19.403744,50.201881],[19.403809,50.201783],[19.403851,50.201644],[19.403922,50.201388]]},"properties":{"name":"Ciężkowicka"}},{"type":"Feature","geometry":{"type":"LineString","coordinates":[[19.404292,50.203808],[19.404414,50.2039],[19.404482,50.203926],[19.404574,50.20395],[19.405186,50.204045],[19.405535,50.204082],[19.406787,50.204092],[19.406931,50.204069],[19.407183,50.203993],[19.407278,50.203987],[19.408243,50.204223],[19.408868,50.204376],[19.409301,50.204452],[19.409612,50.204507],[19.409873,50.204534],[19.410131,50.204533]]},"properties":{"name":"Stawowa"}},{"type":"Feature","geometry":{"type":"LineString","coordinates":[[19.410131,50.204533],[19.410192,50.20445],[19.410397,50.204169],[19.410909,50.203382],[19.411228,50.202936],[19.412337,50.201243],[19.412473,50.20111],[19.412639,50.200993],[19.412832,50.200873],[19.413036,50.200722],[19.413096,50.200662]]},"properties":{"name":"Stara Maszyna"}},{"type":"Feature","geometry":{"type":"LineString","coordinates":[[19.472866,50.166131],[19.47298,50.166116]]},"properties":{"name":"Jasna"}},{"type":"Feature","geometry":{"type":"LineString","coordinates":[[19.495914,50.183998],[19.496788,50.184067],[19.497713,50.184174],[19.498819,50.184316],[19.500496,50.184527],[19.503864,50.184921],[19.504455,50.185001],[19.504601,50.185015],[19.506575,50.185251],[19.507466,50.185366],[19.507644,50.185386],[19.507911,50.185413],[19.508064,50.185413],[19.508287,50.185403],[19.508609,50.185363],[19.508761,50.185333],[19.509108,50.185233],[19.50943,50.185128],[19.509678,50.185046],[19.50976,50.185028],[19.510011,50.184993],[19.510248,50.18499],[19.510735,50.185014],[19.51136,50.185076],[19.513054,50.185228],[19.51381,50.185304],[19.514311,50.18537],[19.514587,50.185426],[19.514819,50.185498],[19.515139,50.185638],[19.515921,50.186035],[19.519438,50.187453],[19.520539,50.187897],[19.521183,50.188152],[19.521567,50.188392],[19.521777,50.188556],[19.521834,50.188613],[19.524484,50.191268],[19.524954,50.191741],[19.525114,50.191883],[19.525197,50.191955],[19.525287,50.192022],[19.525493,50.192134],[19.525723,50.19222],[19.526354,50.192406],[19.530074,50.193475],[19.530433,50.193578],[19.530702,50.193649],[19.530973,50.193717],[19.531246,50.193765],[19.531592,50.193826],[19.533593,50.194151],[19.53386,50.194194],[19.53511,50.194396],[19.535416,50.194446],[19.535996,50.194537],[19.536482,50.194614],[19.536866,50.19467],[19.537058,50.194688],[19.537393,50.1947],[19.537635,50.194717],[19.5377,50.19474],[19.537746,50.194771],[19.537793,50.194812],[19.537827,50.194856],[19.537861,50.194928],[19.537881,50.195005],[19.537893,50.195074],[19.537896,50.195141],[19.537889,50.195216],[19.537864,50.19529],[19.537796,50.195359],[19.537661,50.195432],[19.537472,50.195496],[19.53707,50.195633],[19.536933,50.195696],[19.536753,50.195799],[19.536593,50.195912],[19.53642,50.196042],[19.536103,50.196338],[19.535933,50.196514],[19.535855,50.196604],[19.535778,50.196706],[19.535743,50.19679],[19.535721,50.196876],[19.535728,50.196959],[19.535749,50.197041],[19.536129,50.197694],[19.536204,50.197808],[19.536282,50.197883],[19.53646,50.197993],[19.536666,50.198074],[19.53684,50.198126],[19.537237,50.198226],[19.537776,50.198355],[19.538112,50.19845],[19.539243,50.198797],[19.539577,50.198889],[19.540089,50.19902],[19.540501,50.199142],[19.541899,50.1996],[19.543165,50.199999],[19.544416,50.200421],[19.544718,50.200507],[19.545038,50.200588],[19.549352,50.201658],[19.549594,50.201716]]},"properties":{"name":"791"}}]}